1,Студент 1,ББМО-01-23,2,4.8,4.68
2,Студент 2,ББМО-01-23,3,3.2,3.4
4,Студент 4,ББМО-01-23,1,3.1,3.32
5,Студент 5,ББМО-01-23,2,3.8,3.88
6,Студент 6,ББМО-01-23,3,4.5,4.44
8,Студент 8,ББМО-01-23,1,4.6,4.52
9,Студент 9,ББМО-01-23,2,5,4.84
10,Студент 10,ББМО-01-23,3,3.2,3.4
13,Студент 13,ББМО-01-23,2,4.9,4.76
15,Студент 15,ББМО-01-23,4,3.9,3.96
16,Студент 16,ББМО-01-23,1,3.9,3.96
17,Студент 17,ББМО-01-23,2,3.8,3.88
18,Студент 18,ББМО-01-23,3,4.8,4.68
19,Студент 19,ББМО-01-23,4,4.6,4.52
20,Студент 20,ББМО-01-23,1,4.5,4.44
21,Студент 21,ББМО-01-23,2,3.2,3.4
23,Студент 23,ББМО-01-23,4,4.7,4.6
24,Студент 24,ББМО-01-23,1,5,4.84
25,Студент 25,ББМО-01-23,2,4.2,4.2
26,Студент 26,ББМО-01-23,3,5,4.84
27,Студент 27,ББМО-01-23,4,3.1,3.32
30,Студент 30,ББМО-01-23,3,3.1,3.32
33,Студент 33,ББМО-01-23,2,3.6,3.72
35,Студент 35,ББМО-01-23,4,3.5,3.64
36,Студент 36,ББМО-01-23,1,4.3,4.28
37,Студент 37,ББМО-01-23,2,4.8,4.68
38,Студент 38,ББМО-01-23,3,3.8,3.88
40,Студент 40,ББМО-01-23,1,3.8,3.88
41,Студент 41,ББМО-01-23,2,3.6,3.72
42,Студент 42,ББМО-01-23,3,4.3,4.28
45,Студент 45,ББМО-01-23,2,3.6,3.72
46,Студент 46,ББМО-01-23,3,3.2,3.4
48,Студент 48,ББМО-01-23,1,4.1,4.12
51,Студент 51,ББМО-01-23,4,3.6,3.72
52,Студент 52,ББМО-01-23,1,3.9,3.96
53,Студент 53,ББМО-01-23,2,4.5,4.44
54,Студент 54,ББМО-01-23,3,4.5,4.44
55,Студент 55,ББМО-01-23,4,4.6,4.52
57,Студент 57,ББМО-01-23,2,3.8,3.88
58,Студент 58,ББМО-01-23,3,4.1,4.12
60,Студент 60,ББМО-01-23,1,3.7,3.8
61,Студент 61,ББМО-01-23,2,3.4,3.56
63,Студент 63,ББМО-01-23,4,4.9,4.76
64,Студент 64,ББМО-01-23,1,3.4,3.56
65,Студент 65,ББМО-01-23,2,3.3,3.48
66,Студент 66,ББМО-01-23,3,3.3,3.48
68,Студент 68,ББМО-01-23,1,4.4,4.36
69,Студент 69,ББМО-01-23,2,3.7,3.8
71,Студент 71,ББМО-01-23,4,4.6,4.52
72,Студент 72,ББМО-01-23,1,3.1,3.32
75,Студент 75,ББМО-01-23,4,3.8,3.88
76,Студент 76,ББМО-01-23,1,5,4.84
77,Студент 77,ББМО-01-23,2,4.8,4.68
78,Студент 78,ББМО-01-23,3,4.3,4.28
79,Студент 79,ББМО-01-23,4,4.3,4.28
80,Студент 80,ББМО-01-23,1,4,4.04
83,Студент 83,ББМО-01-23,4,3.3,3.48
84,Студент 84,ББМО-01-23,1,4.9,4.76
85,Студент 85,ББМО-01-23,2,3.4,3.56
89,Студент 89,ББМО-01-23,2,3.2,3.4
92,Студент 92,ББМО-01-23,1,3.6,3.72
94,Студент 94,ББМО-01-23,3,4.7,4.6
98,Студент 98,ББМО-01-23,3,4.9,4.76
99,Студент 99,ББМО-01-23,4,4.3,4.28
100,Студент 100,ББМО-01-23,1,4.9,4.76
101,Студент 101,ББМО-01-23,2,3.4,3.56
102,Студент 102,ББМО-01-23,3,3.8,3.88
103,Студент 103,ББМО-01-23,4,3.6,3.72
106,Студент 106,ББМО-01-23,3,4.8,4.68
108,Студент 108,ББМО-01-23,1,3.8,3.88
109,Студент 109,ББМО-01-23,2,3.4,3.56
110,Студент 110,ББМО-01-23,3,3.5,3.64
111,Студент 111,ББМО-01-23,4,4.2,4.2
113,Студент 113,ББМО-01-23,2,3.8,3.88
115,Студент 115,ББМО-01-23,4,4.8,4.68
116,Студент 116,ББМО-01-23,1,4.1,4.12
117,Студент 117,ББМО-01-23,2,3.8,3.88
119,Студент 119,ББМО-01-23,4,5,4.84
123,Студент 123,ББМО-01-23,4,4.3,4.28
126,Студент 126,ББМО-01-23,3,3.4,3.56
127,Студент 127,ББМО-01-23,4,4.1,4.12
128,Студент 128,ББМО-01-23,1,3.6,3.72
129,Студент 129,ББМО-01-23,2,3.5,3.64
132,Студент 132,ББМО-01-23,1,3.4,3.56
133,Студент 133,ББМО-01-23,2,3.4,3.56
134,Студент 134,ББМО-01-23,3,3.1,3.32
135,Студент 135,ББМО-01-23,4,3.6,3.72
136,Студент 136,ББМО-01-23,1,4,4.04
137,Студент 137,ББМО-01-23,2,5,4.84
138,Студент 138,ББМО-01-23,3,3.6,3.72
139,Студент 139,ББМО-01-23,4,4.3,4.28
140,Студент 140,ББМО-01-23,1,4.6,4.52
141,Студент 141,ББМО-01-23,2,4.1,4.12
142,Студент 142,ББМО-01-23,3,3.5,3.64
144,Студент 144,ББМО-01-23,1,3.7,3.8
145,Студент 145,ББМО-01-23,2,4,4.04
147,Студент 147,ББМО-01-23,4,3.9,3.96
148,Студент 148,ББМО-01-23,1,4.2,4.2
149,Студент 149,ББМО-01-23,2,3.1,3.32
150,Студент 150,ББМО-01-23,3,3.3,3.48
151,Студент 151,ББМО-01-23,4,4.3,4.28
153,Студент 153,ББМО-01-23,2,4.9,4.76
154,Студент 154,ББМО-01-23,3,3.5,3.64
156,Студент 156,ББМО-01-23,1,4.6,4.52
158,Студент 158,ББМО-01-23,3,4.5,4.44
159,Студент 159,ББМО-01-23,4,4.8,4.68
160,Студент 160,ББМО-01-23,1,3.4,3.56
161,Студент 161,ББМО-01-23,2,4.9,4.76
162,Студент 162,ББМО-01-23,3,4.3,4.28
163,Студент 163,ББМО-01-23,4,3.3,3.48
164,Студент 164,ББМО-01-23,1,4.7,4.6
165,Студент 165,ББМО-01-23,2,4.7,4.6
167,Студент 167,ББМО-01-23,4,3.7,3.8
169,Студент 169,ББМО-01-23,2,3.6,3.72
170,Студент 170,ББМО-01-23,3,4.3,4.28
171,Студент 171,ББМО-01-23,4,4.9,4.76
172,Студент 172,ББМО-01-23,1,4.5,4.44
174,Студент 174,ББМО-01-23,3,4.7,4.6
175,Студент 175,ББМО-01-23,4,3.6,3.72
177,Студент 177,ББМО-01-23,2,3.7,3.8
178,Студент 178,ББМО-01-23,3,3.4,3.56
179,Студент 179,ББМО-01-23,4,4.7,4.6
180,Студент 180,ББМО-01-23,1,4.8,4.68
182,Студент 182,ББМО-01-23,3,4.6,4.52
183,Студент 183,ББМО-01-23,4,4,4.04
184,Студент 184,ББМО-01-23,1,4.8,4.68
186,Студент 186,ББМО-01-23,3,4.3,4.28
187,Студент 187,ББМО-01-23,4,3.9,3.96
188,Студент 188,ББМО-01-23,1,4.8,4.68
189,Студент 189,ББМО-01-23,2,3.6,3.72
193,Студент 193,ББМО-01-23,2,3.4,3.56
195,Студент 195,ББМО-01-23,4,3.8,3.88
196,Студент 196,ББМО-01-23,1,4.3,4.28
197,Студент 197,ББМО-01-23,2,4.8,4.68
198,Студент 198,ББМО-01-23,3,4.9,4.76
199,Студент 199,ББМО-01-23,4,5,4.84
201,Студент 201,ББМО-01-23,2,3.6,3.72
202,Студент 202,ББМО-01-23,3,3.3,3.48
204,Студент 204,ББМО-01-23,1,4.8,4.68
205,Студент 205,ББМО-01-23,2,3.3,3.48
207,Студент 207,ББМО-01-23,4,5,4.84
208,Студент 208,ББМО-01-23,1,4.4,4.36
209,Студент 209,ББМО-01-23,2,3.5,3.64
211,Студент 211,ББМО-01-23,4,4.9,4.76
215,Студент 215,ББМО-01-23,4,3.7,3.8
216,Студент 216,ББМО-01-23,1,4,4.04
217,Студент 217,ББМО-01-23,2,3.2,3.4
220,Студент 220,ББМО-01-23,1,3.1,3.32
224,Студент 224,ББМО-01-23,1,3.5,3.64
225,Студент 225,ББМО-01-23,2,3.6,3.72
227,Студент 227,ББМО-01-23,4,3.3,3.48
228,Студент 228,ББМО-01-23,1,3.6,3.72
229,Студент 229,ББМО-01-23,2,3.5,3.64
230,Студент 230,ББМО-01-23,3,4.1,4.12
231,Студент 231,ББМО-01-23,4,3.8,3.88
233,Студент 233,ББМО-01-23,2,3.7,3.8
235,Студент 235,ББМО-01-23,4,3.8,3.88
236,Студент 236,ББМО-01-23,1,3.7,3.8
237,Студент 237,ББМО-01-23,2,4.4,4.36
238,Студент 238,ББМО-01-23,3,4.6,4.52
240,Студент 240,ББМО-01-23,1,4.6,4.52
243,Студент 243,ББМО-01-23,4,5,4.84
244,Студент 244,ББМО-01-23,1,3.5,3.64
245,Студент 245,ББМО-01-23,2,4.5,4.44
246,Студент 246,ББМО-01-23,3,3.8,3.88
247,Студент 247,ББМО-01-23,4,3.5,3.64
248,Студент 248,ББМО-01-23,1,4.9,4.76
249,Студент 249,ББМО-01-23,2,3.3,3.48
250,Студент 250,ББМО-01-23,3,4.9,4.76
251,Студент 251,ББМО-01-23,4,3.4,3.56
252,Студент 252,ББМО-01-23,1,4.9,4.76
253,Студент 253,ББМО-01-23,2,3.9,3.96
254,Студент 254,ББМО-01-23,3,4.4,4.36
255,Студент 255,ББМО-01-23,4,4.3,4.28
256,Студент 256,ББМО-01-23,1,3.8,3.88
258,Студент 258,ББМО-01-23,3,3.7,3.8
259,Студент 259,ББМО-01-23,4,4.8,4.68
261,Студент 261,ББМО-01-23,2,4.9,4.76
263,Студент 263,ББМО-01-23,4,4.6,4.52
264,Студент 264,ББМО-01-23,1,4.6,4.52
265,Студент 265,ББМО-01-23,2,5,4.84
266,Студент 266,ББМО-01-23,3,3.3,3.48
267,Студент 267,ББМО-01-23,4,3.3,3.48
268,Студент 268,ББМО-01-23,1,3.9,3.96
269,Студент 269,ББМО-01-23,2,3.3,3.48
270,Студент 270,ББМО-01-23,3,4.9,4.76
272,Студент 272,ББМО-01-23,1,4.4,4.36
273,Студент 273,ББМО-01-23,2,4.3,4.28
274,Студент 274,ББМО-01-23,3,3.4,3.56
277,Студент 277,ББМО-01-23,2,4.9,4.76
278,Студент 278,ББМО-01-23,3,4.2,4.2
279,Студент 279,ББМО-01-23,4,4.8,4.68
280,Студент 280,ББМО-01-23,1,3.4,3.56
282,Студент 282,ББМО-01-23,3,3.3,3.48
283,Студент 283,ББМО-01-23,4,3.1,3.32
286,Студент 286,ББМО-01-23,3,4.8,4.68
287,Студент 287,ББМО-01-23,4,5,4.84
288,Студент 288,ББМО-01-23,1,4.8,4.68
291,Студент 291,ББМО-01-23,4,3.8,3.88
292,Студент 292,ББМО-01-23,1,4,4.04
293,Студент 293,ББМО-01-23,2,3.6,3.72
294,Студент 294,ББМО-01-23,3,3.4,3.56
295,Студент 295,ББМО-01-23,4,4.3,4.28
299,Студент 299,ББМО-01-23,4,4.7,4.6
300,Студент 300,ББМО-01-23,1,4.1,4.12
301,Студент 301,ББМО-01-23,2,4.3,4.28
302,Студент 302,ББМО-01-23,3,3.7,3.8
303,Студент 303,ББМО-01-23,4,4.9,4.76
306,Студент 306,ББМО-01-23,3,4.4,4.36
307,Студент 307,ББМО-01-23,4,4.2,4.2
308,Студент 308,ББМО-01-23,1,4.5,4.44
309,Студент 309,ББМО-01-23,2,4.9,4.76
310,Студент 310,ББМО-01-23,3,3.6,3.72
311,Студент 311,ББМО-01-23,4,3.9,3.96
314,Студент 314,ББМО-01-23,3,3.8,3.88
316,Студент 316,ББМО-01-23,1,3.9,3.96
317,Студент 317,ББМО-01-23,2,3.3,3.48
318,Студент 318,ББМО-01-23,3,4.1,4.12
320,Студент 320,ББМО-01-23,1,4.6,4.52
326,Студент 326,ББМО-01-23,3,4.6,4.52
327,Студент 327,ББМО-01-23,4,4.4,4.36
328,Студент 328,ББМО-01-23,1,4,4.04
329,Студент 329,ББМО-01-23,2,4.7,4.6
330,Студент 330,ББМО-01-23,3,4.1,4.12
331,Студент 331,ББМО-01-23,4,4.4,4.36
332,Студент 332,ББМО-01-23,1,4.6,4.52
333,Студент 333,ББМО-01-23,2,4,4.04
336,Студент 336,ББМО-01-23,1,3.2,3.4
337,Студент 337,ББМО-01-23,2,3.1,3.32
338,Студент 338,ББМО-01-23,3,3.6,3.72
339,Студент 339,ББМО-01-23,4,3.2,3.4
340,Студент 340,ББМО-01-23,1,5,4.84
342,Студент 342,ББМО-01-23,3,4,4.04
343,Студент 343,ББМО-01-23,4,4.8,4.68
344,Студент 344,ББМО-01-23,1,4.8,4.68
345,Студент 345,ББМО-01-23,2,3.6,3.72
346,Студент 346,ББМО-01-23,3,3.7,3.8
347,Студент 347,ББМО-01-23,4,3.9,3.96
348,Студент 348,ББМО-01-23,1,5,4.84
349,Студент 349,ББМО-01-23,2,4,4.04
352,Студент 352,ББМО-01-23,1,4.6,4.52
354,Студент 354,ББМО-01-23,3,3.3,3.48
355,Студент 355,ББМО-01-23,4,4.6,4.52
357,Студент 357,ББМО-01-23,2,4.3,4.28
358,Студент 358,ББМО-01-23,3,4.1,4.12
359,Студент 359,ББМО-01-23,4,4.7,4.6
361,Студент 361,ББМО-01-23,2,3.2,3.4
362,Студент 362,ББМО-01-23,3,4.9,4.76
363,Студент 363,ББМО-01-23,4,4.6,4.52
365,Студент 365,ББМО-01-23,2,3.7,3.8
368,Студент 368,ББМО-01-23,1,4.5,4.44
369,Студент 369,ББМО-01-23,2,3.4,3.56
370,Студент 370,ББМО-01-23,3,4.3,4.28
371,Студент 371,ББМО-01-23,4,3.8,3.88
377,Студент 377,ББМО-01-23,2,4.5,4.44
378,Студент 378,ББМО-01-23,3,5,4.84
384,Студент 384,ББМО-01-23,1,4.7,4.6
387,Студент 387,ББМО-01-23,4,4.7,4.6
388,Студент 388,ББМО-01-23,1,4.4,4.36
389,Студент 389,ББМО-01-23,2,3.7,3.8
390,Студент 390,ББМО-01-23,3,3.2,3.4
392,Студент 392,ББМО-01-23,1,3.4,3.56
393,Студент 393,ББМО-01-23,2,4.2,4.2
394,Студент 394,ББМО-01-23,3,3.5,3.64
395,Студент 395,ББМО-01-23,4,5,4.84
396,Студент 396,ББМО-01-23,1,4.5,4.44
398,Студент 398,ББМО-01-23,3,4.5,4.44
400,Студент 400,ББМО-01-23,1,4.7,4.6
401,Студент 401,ББМО-01-23,2,4.2,4.2
402,Студент 402,ББМО-01-23,3,3.5,3.64
405,Студент 405,ББМО-01-23,2,3.1,3.32
407,Студент 407,ББМО-01-23,4,4.6,4.52
411,Студент 411,ББМО-01-23,4,4.3,4.28
412,Студент 412,ББМО-01-23,1,4.1,4.12
413,Студент 413,ББМО-01-23,2,3.7,3.8
415,Студент 415,ББМО-01-23,4,4.6,4.52
416,Студент 416,ББМО-01-23,1,4.2,4.2
418,Студент 418,ББМО-01-23,3,4,4.04
419,Студент 419,ББМО-01-23,4,4.6,4.52
420,Студент 420,ББМО-01-23,1,4.1,4.12
422,Студент 422,ББМО-01-23,3,3.2,3.4
423,Студент 423,ББМО-01-23,4,3.7,3.8
424,Студент 424,ББМО-01-23,1,4.2,4.2
426,Студент 426,ББМО-01-23,3,3.9,3.96
427,Студент 427,ББМО-01-23,4,3.9,3.96
429,Студент 429,ББМО-01-23,2,3.5,3.64
432,Студент 432,ББМО-01-23,1,4.5,4.44
434,Студент 434,ББМО-01-23,3,3.3,3.48
435,Студент 435,ББМО-01-23,4,3.5,3.64
436,Студент 436,ББМО-01-23,1,4.7,4.6
437,Студент 437,ББМО-01-23,2,4.2,4.2
441,Студент 441,ББМО-01-23,2,3.3,3.48
443,Студент 443,ББМО-01-23,4,4.9,4.76
444,Студент 444,ББМО-01-23,1,3.7,3.8
447,Студент 447,ББМО-01-23,4,4.7,4.6
448,Студент 448,ББМО-01-23,1,4.5,4.44
452,Студент 452,ББМО-01-23,1,4.2,4.2
453,Студент 453,ББМО-01-23,2,3.2,3.4
454,Студент 454,ББМО-01-23,3,4.4,4.36
455,Студент 455,ББМО-01-23,4,3.9,3.96
458,Студент 458,ББМО-01-23,3,4.1,4.12
459,Студент 459,ББМО-01-23,4,4.1,4.12
460,Студент 460,ББМО-01-23,1,3.8,3.88
463,Студент 463,ББМО-01-23,4,4.9,4.76
464,Студент 464,ББМО-01-23,1,4.2,4.2
469,Студент 469,ББМО-01-23,2,4.3,4.28
472,Студент 472,ББМО-01-23,1,3.4,3.56
473,Студент 473,ББМО-01-23,2,4.4,4.36
474,Студент 474,ББМО-01-23,3,4.5,4.44
475,Студент 475,ББМО-01-23,4,3.5,3.64
477,Студент 477,ББМО-01-23,2,4.6,4.52
478,Студент 478,ББМО-01-23,3,4.6,4.52
480,Студент 480,ББМО-01-23,1,3.3,3.48
481,Студент 481,ББМО-01-23,2,4.7,4.6
483,Студент 483,ББМО-01-23,4,4.2,4.2
484,Студент 484,ББМО-01-23,1,3.4,3.56
490,Студент 490,ББМО-01-23,3,3.1,3.32
491,Студент 491,ББМО-01-23,4,4.4,4.36
492,Студент 492,ББМО-01-23,1,4.5,4.44
494,Студент 494,ББМО-01-23,3,3.9,3.96
497,Студент 497,ББМО-01-23,2,4,4.04
501,Студент 501,ББМО-01-23,2,3.7,3.8
502,Студент 502,ББМО-01-23,3,3.1,3.32
503,Студент 503,ББМО-01-23,4,3.3,3.48
504,Студент 504,ББМО-01-23,1,3.2,3.4
508,Студент 508,ББМО-01-23,1,4.1,4.12
509,Студент 509,ББМО-01-23,2,4.6,4.52
510,Студент 510,ББМО-01-23,3,4.1,4.12
513,Студент 513,ББМО-01-23,2,3.5,3.64
517,Студент 517,ББМО-01-23,2,4.9,4.76
519,Студент 519,ББМО-01-23,4,3.8,3.88
521,Студент 521,ББМО-01-23,2,4.5,4.44
522,Студент 522,ББМО-01-23,3,4.1,4.12
524,Студент 524,ББМО-01-23,1,3.1,3.32
525,Студент 525,ББМО-01-23,2,4,4.04
526,Студент 526,ББМО-01-23,3,4.2,4.2
528,Студент 528,ББМО-01-23,1,3.1,3.32
529,Студент 529,ББМО-01-23,2,3.8,3.88
530,Студент 530,ББМО-01-23,3,4.3,4.28
531,Студент 531,ББМО-01-23,4,4.8,4.68
532,Студент 532,ББМО-01-23,1,3.4,3.56
533,Студент 533,ББМО-01-23,2,5,4.84
534,Студент 534,ББМО-01-23,3,4.8,4.68
535,Студент 535,ББМО-01-23,4,4.7,4.6
538,Студент 538,ББМО-01-23,3,4.1,4.12
539,Студент 539,ББМО-01-23,4,3.4,3.56
540,Студент 540,ББМО-01-23,1,3.9,3.96
541,Студент 541,ББМО-01-23,2,4.7,4.6
542,Студент 542,ББМО-01-23,3,4.2,4.2
543,Студент 543,ББМО-01-23,4,3.9,3.96
545,Студент 545,ББМО-01-23,2,3.6,3.72
546,Студент 546,ББМО-01-23,3,3.9,3.96
548,Студент 548,ББМО-01-23,1,4.3,4.28
549,Студент 549,ББМО-01-23,2,4,4.04
550,Студент 550,ББМО-01-23,3,4.7,4.6
551,Студент 551,ББМО-01-23,4,4.7,4.6
552,Студент 552,ББМО-01-23,1,3.3,3.48
553,Студент 553,ББМО-01-23,2,4.3,4.28
554,Студент 554,ББМО-01-23,3,4,4.04
555,Студент 555,ББМО-01-23,4,3.8,3.88
557,Студент 557,ББМО-01-23,2,4.3,4.28
560,Студент 560,ББМО-01-23,1,4.5,4.44
561,Студент 561,ББМО-01-23,2,3.9,3.96
562,Студент 562,ББМО-01-23,3,3.5,3.64
563,Студент 563,ББМО-01-23,4,4.5,4.44
564,Студент 564,ББМО-01-23,1,3.5,3.64
566,Студент 566,ББМО-01-23,3,4.6,4.52
568,Студент 568,ББМО-01-23,1,4.3,4.28
569,Студент 569,ББМО-01-23,2,3.3,3.48
570,Студент 570,ББМО-01-23,3,4.5,4.44
573,Студент 573,ББМО-01-23,2,4.6,4.52
574,Студент 574,ББМО-01-23,3,3.4,3.56
575,Студент 575,ББМО-01-23,4,3.1,3.32
576,Студент 576,ББМО-01-23,1,4.9,4.76
577,Студент 577,ББМО-01-23,2,4.8,4.68
578,Студент 578,ББМО-01-23,3,4,4.04
580,Студент 580,ББМО-01-23,1,4.3,4.28
582,Студент 582,ББМО-01-23,3,3.2,3.4
583,Студент 583,ББМО-01-23,4,3.7,3.8
584,Студент 584,ББМО-01-23,1,3.9,3.96
586,Студент 586,ББМО-01-23,3,3.1,3.32
588,Студент 588,ББМО-01-23,1,3.9,3.96
589,Студент 589,ББМО-01-23,2,4.9,4.76
590,Студент 590,ББМО-01-23,3,4.7,4.6
591,Студент 591,ББМО-01-23,4,4.9,4.76
592,Студент 592,ББМО-01-23,1,4.9,4.76
593,Студент 593,ББМО-01-23,2,3.3,3.48
594,Студент 594,ББМО-01-23,3,4,4.04
595,Студент 595,ББМО-01-23,4,3.4,3.56
596,Студент 596,ББМО-01-23,1,3.7,3.8
597,Студент 597,ББМО-01-23,2,4.3,4.28
598,Студент 598,ББМО-01-23,3,4.4,4.36
599,Студент 599,ББМО-01-23,4,3.3,3.48
600,Студент 600,ББМО-01-23,1,3.4,3.56
601,Студент 601,ББМО-01-23,2,3.5,3.64
602,Студент 602,ББМО-01-23,3,4.9,4.76
605,Студент 605,ББМО-01-23,2,3.7,3.8
606,Студент 606,ББМО-01-23,3,3.5,3.64
608,Студент 608,ББМО-01-23,1,4.2,4.2
609,Студент 609,ББМО-01-23,2,4.7,4.6
611,Студент 611,ББМО-01-23,4,4.6,4.52
613,Студент 613,ББМО-01-23,2,4.3,4.28
617,Студент 617,ББМО-01-23,2,4.7,4.6
618,Студент 618,ББМО-01-23,3,4.7,4.6
622,Студент 622,ББМО-01-23,3,4.6,4.52
623,Студент 623,ББМО-01-23,4,4.4,4.36
624,Студент 624,ББМО-01-23,1,4.2,4.2
626,Студент 626,ББМО-01-23,3,4.1,4.12
627,Студент 627,ББМО-01-23,4,3.8,3.88
628,Студент 628,ББМО-01-23,1,3.3,3.48
629,Студент 629,ББМО-01-23,2,3.5,3.64
630,Студент 630,ББМО-01-23,3,3.7,3.8
631,Студент 631,ББМО-01-23,4,3.2,3.4
632,Студент 632,ББМО-01-23,1,3.7,3.8
633,Студент 633,ББМО-01-23,2,3.6,3.72
634,Студент 634,ББМО-01-23,3,3.2,3.4
635,Студент 635,ББМО-01-23,4,3.5,3.64
636,Студент 636,ББМО-01-23,1,3.5,3.64
637,Студент 637,ББМО-01-23,2,3.2,3.4
640,Студент 640,ББМО-01-23,1,4.4,4.36
641,Студент 641,ББМО-01-23,2,4.4,4.36
645,Студент 645,ББМО-01-23,2,3.2,3.4
646,Студент 646,ББМО-01-23,3,5,4.84
647,Студент 647,ББМО-01-23,4,3.9,3.96
650,Студент 650,ББМО-01-23,3,4,4.04
653,Студент 653,ББМО-01-23,2,3.1,3.32
654,Студент 654,ББМО-01-23,3,3.3,3.48
655,Студент 655,ББМО-01-23,4,3.8,3.88
656,Студент 656,ББМО-01-23,1,4.1,4.12
657,Студент 657,ББМО-01-23,2,3.3,3.48
658,Студент 658,ББМО-01-23,3,3.9,3.96
659,Студент 659,ББМО-01-23,4,4.5,4.44
662,Студент 662,ББМО-01-23,3,3.6,3.72
664,Студент 664,ББМО-01-23,1,4.6,4.52
666,Студент 666,ББМО-01-23,3,3.8,3.88
668,Студент 668,ББМО-01-23,1,4.7,4.6
671,Студент 671,ББМО-01-23,4,3.4,3.56
672,Студент 672,ББМО-01-23,1,4.7,4.6
674,Студент 674,ББМО-01-23,3,4.8,4.68
675,Студент 675,ББМО-01-23,4,3.4,3.56
676,Студент 676,ББМО-01-23,1,4.6,4.52
679,Студент 679,ББМО-01-23,4,4.6,4.52
680,Студент 680,ББМО-01-23,1,3.1,3.32
681,Студент 681,ББМО-01-23,2,3.2,3.4
682,Студент 682,ББМО-01-23,3,3.3,3.48
683,Студент 683,ББМО-01-23,4,4.5,4.44
684,Студент 684,ББМО-01-23,1,3.3,3.48
685,Студент 685,ББМО-01-23,2,3.8,3.88
686,Студент 686,ББМО-01-23,3,3.2,3.4
687,Студент 687,ББМО-01-23,4,3.9,3.96
689,Студент 689,ББМО-01-23,2,4.8,4.68
690,Студент 690,ББМО-01-23,3,3.6,3.72
693,Студент 693,ББМО-01-23,2,3.4,3.56
694,Студент 694,ББМО-01-23,3,4.1,4.12
697,Студент 697,ББМО-01-23,2,4,4.04
700,Студент 700,ББМО-01-23,1,4.4,4.36
702,Студент 702,ББМО-01-23,3,3.9,3.96
706,Студент 706,ББМО-01-23,3,3.8,3.88
707,Студент 707,ББМО-01-23,4,3.6,3.72
708,Студент 708,ББМО-01-23,1,4.3,4.28
709,Студент 709,ББМО-01-23,2,4.9,4.76
713,Студент 713,ББМО-01-23,2,3.7,3.8
714,Студент 714,ББМО-01-23,3,4.1,4.12
716,Студент 716,ББМО-01-23,1,4.8,4.68
717,Студент 717,ББМО-01-23,2,3.6,3.72
718,Студент 718,ББМО-01-23,3,4.5,4.44
721,Студент 721,ББМО-01-23,2,3.3,3.48
722,Студент 722,ББМО-01-23,3,4.5,4.44
724,Студент 724,ББМО-01-23,1,4.9,4.76
725,Студент 725,ББМО-01-23,2,4.7,4.6
727,Студент 727,ББМО-01-23,4,4,4.04
730,Студент 730,ББМО-01-23,3,3.5,3.64
731,Студент 731,ББМО-01-23,4,3.6,3.72
732,Студент 732,ББМО-01-23,1,4.7,4.6
733,Студент 733,ББМО-01-23,2,3.9,3.96
735,Студент 735,ББМО-01-23,4,4.5,4.44
736,Студент 736,ББМО-01-23,1,4.5,4.44
737,Студент 737,ББМО-01-23,2,3.1,3.32
739,Студент 739,ББМО-01-23,4,4,4.04
741,Студент 741,ББМО-01-23,2,4.9,4.76
743,Студент 743,ББМО-01-23,4,4,4.04
744,Студент 744,ББМО-01-23,1,4.2,4.2
745,Студент 745,ББМО-01-23,2,3.6,3.72
746,Студент 746,ББМО-01-23,3,3.6,3.72
747,Студент 747,ББМО-01-23,4,4.2,4.2
748,Студент 748,ББМО-01-23,1,5,4.84
749,Студент 749,ББМО-01-23,2,3.4,3.56
750,Студент 750,ББМО-01-23,3,4.3,4.28
751,Студент 751,ББМО-01-23,4,3.2,3.4
752,Студент 752,ББМО-01-23,1,4.4,4.36
753,Студент 753,ББМО-01-23,2,4,4.04
754,Студент 754,ББМО-01-23,3,3.3,3.48
755,Студент 755,ББМО-01-23,4,4,4.04
758,Студент 758,ББМО-01-23,3,4.2,4.2
759,Студент 759,ББМО-01-23,4,4.6,4.52
761,Студент 761,ББМО-01-23,2,4.2,4.2
762,Студент 762,ББМО-01-23,3,4.4,4.36
765,Студент 765,ББМО-01-23,2,4.5,4.44
768,Студент 768,ББМО-01-23,1,4.5,4.44
769,Студент 769,ББМО-01-23,2,3.1,3.32
770,Студент 770,ББМО-01-23,3,3.9,3.96
772,Студент 772,ББМО-01-23,1,4.4,4.36
773,Студент 773,ББМО-01-23,2,4,4.04
774,Студент 774,ББМО-01-23,3,3.2,3.4
776,Студент 776,ББМО-01-23,1,4.7,4.6
777,Студент 777,ББМО-01-23,2,4.8,4.68
778,Студент 778,ББМО-01-23,3,3.3,3.48
782,Студент 782,ББМО-01-23,3,3.4,3.56
783,Студент 783,ББМО-01-23,4,3.9,3.96
787,Студент 787,ББМО-01-23,4,4,4.04
789,Студент 789,ББМО-01-23,2,4.7,4.6
790,Студент 790,ББМО-01-23,3,4.1,4.12
791,Студент 791,ББМО-01-23,4,3.8,3.88
792,Студент 792,ББМО-01-23,1,5,4.84
793,Студент 793,ББМО-01-23,2,4.2,4.2
794,Студент 794,ББМО-01-23,3,3.9,3.96
795,Студент 795,ББМО-01-23,4,4.5,4.44
797,Студент 797,ББМО-01-23,2,4,4.04
798,Студент 798,ББМО-01-23,3,3.8,3.88
802,Студент 802,ББМО-01-23,3,3.3,3.48
804,Студент 804,ББМО-01-23,1,3.9,3.96
805,Студент 805,ББМО-01-23,2,4.7,4.6
807,Студент 807,ББМО-01-23,4,4,4.04
808,Студент 808,ББМО-01-23,1,3.1,3.32
811,Студент 811,ББМО-01-23,4,3.3,3.48
812,Студент 812,ББМО-01-23,1,4.4,4.36
814,Студент 814,ББМО-01-23,3,5,4.84
816,Студент 816,ББМО-01-23,1,3.2,3.4
817,Студент 817,ББМО-01-23,2,3.6,3.72
818,Студент 818,ББМО-01-23,3,4.8,4.68
819,Студент 819,ББМО-01-23,4,3.7,3.8
821,Студент 821,ББМО-01-23,2,4.9,4.76
823,Студент 823,ББМО-01-23,4,3.4,3.56
824,Студент 824,ББМО-01-23,1,4.5,4.44
826,Студент 826,ББМО-01-23,3,3.3,3.48
827,Студент 827,ББМО-01-23,4,4.8,4.68
829,Студент 829,ББМО-01-23,2,4.5,4.44
830,Студент 830,ББМО-01-23,3,4.2,4.2
831,Студент 831,ББМО-01-23,4,4.2,4.2
833,Студент 833,ББМО-01-23,2,4.9,4.76
834,Студент 834,ББМО-01-23,3,3.2,3.4
835,Студент 835,ББМО-01-23,4,3.3,3.48
836,Студент 836,ББМО-01-23,1,3.1,3.32
837,Студент 837,ББМО-01-23,2,4,4.04
838,Студент 838,ББМО-01-23,3,5,4.84
839,Студент 839,ББМО-01-23,4,4.2,4.2
841,Студент 841,ББМО-01-23,2,3.6,3.72
844,Студент 844,ББМО-01-23,1,3.5,3.64
846,Студент 846,ББМО-01-23,3,4.8,4.68
847,Студент 847,ББМО-01-23,4,5,4.84
851,Студент 851,ББМО-01-23,4,3.8,3.88
852,Студент 852,ББМО-01-23,1,4.2,4.2
853,Студент 853,ББМО-01-23,2,4.2,4.2
858,Студент 858,ББМО-01-23,3,4.7,4.6
859,Студент 859,ББМО-01-23,4,3.1,3.32
860,Студент 860,ББМО-01-23,1,3.5,3.64
861,Студент 861,ББМО-01-23,2,3.5,3.64
862,Студент 862,ББМО-01-23,3,3.4,3.56
863,Студент 863,ББМО-01-23,4,3.9,3.96
865,Студент 865,ББМО-01-23,2,3.2,3.4
866,Студент 866,ББМО-01-23,3,3.6,3.72
867,Студент 867,ББМО-01-23,4,3.8,3.88
868,Студент 868,ББМО-01-23,1,5,4.84
871,Студент 871,ББМО-01-23,4,3.6,3.72
874,Студент 874,ББМО-01-23,3,3.1,3.32
876,Студент 876,ББМО-01-23,1,3.5,3.64
879,Студент 879,ББМО-01-23,4,4.5,4.44
880,Студент 880,ББМО-01-23,1,5,4.84
881,Студент 881,ББМО-01-23,2,3.3,3.48
884,Студент 884,ББМО-01-23,1,3.6,3.72
885,Студент 885,ББМО-01-23,2,4,4.04
886,Студент 886,ББМО-01-23,3,4.9,4.76
887,Студент 887,ББМО-01-23,4,3.1,3.32
888,Студент 888,ББМО-01-23,1,4,4.04
889,Студент 889,ББМО-01-23,2,4.8,4.68
890,Студент 890,ББМО-01-23,3,3.6,3.72
891,Студент 891,ББМО-01-23,4,3.9,3.96
892,Студент 892,ББМО-01-23,1,4.8,4.68
893,Студент 893,ББМО-01-23,2,4.9,4.76
894,Студент 894,ББМО-01-23,3,5,4.84
895,Студент 895,ББМО-01-23,4,3.8,3.88
896,Студент 896,ББМО-01-23,1,3.5,3.64
897,Студент 897,ББМО-01-23,2,3.1,3.32
898,Студент 898,ББМО-01-23,3,4.3,4.28
899,Студент 899,ББМО-01-23,4,4.5,4.44
900,Студент 900,ББМО-01-23,1,3.9,3.96
902,Студент 902,ББМО-01-23,3,4.4,4.36
905,Студент 905,ББМО-01-23,2,3.3,3.48
906,Студент 906,ББМО-01-23,3,4,4.04
908,Студент 908,ББМО-01-23,1,3.9,3.96
909,Студент 909,ББМО-01-23,2,4.2,4.2
910,Студент 910,ББМО-01-23,3,4.9,4.76
911,Студент 911,ББМО-01-23,4,4.6,4.52
912,Студент 912,ББМО-01-23,1,3.8,3.88
914,Студент 914,ББМО-01-23,3,4.7,4.6
915,Студент 915,ББМО-01-23,4,4,4.04
916,Студент 916,ББМО-01-23,1,3.6,3.72
918,Студент 918,ББМО-01-23,3,4.4,4.36
919,Студент 919,ББМО-01-23,4,3.5,3.64
920,Студент 920,ББМО-01-23,1,5,4.84
921,Студент 921,ББМО-01-23,2,3.5,3.64
926,Студент 926,ББМО-01-23,3,4.4,4.36
928,Студент 928,ББМО-01-23,1,4.6,4.52
931,Студент 931,ББМО-01-23,4,4.3,4.28
933,Студент 933,ББМО-01-23,2,3.5,3.64
934,Студент 934,ББМО-01-23,3,3.1,3.32
939,Студент 939,ББМО-01-23,4,3.4,3.56
944,Студент 944,ББМО-01-23,1,4.2,4.2
945,Студент 945,ББМО-01-23,2,4.2,4.2
946,Студент 946,ББМО-01-23,3,4.7,4.6
949,Студент 949,ББМО-01-23,2,3.8,3.88
950,Студент 950,ББМО-01-23,3,3.9,3.96
951,Студент 951,ББМО-01-23,4,4.5,4.44
952,Студент 952,ББМО-01-23,1,3.9,3.96
954,Студент 954,ББМО-01-23,3,3.6,3.72
956,Студент 956,ББМО-01-23,1,4.9,4.76
957,Студент 957,ББМО-01-23,2,3.4,3.56
958,Студент 958,ББМО-01-23,3,4.9,4.76
959,Студент 959,ББМО-01-23,4,4.8,4.68
960,Студент 960,ББМО-01-23,1,4,4.04
964,Студент 964,ББМО-01-23,1,4.4,4.36
965,Студент 965,ББМО-01-23,2,4.5,4.44
966,Студент 966,ББМО-01-23,3,3.9,3.96
968,Студент 968,ББМО-01-23,1,4.9,4.76
970,Студент 970,ББМО-01-23,3,3.2,3.4
972,Студент 972,ББМО-01-23,1,4.5,4.44
974,Студент 974,ББМО-01-23,3,4,4.04
975,Студент 975,ББМО-01-23,4,4.1,4.12
976,Студент 976,ББМО-01-23,1,3.7,3.8
979,Студент 979,ББМО-01-23,4,4,4.04
983,Студент 983,ББМО-01-23,4,4.7,4.6
984,Студент 984,ББМО-01-23,1,4.1,4.12
985,Студент 985,ББМО-01-23,2,4.1,4.12
986,Студент 986,ББМО-01-23,3,4.1,4.12
987,Студент 987,ББМО-01-23,4,3.5,3.64
988,Студент 988,ББМО-01-23,1,3.5,3.64
989,Студент 989,ББМО-01-23,2,4,4.04
990,Студент 990,ББМО-01-23,3,3.6,3.72
991,Студент 991,ББМО-01-23,4,3.6,3.72
992,Студент 992,ББМО-01-23,1,5,4.84
993,Студент 993,ББМО-01-23,2,4.3,4.28
995,Студент 995,ББМО-01-23,4,3.6,3.72
996,Студент 996,ББМО-01-23,1,4.5,4.44
997,Студент 997,ББМО-01-23,2,3.5,3.64
1000,Студент 1000,ББМО-01-23,1,3.9,3.96
1001,Студент 1001,ББМО-01-23,2,4.9,4.76
1002,Студент 1002,ББМО-01-23,3,3.3,3.48
1003,Студент 1003,ББМО-01-23,4,4.5,4.44
1004,Студент 1004,ББМО-01-23,1,3.9,3.96
1009,Студент 1009,ББМО-01-23,2,3.5,3.64
1010,Студент 1010,ББМО-01-23,3,3.3,3.48
1011,Студент 1011,ББМО-01-23,4,3.6,3.72
1012,Студент 1012,ББМО-01-23,1,3.7,3.8
1013,Студент 1013,ББМО-01-23,2,4.1,4.12
1014,Студент 1014,ББМО-01-23,3,4.1,4.12
1016,Студент 1016,ББМО-01-23,1,3.2,3.4
1018,Студент 1018,ББМО-01-23,3,3.4,3.56
1020,Студент 1020,ББМО-01-23,1,4.1,4.12
1022,Студент 1022,ББМО-01-23,3,3.3,3.48
1023,Студент 1023,ББМО-01-23,4,4.8,4.68
1024,Студент 1024,ББМО-01-23,1,3.4,3.56
1025,Студент 1025,ББМО-01-23,2,3.5,3.64
1026,Студент 1026,ББМО-01-23,3,3.4,3.56
1027,Студент 1027,ББМО-01-23,4,4.9,4.76
1029,Студент 1029,ББМО-01-23,2,3.2,3.4
1030,Студент 1030,ББМО-01-23,3,3.4,3.56
1031,Студент 1031,ББМО-01-23,4,4.9,4.76
1032,Студент 1032,ББМО-01-23,1,4.9,4.76
1033,Студент 1033,ББМО-01-23,2,4,4.04
1034,Студент 1034,ББМО-01-23,3,4.5,4.44
1035,Студент 1035,ББМО-01-23,4,3.1,3.32
1037,Студент 1037,ББМО-01-23,2,3.2,3.4
1038,Студент 1038,ББМО-01-23,3,3.7,3.8
1040,Студент 1040,ББМО-01-23,1,3.2,3.4
1041,Студент 1041,ББМО-01-23,2,3.1,3.32
1042,Студент 1042,ББМО-01-23,3,4.9,4.76
1044,Студент 1044,ББМО-01-23,1,3.1,3.32
1048,Студент 1048,ББМО-01-23,1,4.5,4.44
1052,Студент 1052,ББМО-01-23,1,3.2,3.4
1053,Студент 1053,ББМО-01-23,2,4.3,4.28
1054,Студент 1054,ББМО-01-23,3,4.3,4.28
1055,Студент 1055,ББМО-01-23,4,3.8,3.88
1056,Студент 1056,ББМО-01-23,1,4.6,4.52
1057,Студент 1057,ББМО-01-23,2,4.5,4.44
1058,Студент 1058,ББМО-01-23,3,3.9,3.96
1061,Студент 1061,ББМО-01-23,2,3.5,3.64
1065,Студент 1065,ББМО-01-23,2,3.1,3.32
1070,Студент 1070,ББМО-01-23,3,4.5,4.44
1071,Студент 1071,ББМО-01-23,4,3.4,3.56
1072,Студент 1072,ББМО-01-23,1,3.2,3.4
1074,Студент 1074,ББМО-01-23,3,4,4.04
1075,Студент 1075,ББМО-01-23,4,4.3,4.28
1077,Студент 1077,ББМО-01-23,2,3.4,3.56
1078,Студент 1078,ББМО-01-23,3,4.4,4.36
1079,Студент 1079,ББМО-01-23,4,4.6,4.52
1080,Студент 1080,ББМО-01-23,1,4.5,4.44
1083,Студент 1083,ББМО-01-23,4,3.8,3.88
1084,Студент 1084,ББМО-01-23,1,3.6,3.72
1085,Студент 1085,ББМО-01-23,2,3.9,3.96
1086,Студент 1086,ББМО-01-23,3,3.7,3.8
1087,Студент 1087,ББМО-01-23,4,3.1,3.32
1089,Студент 1089,ББМО-01-23,2,3.9,3.96
1091,Студент 1091,ББМО-01-23,4,4.2,4.2
1092,Студент 1092,ББМО-01-23,1,4.4,4.36
1095,Студент 1095,ББМО-01-23,4,3.8,3.88
1096,Студент 1096,ББМО-01-23,1,3.9,3.96
1097,Студент 1097,ББМО-01-23,2,3.5,3.64
1098,Студент 1098,ББМО-01-23,3,4.8,4.68
1100,Студент 1100,ББМО-01-23,1,3.1,3.32
1102,Студент 1102,ББМО-01-23,3,4.5,4.44
1104,Студент 1104,ББМО-01-23,1,4.7,4.6
1105,Студент 1105,ББМО-01-23,2,4.8,4.68
1108,Студент 1108,ББМО-01-23,1,4.4,4.36
1109,Студент 1109,ББМО-01-23,2,3.7,3.8
1110,Студент 1110,ББМО-01-23,3,3.3,3.48
1112,Студент 1112,ББМО-01-23,1,3.3,3.48
1114,Студент 1114,ББМО-01-23,3,4.3,4.28
1115,Студент 1115,ББМО-01-23,4,4.1,4.12
1116,Студент 1116,ББМО-01-23,1,4.1,4.12
1117,Студент 1117,ББМО-01-23,2,4.8,4.68
1118,Студент 1118,ББМО-01-23,3,4.9,4.76
1119,Студент 1119,ББМО-01-23,4,4.4,4.36
1121,Студент 1121,ББМО-01-23,2,3.5,3.64
1124,Студент 1124,ББМО-01-23,1,4.3,4.28
1126,Студент 1126,ББМО-01-23,3,4.8,4.68
1129,Студент 1129,ББМО-01-23,2,4.3,4.28
1130,Студент 1130,ББМО-01-23,3,3.2,3.4
1131,Студент 1131,ББМО-01-23,4,4.9,4.76
1132,Студент 1132,ББМО-01-23,1,4.5,4.44
1133,Студент 1133,ББМО-01-23,2,4,4.04
1134,Студент 1134,ББМО-01-23,3,3.3,3.48
1135,Студент 1135,ББМО-01-23,4,3.4,3.56
1136,Студент 1136,ББМО-01-23,1,4.4,4.36
1141,Студент 1141,ББМО-01-23,2,3.8,3.88
1142,Студент 1142,ББМО-01-23,3,3.2,3.4
1150,Студент 1150,ББМО-01-23,3,4.2,4.2
1151,Студент 1151,ББМО-01-23,4,4.4,4.36
1153,Студент 1153,ББМО-01-23,2,3.7,3.8
1158,Студент 1158,ББМО-01-23,3,4.3,4.28
1162,Студент 1162,ББМО-01-23,3,4.2,4.2
1163,Студент 1163,ББМО-01-23,4,3.2,3.4
1164,Студент 1164,ББМО-01-23,1,4.2,4.2
1165,Студент 1165,ББМО-01-23,2,3.7,3.8
1166,Студент 1166,ББМО-01-23,3,3.1,3.32
1167,Студент 1167,ББМО-01-23,4,3.1,3.32
1169,Студент 1169,ББМО-01-23,2,4.3,4.28
1170,Студент 1170,ББМО-01-23,3,3.4,3.56
1171,Студент 1171,ББМО-01-23,4,3.8,3.88
1172,Студент 1172,ББМО-01-23,1,4.1,4.12
1174,Студент 1174,ББМО-01-23,3,4.4,4.36
1175,Студент 1175,ББМО-01-23,4,4.4,4.36
1176,Студент 1176,ББМО-01-23,1,3.9,3.96
1179,Студент 1179,ББМО-01-23,4,3.7,3.8
1180,Студент 1180,ББМО-01-23,1,3.9,3.96
1181,Студент 1181,ББМО-01-23,2,4.2,4.2
1183,Студент 1183,ББМО-01-23,4,4.3,4.28
1185,Студент 1185,ББМО-01-23,2,4.4,4.36
1188,Студент 1188,ББМО-01-23,1,4.1,4.12
1190,Студент 1190,ББМО-01-23,3,4.8,4.68
1191,Студент 1191,ББМО-01-23,4,4.3,4.28
1192,Студент 1192,ББМО-01-23,1,3.3,3.48
1194,Студент 1194,ББМО-01-23,3,3.4,3.56
1195,Студент 1195,ББМО-01-23,4,3.3,3.48
1198,Студент 1198,ББМО-01-23,3,4.4,4.36
1199,Студент 1199,ББМО-01-23,4,4.4,4.36
1200,Студент 1200,ББМО-01-23,1,5,4.84
1201,Студент 1201,ББМО-01-23,2,3.3,3.48
1204,Студент 1204,ББМО-01-23,1,4.5,4.44
1206,Студент 1206,ББМО-01-23,3,4.4,4.36
1207,Студент 1207,ББМО-01-23,4,4.6,4.52
1208,Студент 1208,ББМО-01-23,1,3.7,3.8
1209,Студент 1209,ББМО-01-23,2,3.8,3.88
1210,Студент 1210,ББМО-01-23,3,3.4,3.56
1211,Студент 1211,ББМО-01-23,4,4.2,4.2
1214,Студент 1214,ББМО-01-23,3,3.5,3.64
1218,Студент 1218,ББМО-01-23,3,3.6,3.72
1219,Студент 1219,ББМО-01-23,4,3.7,3.8
1221,Студент 1221,ББМО-01-23,2,4,4.04
1223,Студент 1223,ББМО-01-23,4,4.8,4.68
1225,Студент 1225,ББМО-01-23,2,4.4,4.36
1226,Студент 1226,ББМО-01-23,3,3.2,3.4
1227,Студент 1227,ББМО-01-23,4,3.8,3.88
1228,Студент 1228,ББМО-01-23,1,3.9,3.96
1229,Студент 1229,ББМО-01-23,2,4.6,4.52
1230,Студент 1230,ББМО-01-23,3,4.6,4.52
1231,Студент 1231,ББМО-01-23,4,4,4.04
1236,Студент 1236,ББМО-01-23,1,3.4,3.56
1239,Студент 1239,ББМО-01-23,4,4.8,4.68
1240,Студент 1240,ББМО-01-23,1,3.9,3.96
1242,Студент 1242,ББМО-01-23,3,4.3,4.28
1244,Студент 1244,ББМО-01-23,1,3.1,3.32
1246,Студент 1246,ББМО-01-23,3,3.9,3.96
1247,Студент 1247,ББМО-01-23,4,4.7,4.6
1248,Студент 1248,ББМО-01-23,1,3.9,3.96
1249,Студент 1249,ББМО-01-23,2,4.6,4.52
1250,Студент 1250,ББМО-01-23,3,3.9,3.96
1252,Студент 1252,ББМО-01-23,1,3.4,3.56
1253,Студент 1253,ББМО-01-23,2,4.2,4.2
1254,Студент 1254,ББМО-01-23,3,3.3,3.48
1257,Студент 1257,ББМО-01-23,2,4,4.04
1258,Студент 1258,ББМО-01-23,3,4.4,4.36
1260,Студент 1260,ББМО-01-23,1,3.9,3.96
1261,Студент 1261,ББМО-01-23,2,4.8,4.68
1262,Студент 1262,ББМО-01-23,3,3.5,3.64
1263,Студент 1263,ББМО-01-23,4,4.1,4.12
1264,Студент 1264,ББМО-01-23,1,3.2,3.4
1268,Студент 1268,ББМО-01-23,1,4.1,4.12
1269,Студент 1269,ББМО-01-23,2,3.3,3.48
1270,Студент 1270,ББМО-01-23,3,3.6,3.72
1271,Студент 1271,ББМО-01-23,4,3.5,3.64
1272,Студент 1272,ББМО-01-23,1,4.2,4.2
1274,Студент 1274,ББМО-01-23,3,4.2,4.2
1275,Студент 1275,ББМО-01-23,4,3.6,3.72
1278,Студент 1278,ББМО-01-23,3,4.9,4.76
1279,Студент 1279,ББМО-01-23,4,3.4,3.56
1280,Студент 1280,ББМО-01-23,1,3.7,3.8
1282,Студент 1282,ББМО-01-23,3,4.7,4.6
1283,Студент 1283,ББМО-01-23,4,3.8,3.88
1285,Студент 1285,ББМО-01-23,2,5,4.84
1286,Студент 1286,ББМО-01-23,3,4.4,4.36
1287,Студент 1287,ББМО-01-23,4,3.7,3.8
1288,Студент 1288,ББМО-01-23,1,4.1,4.12
1289,Студент 1289,ББМО-01-23,2,3.5,3.64
1290,Студент 1290,ББМО-01-23,3,4.8,4.68
1291,Студент 1291,ББМО-01-23,4,3.5,3.64
1292,Студент 1292,ББМО-01-23,1,3.7,3.8
1294,Студент 1294,ББМО-01-23,3,3.5,3.64
1298,Студент 1298,ББМО-01-23,3,3.9,3.96
1299,Студент 1299,ББМО-01-23,4,3.1,3.32
1300,Студент 1300,ББМО-01-23,1,4.8,4.68
1301,Студент 1301,ББМО-01-23,2,3.2,3.4
1302,Студент 1302,ББМО-01-23,3,3.3,3.48
1303,Студент 1303,ББМО-01-23,4,4.4,4.36
1307,Студент 1307,ББМО-01-23,4,3.5,3.64
1308,Студент 1308,ББМО-01-23,1,3.6,3.72
1309,Студент 1309,ББМО-01-23,2,3.2,3.4
1312,Студент 1312,ББМО-01-23,1,3.1,3.32
1314,Студент 1314,ББМО-01-23,3,4.4,4.36
1315,Студент 1315,ББМО-01-23,4,4.3,4.28
1316,Студент 1316,ББМО-01-23,1,4.7,4.6
1317,Студент 1317,ББМО-01-23,2,3.7,3.8
1318,Студент 1318,ББМО-01-23,3,4.5,4.44
1319,Студент 1319,ББМО-01-23,4,3.8,3.88
1320,Студент 1320,ББМО-01-23,1,4.4,4.36
1321,Студент 1321,ББМО-01-23,2,3.8,3.88
1322,Студент 1322,ББМО-01-23,3,4.2,4.2
1323,Студент 1323,ББМО-01-23,4,3.6,3.72
1325,Студент 1325,ББМО-01-23,2,4.9,4.76
1326,Студент 1326,ББМО-01-23,3,4.2,4.2
1328,Студент 1328,ББМО-01-23,1,3.3,3.48
1329,Студент 1329,ББМО-01-23,2,3.9,3.96
1330,Студент 1330,ББМО-01-23,3,5,4.84
1331,Студент 1331,ББМО-01-23,4,5,4.84
1332,Студент 1332,ББМО-01-23,1,4.1,4.12
1333,Студент 1333,ББМО-01-23,2,3.9,3.96
1335,Студент 1335,ББМО-01-23,4,4.2,4.2
1336,Студент 1336,ББМО-01-23,1,4.6,4.52
1337,Студент 1337,ББМО-01-23,2,4.1,4.12
1338,Студент 1338,ББМО-01-23,3,4.9,4.76
1339,Студент 1339,ББМО-01-23,4,3.6,3.72
1341,Студент 1341,ББМО-01-23,2,3.9,3.96
1342,Студент 1342,ББМО-01-23,3,4.7,4.6
1344,Студент 1344,ББМО-01-23,1,4.6,4.52
1347,Студент 1347,ББМО-01-23,4,3.6,3.72
1348,Студент 1348,ББМО-01-23,1,3.9,3.96
1350,Студент 1350,ББМО-01-23,3,3.8,3.88
1351,Студент 1351,ББМО-01-23,4,3.4,3.56
1352,Студент 1352,ББМО-01-23,1,3.1,3.32
1354,Студент 1354,ББМО-01-23,3,4.9,4.76
1356,Студент 1356,ББМО-01-23,1,4.1,4.12
1357,Студент 1357,ББМО-01-23,2,3.9,3.96
1359,Студент 1359,ББМО-01-23,4,3.6,3.72
1361,Студент 1361,ББМО-01-23,2,3.9,3.96
1362,Студент 1362,ББМО-01-23,3,3.8,3.88
1365,Студент 1365,ББМО-01-23,2,4.8,4.68
1367,Студент 1367,ББМО-01-23,4,3.3,3.48
1368,Студент 1368,ББМО-01-23,1,3.8,3.88
1370,Студент 1370,ББМО-01-23,3,4.8,4.68
1371,Студент 1371,ББМО-01-23,4,4.4,4.36
1372,Студент 1372,ББМО-01-23,1,4.8,4.68
1373,Студент 1373,ББМО-01-23,2,3.4,3.56
1375,Студент 1375,ББМО-01-23,4,3.2,3.4
1377,Студент 1377,ББМО-01-23,2,4.8,4.68
1379,Студент 1379,ББМО-01-23,4,3.3,3.48
1381,Студент 1381,ББМО-01-23,2,3.9,3.96
1382,Студент 1382,ББМО-01-23,3,3.4,3.56
1383,Студент 1383,ББМО-01-23,4,4.7,4.6
1387,Студент 1387,ББМО-01-23,4,4.4,4.36
1390,Студент 1390,ББМО-01-23,3,3.5,3.64
1394,Студент 1394,ББМО-01-23,3,4.2,4.2
1395,Студент 1395,ББМО-01-23,4,4.6,4.52
1396,Студент 1396,ББМО-01-23,1,3.1,3.32
1398,Студент 1398,ББМО-01-23,3,4.6,4.52
1399,Студент 1399,ББМО-01-23,4,4.4,4.36
1401,Студент 1401,ББМО-01-23,2,3.6,3.72
1402,Студент 1402,ББМО-01-23,3,3.5,3.64
1403,Студент 1403,ББМО-01-23,4,3.3,3.48
1404,Студент 1404,ББМО-01-23,1,4.7,4.6
1405,Студент 1405,ББМО-01-23,2,3.2,3.4
1406,Студент 1406,ББМО-01-23,3,3.5,3.64
1408,Студент 1408,ББМО-01-23,1,4,4.04
1409,Студент 1409,ББМО-01-23,2,4.7,4.6
1411,Студент 1411,ББМО-01-23,4,3.6,3.72
1412,Студент 1412,ББМО-01-23,1,3.7,3.8
1414,Студент 1414,ББМО-01-23,3,3.2,3.4
1415,Студент 1415,ББМО-01-23,4,3.2,3.4
1416,Студент 1416,ББМО-01-23,1,3.5,3.64
1417,Студент 1417,ББМО-01-23,2,4,4.04
1419,Студент 1419,ББМО-01-23,4,3.3,3.48
1420,Студент 1420,ББМО-01-23,1,3.7,3.8
1421,Студент 1421,ББМО-01-23,2,4,4.04
1424,Студент 1424,ББМО-01-23,1,3.1,3.32
1425,Студент 1425,ББМО-01-23,2,4.1,4.12
1426,Студент 1426,ББМО-01-23,3,4.7,4.6
1433,Студент 1433,ББМО-01-23,2,3.7,3.8
1435,Студент 1435,ББМО-01-23,4,4,4.04
1436,Студент 1436,ББМО-01-23,1,4.3,4.28
1437,Студент 1437,ББМО-01-23,2,4.4,4.36
1438,Студент 1438,ББМО-01-23,3,4.1,4.12
1439,Студент 1439,ББМО-01-23,4,4.6,4.52
1440,Студент 1440,ББМО-01-23,1,3.3,3.48
1441,Студент 1441,ББМО-01-23,2,3.7,3.8
1443,Студент 1443,ББМО-01-23,4,4.1,4.12
1444,Студент 1444,ББМО-01-23,1,3.2,3.4
1446,Студент 1446,ББМО-01-23,3,5,4.84
1447,Студент 1447,ББМО-01-23,4,3.9,3.96
1450,Студент 1450,ББМО-01-23,3,3.9,3.96
1453,Студент 1453,ББМО-01-23,2,4.4,4.36
1455,Студент 1455,ББМО-01-23,4,3.6,3.72
1456,Студент 1456,ББМО-01-23,1,3.2,3.4
1458,Студент 1458,ББМО-01-23,3,3.1,3.32
1459,Студент 1459,ББМО-01-23,4,3.7,3.8
1460,Студент 1460,ББМО-01-23,1,4.3,4.28
1461,Студент 1461,ББМО-01-23,2,4.6,4.52
1462,Студент 1462,ББМО-01-23,3,4.3,4.28
1464,Студент 1464,ББМО-01-23,1,3.5,3.64
1467,Студент 1467,ББМО-01-23,4,4.4,4.36
1471,Студент 1471,ББМО-01-23,4,4.4,4.36
1472,Студент 1472,ББМО-01-23,1,3.7,3.8
1477,Студент 1477,ББМО-01-23,2,4.8,4.68
1479,Студент 1479,ББМО-01-23,4,3.8,3.88
1480,Студент 1480,ББМО-01-23,1,3.9,3.96
1483,Студент 1483,ББМО-01-23,4,4,4.04
1484,Студент 1484,ББМО-01-23,1,4.3,4.28
1486,Студент 1486,ББМО-01-23,3,3.8,3.88
1487,Студент 1487,ББМО-01-23,4,3.6,3.72
1488,Студент 1488,ББМО-01-23,1,4.8,4.68
1489,Студент 1489,ББМО-01-23,2,3.8,3.88
1492,Студент 1492,ББМО-01-23,1,3.4,3.56
1493,Студент 1493,ББМО-01-23,2,3.5,3.64
1496,Студент 1496,ББМО-01-23,1,3.7,3.8
1497,Студент 1497,ББМО-01-23,2,3.2,3.4
1498,Студент 1498,ББМО-01-23,3,3.9,3.96
1500,Студент 1500,ББМО-01-23,1,3.1,3.32
1502,Студент 1502,ББМО-01-23,3,4.2,4.2
1503,Студент 1503,ББМО-01-23,4,4.4,4.36
1504,Студент 1504,ББМО-01-23,1,3.4,3.56
1506,Студент 1506,ББМО-01-23,3,4,4.04
1509,Студент 1509,ББМО-01-23,2,4.3,4.28
1511,Студент 1511,ББМО-01-23,4,4.5,4.44
1512,Студент 1512,ББМО-01-23,1,3.2,3.4
1513,Студент 1513,ББМО-01-23,2,4.2,4.2
1516,Студент 1516,ББМО-01-23,1,3.2,3.4
1519,Студент 1519,ББМО-01-23,4,4.9,4.76
1520,Студент 1520,ББМО-01-23,1,3.6,3.72
1521,Студент 1521,ББМО-01-23,2,3.5,3.64
1522,Студент 1522,ББМО-01-23,3,4.5,4.44
1525,Студент 1525,ББМО-01-23,2,4.6,4.52
1527,Студент 1527,ББМО-01-23,4,4,4.04
1529,Студент 1529,ББМО-01-23,2,4.9,4.76
1530,Студент 1530,ББМО-01-23,3,4.1,4.12
1532,Студент 1532,ББМО-01-23,1,3.7,3.8
1533,Студент 1533,ББМО-01-23,2,4.5,4.44
1534,Студент 1534,ББМО-01-23,3,3.6,3.72
1536,Студент 1536,ББМО-01-23,1,3.6,3.72
1537,Студент 1537,ББМО-01-23,2,3.8,3.88
1538,Студент 1538,ББМО-01-23,3,4.2,4.2
1542,Студент 1542,ББМО-01-23,3,3.8,3.88
1545,Студент 1545,ББМО-01-23,2,4.2,4.2
1547,Студент 1547,ББМО-01-23,4,4.5,4.44
1548,Студент 1548,ББМО-01-23,1,3.3,3.48
1549,Студент 1549,ББМО-01-23,2,3.7,3.8
1550,Студент 1550,ББМО-01-23,3,3.6,3.72
1554,Студент 1554,ББМО-01-23,3,3.3,3.48
1555,Студент 1555,ББМО-01-23,4,3.5,3.64
1559,Студент 1559,ББМО-01-23,4,4.3,4.28
1560,Студент 1560,ББМО-01-23,1,3.2,3.4
1561,Студент 1561,ББМО-01-23,2,3.2,3.4
1562,Студент 1562,ББМО-01-23,3,3.6,3.72
1563,Студент 1563,ББМО-01-23,4,4.8,4.68
1564,Студент 1564,ББМО-01-23,1,3.2,3.4
1568,Студент 1568,ББМО-01-23,1,4.3,4.28
1569,Студент 1569,ББМО-01-23,2,3.4,3.56
1570,Студент 1570,ББМО-01-23,3,4.1,4.12
1571,Студент 1571,ББМО-01-23,4,3.6,3.72
1572,Студент 1572,ББМО-01-23,1,4.2,4.2
1573,Студент 1573,ББМО-01-23,2,3.3,3.48
1574,Студент 1574,ББМО-01-23,3,5,4.84
1575,Студент 1575,ББМО-01-23,4,4.5,4.44
1577,Студент 1577,ББМО-01-23,2,4.5,4.44
1578,Студент 1578,ББМО-01-23,3,3.2,3.4
1580,Студент 1580,ББМО-01-23,1,3.7,3.8
1581,Студент 1581,ББМО-01-23,2,4.7,4.6
1585,Студент 1585,ББМО-01-23,2,4.6,4.52
1586,Студент 1586,ББМО-01-23,3,3.7,3.8
1587,Студент 1587,ББМО-01-23,4,4.9,4.76
1588,Студент 1588,ББМО-01-23,1,3.2,3.4
1589,Студент 1589,ББМО-01-23,2,4.6,4.52
1590,Студент 1590,ББМО-01-23,3,3.7,3.8
1591,Студент 1591,ББМО-01-23,4,3.8,3.88
1593,Студент 1593,ББМО-01-23,2,4.3,4.28
1594,Студент 1594,ББМО-01-23,3,3.5,3.64
1601,Студент 1601,ББМО-01-23,2,4.3,4.28
1605,Студент 1605,ББМО-01-23,2,3.2,3.4
1608,Студент 1608,ББМО-01-23,1,4.1,4.12
1611,Студент 1611,ББМО-01-23,4,4.2,4.2
1612,Студент 1612,ББМО-01-23,1,4,4.04
1619,Студент 1619,ББМО-01-23,4,3.1,3.32
1620,Студент 1620,ББМО-01-23,1,4.8,4.68
1621,Студент 1621,ББМО-01-23,2,5,4.84
1622,Студент 1622,ББМО-01-23,3,4.9,4.76
1623,Студент 1623,ББМО-01-23,4,4.4,4.36
1624,Студент 1624,ББМО-01-23,1,3.6,3.72
1625,Студент 1625,ББМО-01-23,2,3.4,3.56
1627,Студент 1627,ББМО-01-23,4,3.5,3.64
1628,Студент 1628,ББМО-01-23,1,4.9,4.76
1629,Студент 1629,ББМО-01-23,2,3.1,3.32
1630,Студент 1630,ББМО-01-23,3,3.2,3.4
1632,Студент 1632,ББМО-01-23,1,3.1,3.32
1634,Студент 1634,ББМО-01-23,3,4.7,4.6
1635,Студент 1635,ББМО-01-23,4,4.8,4.68
1636,Студент 1636,ББМО-01-23,1,4,4.04
1637,Студент 1637,ББМО-01-23,2,3.2,3.4
1639,Студент 1639,ББМО-01-23,4,3.5,3.64
1641,Студент 1641,ББМО-01-23,2,3.6,3.72
1642,Студент 1642,ББМО-01-23,3,4.3,4.28
1644,Студент 1644,ББМО-01-23,1,4.3,4.28
1645,Студент 1645,ББМО-01-23,2,3.2,3.4
1647,Студент 1647,ББМО-01-23,4,3.3,3.48
1648,Студент 1648,ББМО-01-23,1,3.8,3.88
1649,Студент 1649,ББМО-01-23,2,4,4.04
1650,Студент 1650,ББМО-01-23,3,4.1,4.12
1651,Студент 1651,ББМО-01-23,4,3.2,3.4
1652,Студент 1652,ББМО-01-23,1,4.1,4.12
1653,Студент 1653,ББМО-01-23,2,3.7,3.8
1654,Студент 1654,ББМО-01-23,3,3.8,3.88
1655,Студент 1655,ББМО-01-23,4,3.1,3.32
1656,Студент 1656,ББМО-01-23,1,4.1,4.12
1657,Студент 1657,ББМО-01-23,2,4,4.04
1658,Студент 1658,ББМО-01-23,3,3.4,3.56
1659,Студент 1659,ББМО-01-23,4,3.1,3.32
1660,Студент 1660,ББМО-01-23,1,3.9,3.96
1670,Студент 1670,ББМО-01-23,3,3.5,3.64
1671,Студент 1671,ББМО-01-23,4,4.5,4.44
1672,Студент 1672,ББМО-01-23,1,3.1,3.32
1673,Студент 1673,ББМО-01-23,2,4.3,4.28
1675,Студент 1675,ББМО-01-23,4,4.2,4.2
1677,Студент 1677,ББМО-01-23,2,4.1,4.12
1678,Студент 1678,ББМО-01-23,3,4.5,4.44
1679,Студент 1679,ББМО-01-23,4,4,4.04
1681,Студент 1681,ББМО-01-23,2,4.5,4.44
1682,Студент 1682,ББМО-01-23,3,3.8,3.88
1683,Студент 1683,ББМО-01-23,4,4,4.04
1684,Студент 1684,ББМО-01-23,1,4.9,4.76
1685,Студент 1685,ББМО-01-23,2,4.7,4.6
1690,Студент 1690,ББМО-01-23,3,4.7,4.6
1693,Студент 1693,ББМО-01-23,2,3.4,3.56
1694,Студент 1694,ББМО-01-23,3,3.4,3.56
1695,Студент 1695,ББМО-01-23,4,3.7,3.8
1696,Студент 1696,ББМО-01-23,1,3.5,3.64
1697,Студент 1697,ББМО-01-23,2,3.9,3.96
1699,Студент 1699,ББМО-01-23,4,4.1,4.12
1700,Студент 1700,ББМО-01-23,1,3.6,3.72
1702,Студент 1702,ББМО-01-23,3,3.7,3.8
1704,Студент 1704,ББМО-01-23,1,3.7,3.8
1705,Студент 1705,ББМО-01-23,2,4.7,4.6
1706,Студент 1706,ББМО-01-23,3,3.8,3.88
1709,Студент 1709,ББМО-01-23,2,3.2,3.4
1710,Студент 1710,ББМО-01-23,3,3.6,3.72
1711,Студент 1711,ББМО-01-23,4,3.2,3.4
1712,Студент 1712,ББМО-01-23,1,3.5,3.64
1714,Студент 1714,ББМО-01-23,3,4.6,4.52
1715,Студент 1715,ББМО-01-23,4,3.9,3.96
1716,Студент 1716,ББМО-01-23,1,4,4.04
1719,Студент 1719,ББМО-01-23,4,4.9,4.76
1721,Студент 1721,ББМО-01-23,2,3.8,3.88
1722,Студент 1722,ББМО-01-23,3,4.4,4.36
1723,Студент 1723,ББМО-01-23,4,4.1,4.12
1725,Студент 1725,ББМО-01-23,2,4.1,4.12
1726,Студент 1726,ББМО-01-23,3,4.5,4.44
1729,Студент 1729,ББМО-01-23,2,4.6,4.52
1732,Студент 1732,ББМО-01-23,1,4.2,4.2
1733,Студент 1733,ББМО-01-23,2,3.9,3.96
1735,Студент 1735,ББМО-01-23,4,4.6,4.52
1736,Студент 1736,ББМО-01-23,1,3.9,3.96
1737,Студент 1737,ББМО-01-23,2,3.4,3.56
1738,Студент 1738,ББМО-01-23,3,3.3,3.48
1739,Студент 1739,ББМО-01-23,4,4.9,4.76
1740,Студент 1740,ББМО-01-23,1,4.9,4.76
1741,Студент 1741,ББМО-01-23,2,4.8,4.68
1743,Студент 1743,ББМО-01-23,4,4.1,4.12
1746,Студент 1746,ББМО-01-23,3,4.3,4.28
1747,Студент 1747,ББМО-01-23,4,4.9,4.76
1748,Студент 1748,ББМО-01-23,1,3.7,3.8
1749,Студент 1749,ББМО-01-23,2,4.8,4.68
1750,Студент 1750,ББМО-01-23,3,3.1,3.32
1751,Студент 1751,ББМО-01-23,4,3.5,3.64
1752,Студент 1752,ББМО-01-23,1,4.9,4.76
1753,Студент 1753,ББМО-01-23,2,4.8,4.68
1757,Студент 1757,ББМО-01-23,2,3.3,3.48
1758,Студент 1758,ББМО-01-23,3,3.3,3.48
1759,Студент 1759,ББМО-01-23,4,3.1,3.32
1761,Студент 1761,ББМО-01-23,2,4.3,4.28
1762,Студент 1762,ББМО-01-23,3,4.7,4.6
1763,Студент 1763,ББМО-01-23,4,4.7,4.6
1764,Студент 1764,ББМО-01-23,1,3.5,3.64
1765,Студент 1765,ББМО-01-23,2,3.8,3.88
1766,Студент 1766,ББМО-01-23,3,4.7,4.6
1767,Студент 1767,ББМО-01-23,4,3.5,3.64
1769,Студент 1769,ББМО-01-23,2,4.5,4.44
1772,Студент 1772,ББМО-01-23,1,3.8,3.88
1773,Студент 1773,ББМО-01-23,2,3.7,3.8
1778,Студент 1778,ББМО-01-23,3,4,4.04
1779,Студент 1779,ББМО-01-23,4,3.6,3.72
1781,Студент 1781,ББМО-01-23,2,3.5,3.64
1782,Студент 1782,ББМО-01-23,3,3.1,3.32
1784,Студент 1784,ББМО-01-23,1,4.8,4.68
1786,Студент 1786,ББМО-01-23,3,3.8,3.88
1787,Студент 1787,ББМО-01-23,4,3.6,3.72
1788,Студент 1788,ББМО-01-23,1,3.2,3.4
1789,Студент 1789,ББМО-01-23,2,4.7,4.6
1791,Студент 1791,ББМО-01-23,4,4.5,4.44
1794,Студент 1794,ББМО-01-23,3,4.3,4.28
1796,Студент 1796,ББМО-01-23,1,4.2,4.2
1797,Студент 1797,ББМО-01-23,2,3.4,3.56
1799,Студент 1799,ББМО-01-23,4,4.4,4.36
1800,Студент 1800,ББМО-01-23,1,4,4.04
1801,Студент 1801,ББМО-01-23,2,3.8,3.88
1802,Студент 1802,ББМО-01-23,3,3.5,3.64
1804,Студент 1804,ББМО-01-23,1,4.9,4.76
1808,Студент 1808,ББМО-01-23,1,4.4,4.36
1809,Студент 1809,ББМО-01-23,2,4.5,4.44
1810,Студент 1810,ББМО-01-23,3,3.5,3.64
1811,Студент 1811,ББМО-01-23,4,4.6,4.52
1812,Студент 1812,ББМО-01-23,1,3.8,3.88
1814,Студент 1814,ББМО-01-23,3,3.9,3.96
1815,Студент 1815,ББМО-01-23,4,4.2,4.2
1816,Студент 1816,ББМО-01-23,1,3.4,3.56
1817,Студент 1817,ББМО-01-23,2,3.8,3.88
1818,Студент 1818,ББМО-01-23,3,4.6,4.52
1821,Студент 1821,ББМО-01-23,2,4.3,4.28
1822,Студент 1822,ББМО-01-23,3,3.5,3.64
1824,Студент 1824,ББМО-01-23,1,4.2,4.2
1826,Студент 1826,ББМО-01-23,3,3.8,3.88
1828,Студент 1828,ББМО-01-23,1,4.3,4.28
1829,Студент 1829,ББМО-01-23,2,4.6,4.52
1830,Студент 1830,ББМО-01-23,3,4.3,4.28
1831,Студент 1831,ББМО-01-23,4,3.6,3.72
1832,Студент 1832,ББМО-01-23,1,3.7,3.8
1833,Студент 1833,ББМО-01-23,2,4.6,4.52
1834,Студент 1834,ББМО-01-23,3,4.3,4.28
1835,Студент 1835,ББМО-01-23,4,4.5,4.44
1836,Студент 1836,ББМО-01-23,1,4.5,4.44
1837,Студент 1837,ББМО-01-23,2,3.4,3.56
1838,Студент 1838,ББМО-01-23,3,3.7,3.8
1839,Студент 1839,ББМО-01-23,4,3.4,3.56
1841,Студент 1841,ББМО-01-23,2,3.5,3.64
1843,Студент 1843,ББМО-01-23,4,3.5,3.64
1844,Студент 1844,ББМО-01-23,1,3.4,3.56
1845,Студент 1845,ББМО-01-23,2,4.1,4.12
1846,Студент 1846,ББМО-01-23,3,4.3,4.28
1847,Студент 1847,ББМО-01-23,4,4,4.04
1850,Студент 1850,ББМО-01-23,3,4.6,4.52
1851,Студент 1851,ББМО-01-23,4,4.2,4.2
1853,Студент 1853,ББМО-01-23,2,3.3,3.48
1854,Студент 1854,ББМО-01-23,3,4,4.04
1856,Студент 1856,ББМО-01-23,1,4.9,4.76
1857,Студент 1857,ББМО-01-23,2,3.9,3.96
1859,Студент 1859,ББМО-01-23,4,4.6,4.52
1861,Студент 1861,ББМО-01-23,2,4.6,4.52
1863,Студент 1863,ББМО-01-23,4,4.6,4.52
1865,Студент 1865,ББМО-01-23,2,3.9,3.96
1868,Студент 1868,ББМО-01-23,1,4.6,4.52
1869,Студент 1869,ББМО-01-23,2,3.1,3.32
1870,Студент 1870,ББМО-01-23,3,3.2,3.4
1871,Студент 1871,ББМО-01-23,4,3.9,3.96
1873,Студент 1873,ББМО-01-23,2,4.4,4.36
1874,Студент 1874,ББМО-01-23,3,3.5,3.64
1876,Студент 1876,ББМО-01-23,1,4.8,4.68
1877,Студент 1877,ББМО-01-23,2,4.4,4.36
1878,Студент 1878,ББМО-01-23,3,3.3,3.48
1879,Студент 1879,ББМО-01-23,4,3.5,3.64
1880,Студент 1880,ББМО-01-23,1,5,4.84
1881,Студент 1881,ББМО-01-23,2,4.6,4.52
1884,Студент 1884,ББМО-01-23,1,4.4,4.36
1885,Студент 1885,ББМО-01-23,2,3.5,3.64
1891,Студент 1891,ББМО-01-23,4,4.9,4.76
1892,Студент 1892,ББМО-01-23,1,4,4.04
1893,Студент 1893,ББМО-01-23,2,5,4.84
1895,Студент 1895,ББМО-01-23,4,3.2,3.4
1896,Студент 1896,ББМО-01-23,1,3.3,3.48
1897,Студент 1897,ББМО-01-23,2,3.5,3.64
1900,Студент 1900,ББМО-01-23,1,4.4,4.36
1901,Студент 1901,ББМО-01-23,2,3.4,3.56
1902,Студент 1902,ББМО-01-23,3,3.7,3.8
1905,Студент 1905,ББМО-01-23,2,4.4,4.36
1906,Студент 1906,ББМО-01-23,3,3.5,3.64
1907,Студент 1907,ББМО-01-23,4,4.3,4.28
1908,Студент 1908,ББМО-01-23,1,4.9,4.76
1910,Студент 1910,ББМО-01-23,3,4.8,4.68
1912,Студент 1912,ББМО-01-23,1,4.1,4.12
1914,Студент 1914,ББМО-01-23,3,3.3,3.48
1915,Студент 1915,ББМО-01-23,4,4.5,4.44
1916,Студент 1916,ББМО-01-23,1,3.2,3.4
1920,Студент 1920,ББМО-01-23,1,4.1,4.12
1921,Студент 1921,ББМО-01-23,2,4.1,4.12
1923,Студент 1923,ББМО-01-23,4,3.1,3.32
1927,Студент 1927,ББМО-01-23,4,4.4,4.36
1929,Студент 1929,ББМО-01-23,2,4.1,4.12
1930,Студент 1930,ББМО-01-23,3,4.4,4.36
1932,Студент 1932,ББМО-01-23,1,3.1,3.32
1934,Студент 1934,ББМО-01-23,3,4.2,4.2
1935,Студент 1935,ББМО-01-23,4,3.4,3.56
1936,Студент 1936,ББМО-01-23,1,3.1,3.32
1937,Студент 1937,ББМО-01-23,2,4.3,4.28
1939,Студент 1939,ББМО-01-23,4,4.6,4.52
1941,Студент 1941,ББМО-01-23,2,4.3,4.28
1945,Студент 1945,ББМО-01-23,2,3.1,3.32
1947,Студент 1947,ББМО-01-23,4,4.1,4.12
1948,Студент 1948,ББМО-01-23,1,4.6,4.52
1950,Студент 1950,ББМО-01-23,3,3.9,3.96
1951,Студент 1951,ББМО-01-23,4,3.5,3.64
1952,Студент 1952,ББМО-01-23,1,3.4,3.56
1953,Студент 1953,ББМО-01-23,2,3.2,3.4
1954,Студент 1954,ББМО-01-23,3,3.3,3.48
1956,Студент 1956,ББМО-01-23,1,4.2,4.2
1957,Студент 1957,ББМО-01-23,2,4.4,4.36
1958,Студент 1958,ББМО-01-23,3,3.7,3.8
1959,Студент 1959,ББМО-01-23,4,4.7,4.6
1960,Студент 1960,ББМО-01-23,1,4.2,4.2
1961,Студент 1961,ББМО-01-23,2,3.8,3.88
1962,Студент 1962,ББМО-01-23,3,4.5,4.44
1963,Студент 1963,ББМО-01-23,4,3.3,3.48
1965,Студент 1965,ББМО-01-23,2,3.4,3.56
1966,Студент 1966,ББМО-01-23,3,4,4.04
1968,Студент 1968,ББМО-01-23,1,3.7,3.8
1969,Студент 1969,ББМО-01-23,2,3.1,3.32
1970,Студент 1970,ББМО-01-23,3,3.5,3.64
1971,Студент 1971,ББМО-01-23,4,3.4,3.56
1972,Студент 1972,ББМО-01-23,1,3.6,3.72
1974,Студент 1974,ББМО-01-23,3,3.2,3.4
1977,Студент 1977,ББМО-01-23,2,4.7,4.6
1979,Студент 1979,ББМО-01-23,4,3.5,3.64
1981,Студент 1981,ББМО-01-23,2,4.9,4.76
1982,Студент 1982,ББМО-01-23,3,3.3,3.48
1984,Студент 1984,ББМО-01-23,1,4.1,4.12
1985,Студент 1985,ББМО-01-23,2,3.6,3.72
1987,Студент 1987,ББМО-01-23,4,3.4,3.56
1988,Студент 1988,ББМО-01-23,1,4.9,4.76
1989,Студент 1989,ББМО-01-23,2,4.1,4.12
1990,Студент 1990,ББМО-01-23,3,4.3,4.28
1991,Студент 1991,ББМО-01-23,4,3.7,3.8
1992,Студент 1992,ББМО-01-23,1,4.5,4.44
1993,Студент 1993,ББМО-01-23,2,4.7,4.6
1994,Студент 1994,ББМО-01-23,3,4.6,4.52
1996,Студент 1996,ББМО-01-23,1,4.1,4.12
1997,Студент 1997,ББМО-01-23,2,4,4.04
1998,Студент 1998,ББМО-01-23,3,3.1,3.32
2000,Студент 2000,ББМО-01-23,1,4.7,4.6
2001,Студент 2001,ББМО-01-23,2,4.6,4.52
2002,Студент 2002,ББМО-01-23,3,5,4.84
2005,Студент 2005,ББМО-01-23,2,3.3,3.48
2006,Студент 2006,ББМО-01-23,3,4.1,4.12
2007,Студент 2007,ББМО-01-23,4,4.9,4.76
2008,Студент 2008,ББМО-01-23,1,3.3,3.48
2009,Студент 2009,ББМО-01-23,2,4.7,4.6
2010,Студент 2010,ББМО-01-23,3,4.2,4.2
2011,Студент 2011,ББМО-01-23,4,4.3,4.28
2015,Студент 2015,ББМО-01-23,4,4.2,4.2
2017,Студент 2017,ББМО-01-23,2,4.4,4.36
2018,Студент 2018,ББМО-01-23,3,3.9,3.96
2019,Студент 2019,ББМО-01-23,4,3.7,3.8
2022,Студент 2022,ББМО-01-23,3,4.9,4.76
2023,Студент 2023,ББМО-01-23,4,4.3,4.28
2024,Студент 2024,ББМО-01-23,1,4,4.04
2025,Студент 2025,ББМО-01-23,2,4.1,4.12
2026,Студент 2026,ББМО-01-23,3,4.4,4.36
2029,Студент 2029,ББМО-01-23,2,4.1,4.12
2030,Студент 2030,ББМО-01-23,3,4.3,4.28
2031,Студент 2031,ББМО-01-23,4,4.6,4.52
2032,Студент 2032,ББМО-01-23,1,4.9,4.76
2035,Студент 2035,ББМО-01-23,4,4.4,4.36
2036,Студент 2036,ББМО-01-23,1,3.4,3.56
2037,Студент 2037,ББМО-01-23,2,4.9,4.76
2038,Студент 2038,ББМО-01-23,3,4.7,4.6
2039,Студент 2039,ББМО-01-23,4,4.6,4.52
2041,Студент 2041,ББМО-01-23,2,4.6,4.52
2043,Студент 2043,ББМО-01-23,4,3.5,3.64
2044,Студент 2044,ББМО-01-23,1,3.5,3.64
2046,Студент 2046,ББМО-01-23,3,3.3,3.48
2047,Студент 2047,ББМО-01-23,4,3.3,3.48
2048,Студент 2048,ББМО-01-23,1,4.5,4.44
2049,Студент 2049,ББМО-01-23,2,3.7,3.8
2050,Студент 2050,ББМО-01-23,3,4.8,4.68
2052,Студент 2052,ББМО-01-23,1,4.7,4.6
2053,Студент 2053,ББМО-01-23,2,3.4,3.56
2059,Студент 2059,ББМО-01-23,4,4.1,4.12
2060,Студент 2060,ББМО-01-23,1,4.9,4.76
2061,Студент 2061,ББМО-01-23,2,4.8,4.68
2064,Студент 2064,ББМО-01-23,1,3.6,3.72
2067,Студент 2067,ББМО-01-23,4,4.9,4.76
2068,Студент 2068,ББМО-01-23,1,4.8,4.68
2069,Студент 2069,ББМО-01-23,2,4.1,4.12
2070,Студент 2070,ББМО-01-23,3,4.4,4.36
2071,Студент 2071,ББМО-01-23,4,3.1,3.32
2072,Студент 2072,ББМО-01-23,1,3.7,3.8
2075,Студент 2075,ББМО-01-23,4,3.4,3.56
2077,Студент 2077,ББМО-01-23,2,4.1,4.12
2082,Студент 2082,ББМО-01-23,3,4,4.04
2083,Студент 2083,ББМО-01-23,4,3.6,3.72
2084,Студент 2084,ББМО-01-23,1,3.1,3.32
2085,Студент 2085,ББМО-01-23,2,4.3,4.28
2086,Студент 2086,ББМО-01-23,3,4.4,4.36
2087,Студент 2087,ББМО-01-23,4,4.1,4.12
2088,Студент 2088,ББМО-01-23,1,5,4.84
2089,Студент 2089,ББМО-01-23,2,3.2,3.4
2090,Студент 2090,ББМО-01-23,3,4.3,4.28
2091,Студент 2091,ББМО-01-23,4,4.1,4.12
2092,Студент 2092,ББМО-01-23,1,4.4,4.36
2094,Студент 2094,ББМО-01-23,3,4.8,4.68
2095,Студент 2095,ББМО-01-23,4,4.2,4.2
2096,Студент 2096,ББМО-01-23,1,4.7,4.6
2097,Студент 2097,ББМО-01-23,2,4,4.04
2099,Студент 2099,ББМО-01-23,4,4.3,4.28
2100,Студент 2100,ББМО-01-23,1,3.8,3.88
2101,Студент 2101,ББМО-01-23,2,4.2,4.2
2102,Студент 2102,ББМО-01-23,3,4.4,4.36
2103,Студент 2103,ББМО-01-23,4,3.1,3.32
2104,Студент 2104,ББМО-01-23,1,3.6,3.72
2107,Студент 2107,ББМО-01-23,4,3.5,3.64
2109,Студент 2109,ББМО-01-23,2,4.3,4.28
2110,Студент 2110,ББМО-01-23,3,4.6,4.52
2111,Студент 2111,ББМО-01-23,4,4.1,4.12
2112,Студент 2112,ББМО-01-23,1,4.2,4.2
2115,Студент 2115,ББМО-01-23,4,4,4.04
2116,Студент 2116,ББМО-01-23,1,3.6,3.72
2121,Студент 2121,ББМО-01-23,2,3.3,3.48
2125,Студент 2125,ББМО-01-23,2,4.8,4.68
2126,Студент 2126,ББМО-01-23,3,4.4,4.36
2128,Студент 2128,ББМО-01-23,1,4.2,4.2
2129,Студент 2129,ББМО-01-23,2,3.6,3.72
2131,Студент 2131,ББМО-01-23,4,4.6,4.52
2134,Студент 2134,ББМО-01-23,3,4.8,4.68
2135,Студент 2135,ББМО-01-23,4,4.4,4.36
2136,Студент 2136,ББМО-01-23,1,4,4.04
2138,Студент 2138,ББМО-01-23,3,4.5,4.44
2139,Студент 2139,ББМО-01-23,4,4.6,4.52
2140,Студент 2140,ББМО-01-23,1,3.7,3.8
2141,Студент 2141,ББМО-01-23,2,4.7,4.6
2142,Студент 2142,ББМО-01-23,3,3.6,3.72
2145,Студент 2145,ББМО-01-23,2,4.2,4.2
2146,Студент 2146,ББМО-01-23,3,4.9,4.76
2147,Студент 2147,ББМО-01-23,4,4,4.04
2150,Студент 2150,ББМО-01-23,3,3.8,3.88
2152,Студент 2152,ББМО-01-23,1,3.7,3.8
2154,Студент 2154,ББМО-01-23,3,3.2,3.4
2155,Студент 2155,ББМО-01-23,4,3.5,3.64
2156,Студент 2156,ББМО-01-23,1,4.4,4.36
2157,Студент 2157,ББМО-01-23,2,3.1,3.32
2158,Студент 2158,ББМО-01-23,3,4.3,4.28
2159,Студент 2159,ББМО-01-23,4,3.9,3.96
2160,Студент 2160,ББМО-01-23,1,4.4,4.36
2161,Студент 2161,ББМО-01-23,2,3.6,3.72
2162,Студент 2162,ББМО-01-23,3,4.8,4.68
2163,Студент 2163,ББМО-01-23,4,4.9,4.76
2164,Студент 2164,ББМО-01-23,1,3.3,3.48
2165,Студент 2165,ББМО-01-23,2,3.7,3.8
2166,Студент 2166,ББМО-01-23,3,3.8,3.88
2167,Студент 2167,ББМО-01-23,4,3.4,3.56
2169,Студент 2169,ББМО-01-23,2,4.2,4.2
2170,Студент 2170,ББМО-01-23,3,3.4,3.56
2171,Студент 2171,ББМО-01-23,4,3.7,3.8
2172,Студент 2172,ББМО-01-23,1,3.4,3.56
2173,Студент 2173,ББМО-01-23,2,4.1,4.12
2174,Студент 2174,ББМО-01-23,3,4.4,4.36
2177,Студент 2177,ББМО-01-23,2,3.2,3.4
2178,Студент 2178,ББМО-01-23,3,4.6,4.52
2179,Студент 2179,ББМО-01-23,4,3.4,3.56
2180,Студент 2180,ББМО-01-23,1,3.8,3.88
2181,Студент 2181,ББМО-01-23,2,4.2,4.2
2183,Студент 2183,ББМО-01-23,4,4.9,4.76
2184,Студент 2184,ББМО-01-23,1,4.3,4.28
2185,Студент 2185,ББМО-01-23,2,3.6,3.72
2186,Студент 2186,ББМО-01-23,3,3.4,3.56
2188,Студент 2188,ББМО-01-23,1,4.4,4.36
2189,Студент 2189,ББМО-01-23,2,3.7,3.8
2190,Студент 2190,ББМО-01-23,3,4.1,4.12
2191,Студент 2191,ББМО-01-23,4,3.7,3.8
2194,Студент 2194,ББМО-01-23,3,3.6,3.72
2195,Студент 2195,ББМО-01-23,4,3.1,3.32
2196,Студент 2196,ББМО-01-23,1,4.6,4.52
2198,Студент 2198,ББМО-01-23,3,4.4,4.36
2200,Студент 2200,ББМО-01-23,1,4.4,4.36
2201,Студент 2201,ББМО-01-23,2,3.3,3.48
2202,Студент 2202,ББМО-01-23,3,4.9,4.76
2210,Студент 2210,ББМО-01-23,3,4.2,4.2
2211,Студент 2211,ББМО-01-23,4,4.4,4.36
2212,Студент 2212,ББМО-01-23,1,3.4,3.56
2214,Студент 2214,ББМО-01-23,3,3.9,3.96
2216,Студент 2216,ББМО-01-23,1,4.9,4.76
2219,Студент 2219,ББМО-01-23,4,4.7,4.6
2222,Студент 2222,ББМО-01-23,3,3.2,3.4
2223,Студент 2223,ББМО-01-23,4,3.5,3.64
2224,Студент 2224,ББМО-01-23,1,4.3,4.28
2225,Студент 2225,ББМО-01-23,2,3.7,3.8
2226,Студент 2226,ББМО-01-23,3,4,4.04
2228,Студент 2228,ББМО-01-23,1,4.1,4.12
2230,Студент 2230,ББМО-01-23,3,3.4,3.56
2231,Студент 2231,ББМО-01-23,4,4.9,4.76
2232,Студент 2232,ББМО-01-23,1,3.1,3.32
2234,Студент 2234,ББМО-01-23,3,3.8,3.88
2235,Студент 2235,ББМО-01-23,4,4,4.04
2236,Студент 2236,ББМО-01-23,1,3.2,3.4
2238,Студент 2238,ББМО-01-23,3,3.2,3.4
2240,Студент 2240,ББМО-01-23,1,3.2,3.4
2243,Студент 2243,ББМО-01-23,4,4.7,4.6
2247,Студент 2247,ББМО-01-23,4,4.8,4.68
2249,Студент 2249,ББМО-01-23,2,3.5,3.64
2250,Студент 2250,ББМО-01-23,3,3.8,3.88
2251,Студент 2251,ББМО-01-23,4,3.7,3.8
2253,Студент 2253,ББМО-01-23,2,3.4,3.56
2254,Студент 2254,ББМО-01-23,3,4.1,4.12
2255,Студент 2255,ББМО-01-23,4,3.7,3.8
2256,Студент 2256,ББМО-01-23,1,4.5,4.44
2258,Студент 2258,ББМО-01-23,3,3.3,3.48
2259,Студент 2259,ББМО-01-23,4,4.7,4.6
2260,Студент 2260,ББМО-01-23,1,4.2,4.2
2262,Студент 2262,ББМО-01-23,3,4.8,4.68
2263,Студент 2263,ББМО-01-23,4,3.5,3.64
2264,Студент 2264,ББМО-01-23,1,4.2,4.2
2266,Студент 2266,ББМО-01-23,3,4.9,4.76
2267,Студент 2267,ББМО-01-23,4,4.7,4.6
2268,Студент 2268,ББМО-01-23,1,4.7,4.6
2269,Студент 2269,ББМО-01-23,2,3.3,3.48
2270,Студент 2270,ББМО-01-23,3,4,4.04
2271,Студент 2271,ББМО-01-23,4,4.5,4.44
2272,Студент 2272,ББМО-01-23,1,4.6,4.52
2273,Студент 2273,ББМО-01-23,2,3.1,3.32
2276,Студент 2276,ББМО-01-23,1,3.3,3.48
2277,Студент 2277,ББМО-01-23,2,4.3,4.28
2278,Студент 2278,ББМО-01-23,3,4.3,4.28
2279,Студент 2279,ББМО-01-23,4,3.6,3.72
2280,Студент 2280,ББМО-01-23,1,3.9,3.96
2281,Студент 2281,ББМО-01-23,2,3.5,3.64
2282,Студент 2282,ББМО-01-23,3,4.2,4.2
2286,Студент 2286,ББМО-01-23,3,3.4,3.56
2287,Студент 2287,ББМО-01-23,4,4,4.04
2288,Студент 2288,ББМО-01-23,1,4.5,4.44
2289,Студент 2289,ББМО-01-23,2,3.2,3.4
2290,Студент 2290,ББМО-01-23,3,3.3,3.48
2292,Студент 2292,ББМО-01-23,1,4.9,4.76
2293,Студент 2293,ББМО-01-23,2,4.4,4.36
2294,Студент 2294,ББМО-01-23,3,4.3,4.28
2296,Студент 2296,ББМО-01-23,1,4.9,4.76
2297,Студент 2297,ББМО-01-23,2,4.4,4.36
2298,Студент 2298,ББМО-01-23,3,5,4.84
2299,Студент 2299,ББМО-01-23,4,4.4,4.36
2303,Студент 2303,ББМО-01-23,4,4.2,4.2
2304,Студент 2304,ББМО-01-23,1,4.8,4.68
2305,Студент 2305,ББМО-01-23,2,3.9,3.96
2306,Студент 2306,ББМО-01-23,3,4.4,4.36
2307,Студент 2307,ББМО-01-23,4,4.4,4.36
2308,Студент 2308,ББМО-01-23,1,3.6,3.72
2309,Студент 2309,ББМО-01-23,2,3.9,3.96
2310,Студент 2310,ББМО-01-23,3,3.6,3.72
2312,Студент 2312,ББМО-01-23,1,4,4.04
2314,Студент 2314,ББМО-01-23,3,3.6,3.72
2315,Студент 2315,ББМО-01-23,4,4.1,4.12
2317,Студент 2317,ББМО-01-23,2,4.6,4.52
2319,Студент 2319,ББМО-01-23,4,3.8,3.88
2320,Студент 2320,ББМО-01-23,1,4.5,4.44
2321,Студент 2321,ББМО-01-23,2,3.2,3.4
2322,Студент 2322,ББМО-01-23,3,3.7,3.8
2323,Студент 2323,ББМО-01-23,4,4.8,4.68
2325,Студент 2325,ББМО-01-23,2,3.1,3.32
2329,Студент 2329,ББМО-01-23,2,4.7,4.6
2330,Студент 2330,ББМО-01-23,3,3.3,3.48
2331,Студент 2331,ББМО-01-23,4,3.7,3.8
2333,Студент 2333,ББМО-01-23,2,3.4,3.56
2334,Студент 2334,ББМО-01-23,3,3.3,3.48
2335,Студент 2335,ББМО-01-23,4,3.1,3.32
2337,Студент 2337,ББМО-01-23,2,4.5,4.44
2338,Студент 2338,ББМО-01-23,3,4.8,4.68
2339,Студент 2339,ББМО-01-23,4,3.1,3.32
2340,Студент 2340,ББМО-01-23,1,4.2,4.2
2341,Студент 2341,ББМО-01-23,2,3.2,3.4
2342,Студент 2342,ББМО-01-23,3,4.3,4.28
2343,Студент 2343,ББМО-01-23,4,3.9,3.96
2344,Студент 2344,ББМО-01-23,1,3.7,3.8
2345,Студент 2345,ББМО-01-23,2,4,4.04
2346,Студент 2346,ББМО-01-23,3,3.5,3.64
2348,Студент 2348,ББМО-01-23,1,3.6,3.72
2350,Студент 2350,ББМО-01-23,3,3.7,3.8
2351,Студент 2351,ББМО-01-23,4,4.2,4.2
2354,Студент 2354,ББМО-01-23,3,3.2,3.4
2356,Студент 2356,ББМО-01-23,1,4.7,4.6
2358,Студент 2358,ББМО-01-23,3,4,4.04
2360,Студент 2360,ББМО-01-23,1,3.3,3.48
2361,Студент 2361,ББМО-01-23,2,3.4,3.56
2362,Студент 2362,ББМО-01-23,3,3.8,3.88
2365,Студент 2365,ББМО-01-23,2,4.5,4.44
2366,Студент 2366,ББМО-01-23,3,4,4.04
2367,Студент 2367,ББМО-01-23,4,4.1,4.12
2369,Студент 2369,ББМО-01-23,2,3.8,3.88
2373,Студент 2373,ББМО-01-23,2,3.2,3.4
2376,Студент 2376,ББМО-01-23,1,4,4.04
2377,Студент 2377,ББМО-01-23,2,4,4.04
2379,Студент 2379,ББМО-01-23,4,3.4,3.56
2383,Студент 2383,ББМО-01-23,4,4.4,4.36
2384,Студент 2384,ББМО-01-23,1,3.2,3.4
2385,Студент 2385,ББМО-01-23,2,4,4.04
2386,Студент 2386,ББМО-01-23,3,4.1,4.12
2387,Студент 2387,ББМО-01-23,4,4.8,4.68
2388,Студент 2388,ББМО-01-23,1,4.4,4.36
2390,Студент 2390,ББМО-01-23,3,3.4,3.56
2391,Студент 2391,ББМО-01-23,4,4.2,4.2
2394,Студент 2394,ББМО-01-23,3,3.5,3.64
2396,Студент 2396,ББМО-01-23,1,3.7,3.8
2397,Студент 2397,ББМО-01-23,2,4.1,4.12
2398,Студент 2398,ББМО-01-23,3,4.9,4.76
2399,Студент 2399,ББМО-01-23,4,3.4,3.56
2400,Студент 2400,ББМО-01-23,1,3.5,3.64
2401,Студент 2401,ББМО-01-23,2,3.2,3.4
2402,Студент 2402,ББМО-01-23,3,3.1,3.32
2406,Студент 2406,ББМО-01-23,3,3.5,3.64
2407,Студент 2407,ББМО-01-23,4,3.5,3.64
2409,Студент 2409,ББМО-01-23,2,3.8,3.88
2410,Студент 2410,ББМО-01-23,3,3.6,3.72
2412,Студент 2412,ББМО-01-23,1,4,4.04
2413,Студент 2413,ББМО-01-23,2,5,4.84
2416,Студент 2416,ББМО-01-23,1,4.6,4.52
2417,Студент 2417,ББМО-01-23,2,4.1,4.12
2418,Студент 2418,ББМО-01-23,3,4.3,4.28
2420,Студент 2420,ББМО-01-23,1,3.5,3.64
2423,Студент 2423,ББМО-01-23,4,5,4.84
2425,Студент 2425,ББМО-01-23,2,3.1,3.32
2426,Студент 2426,ББМО-01-23,3,3.2,3.4
2428,Студент 2428,ББМО-01-23,1,4.3,4.28
2430,Студент 2430,ББМО-01-23,3,3.6,3.72
2431,Студент 2431,ББМО-01-23,4,4.3,4.28
2434,Студент 2434,ББМО-01-23,3,3.7,3.8
2436,Студент 2436,ББМО-01-23,1,4.9,4.76
2437,Студент 2437,ББМО-01-23,2,3.4,3.56
2439,Студент 2439,ББМО-01-23,4,3.7,3.8
2441,Студент 2441,ББМО-01-23,2,3.5,3.64
2443,Студент 2443,ББМО-01-23,4,3.8,3.88
2444,Студент 2444,ББМО-01-23,1,4.2,4.2
2445,Студент 2445,ББМО-01-23,2,3.2,3.4
2446,Студент 2446,ББМО-01-23,3,4.2,4.2
2447,Студент 2447,ББМО-01-23,4,3.5,3.64
2449,Студент 2449,ББМО-01-23,2,4.6,4.52
2450,Студент 2450,ББМО-01-23,3,3.8,3.88
2451,Студент 2451,ББМО-01-23,4,4.9,4.76
2453,Студент 2453,ББМО-01-23,2,4.4,4.36
2454,Студент 2454,ББМО-01-23,3,3.1,3.32
2455,Студент 2455,ББМО-01-23,4,3.9,3.96
2459,Студент 2459,ББМО-01-23,4,3.5,3.64
2461,Студент 2461,ББМО-01-23,2,3.2,3.4
2463,Студент 2463,ББМО-01-23,4,4.9,4.76
2464,Студент 2464,ББМО-01-23,1,4.1,4.12
2466,Студент 2466,ББМО-01-23,3,4.7,4.6
2467,Студент 2467,ББМО-01-23,4,4.2,4.2
2468,Студент 2468,ББМО-01-23,1,3.4,3.56
2469,Студент 2469,ББМО-01-23,2,4.4,4.36
2470,Студент 2470,ББМО-01-23,3,3.5,3.64
2471,Студент 2471,ББМО-01-23,4,4.6,4.52
2474,Студент 2474,ББМО-01-23,3,4.8,4.68
2476,Студент 2476,ББМО-01-23,1,3.2,3.4
2478,Студент 2478,ББМО-01-23,3,3.1,3.32
2479,Студент 2479,ББМО-01-23,4,4.6,4.52
2480,Студент 2480,ББМО-01-23,1,4.9,4.76
2481,Студент 2481,ББМО-01-23,2,3.1,3.32
2482,Студент 2482,ББМО-01-23,3,4.1,4.12
2483,Студент 2483,ББМО-01-23,4,3.4,3.56
2484,Студент 2484,ББМО-01-23,1,3.3,3.48
2486,Студент 2486,ББМО-01-23,3,4.4,4.36
2487,Студент 2487,ББМО-01-23,4,4.6,4.52
2488,Студент 2488,ББМО-01-23,1,4.9,4.76
2489,Студент 2489,ББМО-01-23,2,3.1,3.32
2490,Студент 2490,ББМО-01-23,3,4.5,4.44
2492,Студент 2492,ББМО-01-23,1,3.1,3.32
2493,Студент 2493,ББМО-01-23,2,4.3,4.28
2495,Студент 2495,ББМО-01-23,4,4.5,4.44
2496,Студент 2496,ББМО-01-23,1,4.7,4.6
2498,Студент 2498,ББМО-01-23,3,4,4.04
2500,Студент 2500,ББМО-01-23,1,4.5,4.44
2501,Студент 2501,ББМО-01-23,2,3.9,3.96
2503,Студент 2503,ББМО-01-23,4,3.2,3.4
2504,Студент 2504,ББМО-01-23,1,4.7,4.6
2509,Студент 2509,ББМО-01-23,2,4.9,4.76
2510,Студент 2510,ББМО-01-23,3,3.9,3.96
2511,Студент 2511,ББМО-01-23,4,4.8,4.68
2512,Студент 2512,ББМО-01-23,1,3.1,3.32
2513,Студент 2513,ББМО-01-23,2,3.5,3.64
2514,Студент 2514,ББМО-01-23,3,3.5,3.64
2515,Студент 2515,ББМО-01-23,4,3.1,3.32
2516,Студент 2516,ББМО-01-23,1,3.4,3.56
2517,Студент 2517,ББМО-01-23,2,4,4.04
2518,Студент 2518,ББМО-01-23,3,4.1,4.12
2520,Студент 2520,ББМО-01-23,1,4.2,4.2
2521,Студент 2521,ББМО-01-23,2,3.5,3.64
2522,Студент 2522,ББМО-01-23,3,3.7,3.8
2523,Студент 2523,ББМО-01-23,4,3.6,3.72
2525,Студент 2525,ББМО-01-23,2,3.9,3.96
2526,Студент 2526,ББМО-01-23,3,4.6,4.52
2527,Студент 2527,ББМО-01-23,4,3.6,3.72
2528,Студент 2528,ББМО-01-23,1,4.1,4.12
2529,Студент 2529,ББМО-01-23,2,3.9,3.96
2534,Студент 2534,ББМО-01-23,3,4.7,4.6
2535,Студент 2535,ББМО-01-23,4,3.7,3.8
2537,Студент 2537,ББМО-01-23,2,3.8,3.88
2538,Студент 2538,ББМО-01-23,3,3.9,3.96
2540,Студент 2540,ББМО-01-23,1,4.8,4.68
2543,Студент 2543,ББМО-01-23,4,3.2,3.4
2546,Студент 2546,ББМО-01-23,3,3.6,3.72
2547,Студент 2547,ББМО-01-23,4,4.4,4.36
2549,Студент 2549,ББМО-01-23,2,3.9,3.96
2550,Студент 2550,ББМО-01-23,3,3.3,3.48
2551,Студент 2551,ББМО-01-23,4,3.4,3.56
2552,Студент 2552,ББМО-01-23,1,3.8,3.88
2554,Студент 2554,ББМО-01-23,3,3.4,3.56
2555,Студент 2555,ББМО-01-23,4,3.4,3.56
2556,Студент 2556,ББМО-01-23,1,4.5,4.44
2557,Студент 2557,ББМО-01-23,2,4.5,4.44
2559,Студент 2559,ББМО-01-23,4,4.2,4.2
2562,Студент 2562,ББМО-01-23,3,3.1,3.32
2563,Студент 2563,ББМО-01-23,4,3.1,3.32
2564,Студент 2564,ББМО-01-23,1,5,4.84
2565,Студент 2565,ББМО-01-23,2,3.2,3.4
2569,Студент 2569,ББМО-01-23,2,4.6,4.52
2570,Студент 2570,ББМО-01-23,3,3.7,3.8
2571,Студент 2571,ББМО-01-23,4,4.6,4.52
2572,Студент 2572,ББМО-01-23,1,4.8,4.68
2575,Студент 2575,ББМО-01-23,4,4.4,4.36
2576,Студент 2576,ББМО-01-23,1,4.3,4.28
2577,Студент 2577,ББМО-01-23,2,3.1,3.32
2578,Студент 2578,ББМО-01-23,3,4.6,4.52
2579,Студент 2579,ББМО-01-23,4,4.7,4.6
2580,Студент 2580,ББМО-01-23,1,3.7,3.8
2582,Студент 2582,ББМО-01-23,3,4.8,4.68
2584,Студент 2584,ББМО-01-23,1,3.6,3.72
2585,Студент 2585,ББМО-01-23,2,4.7,4.6
2586,Студент 2586,ББМО-01-23,3,4.6,4.52
2588,Студент 2588,ББМО-01-23,1,4.3,4.28
2589,Студент 2589,ББМО-01-23,2,4.7,4.6
2590,Студент 2590,ББМО-01-23,3,4,4.04
2591,Студент 2591,ББМО-01-23,4,4.8,4.68
2592,Студент 2592,ББМО-01-23,1,4.4,4.36
2593,Студент 2593,ББМО-01-23,2,5,4.84
2594,Студент 2594,ББМО-01-23,3,3.9,3.96
2595,Студент 2595,ББМО-01-23,4,4.7,4.6
2596,Студент 2596,ББМО-01-23,1,3.5,3.64
2597,Студент 2597,ББМО-01-23,2,3.2,3.4
2599,Студент 2599,ББМО-01-23,4,4.3,4.28
2600,Студент 2600,ББМО-01-23,1,4.5,4.44
2601,Студент 2601,ББМО-01-23,2,3.2,3.4
2602,Студент 2602,ББМО-01-23,3,4.8,4.68
2604,Студент 2604,ББМО-01-23,1,4.3,4.28
2605,Студент 2605,ББМО-01-23,2,3.6,3.72
2607,Студент 2607,ББМО-01-23,4,4.1,4.12
2609,Студент 2609,ББМО-01-23,2,4,4.04
2610,Студент 2610,ББМО-01-23,3,4.5,4.44
2613,Студент 2613,ББМО-01-23,2,3.6,3.72
2614,Студент 2614,ББМО-01-23,3,3.2,3.4
2615,Студент 2615,ББМО-01-23,4,4.5,4.44
2616,Студент 2616,ББМО-01-23,1,4.2,4.2
2618,Студент 2618,ББМО-01-23,3,3.3,3.48
2619,Студент 2619,ББМО-01-23,4,4.4,4.36
2622,Студент 2622,ББМО-01-23,3,5,4.84
2623,Студент 2623,ББМО-01-23,4,4.7,4.6
2624,Студент 2624,ББМО-01-23,1,4.7,4.6
2627,Студент 2627,ББМО-01-23,4,4.5,4.44
2629,Студент 2629,ББМО-01-23,2,3.6,3.72
2630,Студент 2630,ББМО-01-23,3,3.8,3.88
2631,Студент 2631,ББМО-01-23,4,3.4,3.56
2632,Студент 2632,ББМО-01-23,1,3.5,3.64
2634,Студент 2634,ББМО-01-23,3,4.1,4.12
2635,Студент 2635,ББМО-01-23,4,4.5,4.44
2636,Студент 2636,ББМО-01-23,1,3.9,3.96
2637,Студент 2637,ББМО-01-23,2,4.4,4.36
2638,Студент 2638,ББМО-01-23,3,3.2,3.4
2639,Студент 2639,ББМО-01-23,4,3.5,3.64
2641,Студент 2641,ББМО-01-23,2,3.3,3.48
2642,Студент 2642,ББМО-01-23,3,4.5,4.44
2643,Студент 2643,ББМО-01-23,4,3.5,3.64
2645,Студент 2645,ББМО-01-23,2,4.1,4.12
2646,Студент 2646,ББМО-01-23,3,3.9,3.96
2648,Студент 2648,ББМО-01-23,1,3.3,3.48
2649,Студент 2649,ББМО-01-23,2,4.6,4.52
2650,Студент 2650,ББМО-01-23,3,3.7,3.8
2651,Студент 2651,ББМО-01-23,4,3.4,3.56
2652,Студент 2652,ББМО-01-23,1,3.6,3.72
2653,Студент 2653,ББМО-01-23,2,3.1,3.32
2654,Студент 2654,ББМО-01-23,3,4.7,4.6
2655,Студент 2655,ББМО-01-23,4,4.3,4.28
2656,Студент 2656,ББМО-01-23,1,3.6,3.72
2658,Студент 2658,ББМО-01-23,3,4.6,4.52
2663,Студент 2663,ББМО-01-23,4,3.9,3.96
2664,Студент 2664,ББМО-01-23,1,3.7,3.8
2665,Студент 2665,ББМО-01-23,2,4.3,4.28
2668,Студент 2668,ББМО-01-23,1,3.6,3.72
2669,Студент 2669,ББМО-01-23,2,3.9,3.96
2672,Студент 2672,ББМО-01-23,1,3.9,3.96
2675,Студент 2675,ББМО-01-23,4,4.1,4.12
2678,Студент 2678,ББМО-01-23,3,3.7,3.8
2679,Студент 2679,ББМО-01-23,4,3.8,3.88
2681,Студент 2681,ББМО-01-23,2,4.8,4.68
2682,Студент 2682,ББМО-01-23,3,3.6,3.72
2684,Студент 2684,ББМО-01-23,1,3.8,3.88
2685,Студент 2685,ББМО-01-23,2,4.9,4.76
2687,Студент 2687,ББМО-01-23,4,3.5,3.64
2688,Студент 2688,ББМО-01-23,1,4.6,4.52
2689,Студент 2689,ББМО-01-23,2,4.7,4.6
2691,Студент 2691,ББМО-01-23,4,3.7,3.8
2692,Студент 2692,ББМО-01-23,1,3.2,3.4
2694,Студент 2694,ББМО-01-23,3,3.7,3.8
2695,Студент 2695,ББМО-01-23,4,4.6,4.52
2698,Студент 2698,ББМО-01-23,3,4.7,4.6
2699,Студент 2699,ББМО-01-23,4,4.9,4.76
2701,Студент 2701,ББМО-01-23,2,3.2,3.4
2702,Студент 2702,ББМО-01-23,3,3.9,3.96
2703,Студент 2703,ББМО-01-23,4,4.1,4.12
2707,Студент 2707,ББМО-01-23,4,3.3,3.48
2708,Студент 2708,ББМО-01-23,1,3.1,3.32
2709,Студент 2709,ББМО-01-23,2,3.2,3.4
2710,Студент 2710,ББМО-01-23,3,3.5,3.64
2711,Студент 2711,ББМО-01-23,4,4.2,4.2
2713,Студент 2713,ББМО-01-23,2,3.4,3.56
2714,Студент 2714,ББМО-01-23,3,5,4.84
2716,Студент 2716,ББМО-01-23,1,4.8,4.68
2717,Студент 2717,ББМО-01-23,2,4.9,4.76
2720,Студент 2720,ББМО-01-23,1,3.6,3.72
2721,Студент 2721,ББМО-01-23,2,4.8,4.68
2722,Студент 2722,ББМО-01-23,3,3.6,3.72
2725,Студент 2725,ББМО-01-23,2,3.6,3.72
2727,Студент 2727,ББМО-01-23,4,4.9,4.76
2728,Студент 2728,ББМО-01-23,1,4.8,4.68
2729,Студент 2729,ББМО-01-23,2,3.1,3.32
2730,Студент 2730,ББМО-01-23,3,4.7,4.6
2731,Студент 2731,ББМО-01-23,4,4.7,4.6
2732,Студент 2732,ББМО-01-23,1,3.4,3.56
2734,Студент 2734,ББМО-01-23,3,4.9,4.76
2735,Студент 2735,ББМО-01-23,4,3.5,3.64
2736,Студент 2736,ББМО-01-23,1,4.8,4.68
2737,Студент 2737,ББМО-01-23,2,4.6,4.52
2738,Студент 2738,ББМО-01-23,3,3.5,3.64
2739,Студент 2739,ББМО-01-23,4,4.8,4.68
2740,Студент 2740,ББМО-01-23,1,4.8,4.68
2742,Студент 2742,ББМО-01-23,3,4.2,4.2
2743,Студент 2743,ББМО-01-23,4,4.2,4.2
2744,Студент 2744,ББМО-01-23,1,3.9,3.96
2745,Студент 2745,ББМО-01-23,2,4.7,4.6
2747,Студент 2747,ББМО-01-23,4,4.1,4.12
2749,Студент 2749,ББМО-01-23,2,4.5,4.44
2751,Студент 2751,ББМО-01-23,4,4.8,4.68
2752,Студент 2752,ББМО-01-23,1,3.4,3.56
2753,Студент 2753,ББМО-01-23,2,3.1,3.32
2754,Студент 2754,ББМО-01-23,3,3.5,3.64
2755,Студент 2755,ББМО-01-23,4,4.8,4.68
2756,Студент 2756,ББМО-01-23,1,4.5,4.44
2757,Студент 2757,ББМО-01-23,2,4.7,4.6
2758,Студент 2758,ББМО-01-23,3,3.9,3.96
2759,Студент 2759,ББМО-01-23,4,3.2,3.4
2760,Студент 2760,ББМО-01-23,1,4.6,4.52
2762,Студент 2762,ББМО-01-23,3,3.2,3.4
2763,Студент 2763,ББМО-01-23,4,3.7,3.8
2764,Студент 2764,ББМО-01-23,1,4.7,4.6
2765,Студент 2765,ББМО-01-23,2,4.8,4.68
2768,Студент 2768,ББМО-01-23,1,3.4,3.56
2769,Студент 2769,ББМО-01-23,2,4.3,4.28
2770,Студент 2770,ББМО-01-23,3,4.1,4.12
2771,Студент 2771,ББМО-01-23,4,4,4.04
2773,Студент 2773,ББМО-01-23,2,4.3,4.28
2774,Студент 2774,ББМО-01-23,3,4.3,4.28
2776,Студент 2776,ББМО-01-23,1,4.1,4.12
2778,Студент 2778,ББМО-01-23,3,3.9,3.96
2780,Студент 2780,ББМО-01-23,1,4.9,4.76
2781,Студент 2781,ББМО-01-23,2,4.7,4.6
2783,Студент 2783,ББМО-01-23,4,4.7,4.6
2785,Студент 2785,ББМО-01-23,2,3.8,3.88
2786,Студент 2786,ББМО-01-23,3,3.8,3.88
2788,Студент 2788,ББМО-01-23,1,4.3,4.28
2790,Студент 2790,ББМО-01-23,3,4.8,4.68
2792,Студент 2792,ББМО-01-23,1,4.2,4.2
2793,Студент 2793,ББМО-01-23,2,4.8,4.68
2795,Студент 2795,ББМО-01-23,4,4.9,4.76
2797,Студент 2797,ББМО-01-23,2,3.3,3.48
2798,Студент 2798,ББМО-01-23,3,4.4,4.36
2799,Студент 2799,ББМО-01-23,4,4.9,4.76
2800,Студент 2800,ББМО-01-23,1,4.1,4.12
2801,Студент 2801,ББМО-01-23,2,4.7,4.6
2802,Студент 2802,ББМО-01-23,3,4.6,4.52
2803,Студент 2803,ББМО-01-23,4,4,4.04
2804,Студент 2804,ББМО-01-23,1,3.7,3.8
2805,Студент 2805,ББМО-01-23,2,3.8,3.88
2806,Студент 2806,ББМО-01-23,3,4.2,4.2
2808,Студент 2808,ББМО-01-23,1,4,4.04
2811,Студент 2811,ББМО-01-23,4,4.3,4.28
2812,Студент 2812,ББМО-01-23,1,4.1,4.12
2814,Студент 2814,ББМО-01-23,3,3.1,3.32
2816,Студент 2816,ББМО-01-23,1,3.9,3.96
2817,Студент 2817,ББМО-01-23,2,4,4.04
2818,Студент 2818,ББМО-01-23,3,3.9,3.96
2819,Студент 2819,ББМО-01-23,4,4.3,4.28
2822,Студент 2822,ББМО-01-23,3,4.9,4.76
2823,Студент 2823,ББМО-01-23,4,3.6,3.72
2824,Студент 2824,ББМО-01-23,1,3.3,3.48
2825,Студент 2825,ББМО-01-23,2,3.5,3.64
2827,Студент 2827,ББМО-01-23,4,4.1,4.12
2829,Студент 2829,ББМО-01-23,2,4.1,4.12
2831,Студент 2831,ББМО-01-23,4,3.6,3.72
2832,Студент 2832,ББМО-01-23,1,3.8,3.88
2834,Студент 2834,ББМО-01-23,3,4.6,4.52
2835,Студент 2835,ББМО-01-23,4,3.3,3.48
2836,Студент 2836,ББМО-01-23,1,3.2,3.4
2837,Студент 2837,ББМО-01-23,2,3.8,3.88
2839,Студент 2839,ББМО-01-23,4,4.2,4.2
2841,Студент 2841,ББМО-01-23,2,3.2,3.4
2842,Студент 2842,ББМО-01-23,3,3.3,3.48
2844,Студент 2844,ББМО-01-23,1,4.4,4.36
2848,Студент 2848,ББМО-01-23,1,3.6,3.72
2849,Студент 2849,ББМО-01-23,2,4.5,4.44
2850,Студент 2850,ББМО-01-23,3,3.4,3.56
2851,Студент 2851,ББМО-01-23,4,4.8,4.68
2854,Студент 2854,ББМО-01-23,3,3.1,3.32
2857,Студент 2857,ББМО-01-23,2,3.9,3.96
2859,Студент 2859,ББМО-01-23,4,3.8,3.88
2861,Студент 2861,ББМО-01-23,2,4.5,4.44
2863,Студент 2863,ББМО-01-23,4,4.8,4.68
2865,Студент 2865,ББМО-01-23,2,4.6,4.52
2868,Студент 2868,ББМО-01-23,1,4.6,4.52
2869,Студент 2869,ББМО-01-23,2,3.8,3.88
2870,Студент 2870,ББМО-01-23,3,4.3,4.28
2873,Студент 2873,ББМО-01-23,2,3.6,3.72
2877,Студент 2877,ББМО-01-23,2,4.1,4.12
2879,Студент 2879,ББМО-01-23,4,3.6,3.72
2880,Студент 2880,ББМО-01-23,1,4.6,4.52
2881,Студент 2881,ББМО-01-23,2,3.1,3.32
2882,Студент 2882,ББМО-01-23,3,3.3,3.48
2883,Студент 2883,ББМО-01-23,4,4.7,4.6
2885,Студент 2885,ББМО-01-23,2,3.7,3.8
2889,Студент 2889,ББМО-01-23,2,3.2,3.4
2890,Студент 2890,ББМО-01-23,3,4.4,4.36
2891,Студент 2891,ББМО-01-23,4,4.3,4.28
2893,Студент 2893,ББМО-01-23,2,4.8,4.68
2895,Студент 2895,ББМО-01-23,4,4.2,4.2
2896,Студент 2896,ББМО-01-23,1,4.9,4.76
2897,Студент 2897,ББМО-01-23,2,3.4,3.56
2898,Студент 2898,ББМО-01-23,3,3.8,3.88
2899,Студент 2899,ББМО-01-23,4,3.9,3.96
2900,Студент 2900,ББМО-01-23,1,4.9,4.76
2905,Студент 2905,ББМО-01-23,2,3.7,3.8
2906,Студент 2906,ББМО-01-23,3,3.6,3.72
2907,Студент 2907,ББМО-01-23,4,3.3,3.48
2908,Студент 2908,ББМО-01-23,1,3.5,3.64
2910,Студент 2910,ББМО-01-23,3,3.1,3.32
2911,Студент 2911,ББМО-01-23,4,4.4,4.36
2913,Студент 2913,ББМО-01-23,2,3.1,3.32
2915,Студент 2915,ББМО-01-23,4,3.6,3.72
2917,Студент 2917,ББМО-01-23,2,3.3,3.48
2918,Студент 2918,ББМО-01-23,3,3.1,3.32
2922,Студент 2922,ББМО-01-23,3,3.5,3.64
2923,Студент 2923,ББМО-01-23,4,4.1,4.12
2924,Студент 2924,ББМО-01-23,1,4.5,4.44
2926,Студент 2926,ББМО-01-23,3,4.8,4.68
2927,Студент 2927,ББМО-01-23,4,3.5,3.64
2929,Студент 2929,ББМО-01-23,2,3.3,3.48
2930,Студент 2930,ББМО-01-23,3,4.3,4.28
2932,Студент 2932,ББМО-01-23,1,3.9,3.96
2933,Студент 2933,ББМО-01-23,2,4.7,4.6
2935,Студент 2935,ББМО-01-23,4,4.6,4.52
2936,Студент 2936,ББМО-01-23,1,3.2,3.4
2937,Студент 2937,ББМО-01-23,2,3.2,3.4
2938,Студент 2938,ББМО-01-23,3,4.5,4.44
2941,Студент 2941,ББМО-01-23,2,4.9,4.76
2942,Студент 2942,ББМО-01-23,3,3.3,3.48
2944,Студент 2944,ББМО-01-23,1,4,4.04
2945,Студент 2945,ББМО-01-23,2,4.7,4.6
2946,Студент 2946,ББМО-01-23,3,4.1,4.12
2947,Студент 2947,ББМО-01-23,4,4,4.04
2949,Студент 2949,ББМО-01-23,2,4,4.04
2951,Студент 2951,ББМО-01-23,4,4.7,4.6
2953,Студент 2953,ББМО-01-23,2,4.2,4.2
2954,Студент 2954,ББМО-01-23,3,4.9,4.76
2955,Студент 2955,ББМО-01-23,4,3.6,3.72
2957,Студент 2957,ББМО-01-23,2,4.9,4.76
2958,Студент 2958,ББМО-01-23,3,3.3,3.48
2959,Студент 2959,ББМО-01-23,4,3.9,3.96
2960,Студент 2960,ББМО-01-23,1,4.8,4.68
2961,Студент 2961,ББМО-01-23,2,4.3,4.28
2962,Студент 2962,ББМО-01-23,3,4.9,4.76
2963,Студент 2963,ББМО-01-23,4,3.4,3.56
2965,Студент 2965,ББМО-01-23,2,4,4.04
2966,Студент 2966,ББМО-01-23,3,4.5,4.44
2969,Студент 2969,ББМО-01-23,2,4.5,4.44
2970,Студент 2970,ББМО-01-23,3,4.6,4.52
2972,Студент 2972,ББМО-01-23,1,3.3,3.48
2973,Студент 2973,ББМО-01-23,2,4.4,4.36
2974,Студент 2974,ББМО-01-23,3,3.2,3.4
2977,Студент 2977,ББМО-01-23,2,3.2,3.4
2978,Студент 2978,ББМО-01-23,3,4.3,4.28
2979,Студент 2979,ББМО-01-23,4,3.7,3.8
2980,Студент 2980,ББМО-01-23,1,3.6,3.72
2981,Студент 2981,ББМО-01-23,2,3.8,3.88
2982,Студент 2982,ББМО-01-23,3,3.4,3.56
2983,Студент 2983,ББМО-01-23,4,3.4,3.56
2986,Студент 2986,ББМО-01-23,3,3.9,3.96
2988,Студент 2988,ББМО-01-23,1,3.1,3.32
2990,Студент 2990,ББМО-01-23,3,4,4.04
2991,Студент 2991,ББМО-01-23,4,3.3,3.48
2997,Студент 2997,ББМО-01-23,2,3.4,3.56
2998,Студент 2998,ББМО-01-23,3,3.6,3.72
2999,Студент 2999,ББМО-01-23,4,3.9,3.96
3001,Студент 3001,ББМО-01-23,2,4.2,4.2
3004,Студент 3004,ББМО-01-23,1,3.4,3.56
3006,Студент 3006,ББМО-01-23,3,3.2,3.4
3007,Студент 3007,ББМО-01-23,4,3.1,3.32
3008,Студент 3008,ББМО-01-23,1,4.7,4.6
3009,Студент 3009,ББМО-01-23,2,4.2,4.2
3010,Студент 3010,ББМО-01-23,3,4.4,4.36
3011,Студент 3011,ББМО-01-23,4,4.8,4.68
3012,Студент 3012,ББМО-01-23,1,3.4,3.56
3013,Студент 3013,ББМО-01-23,2,3.8,3.88
3016,Студент 3016,ББМО-01-23,1,3.2,3.4
3018,Студент 3018,ББМО-01-23,3,3.9,3.96
3020,Студент 3020,ББМО-01-23,1,4.8,4.68
3021,Студент 3021,ББМО-01-23,2,4.2,4.2
3022,Студент 3022,ББМО-01-23,3,4.2,4.2
3023,Студент 3023,ББМО-01-23,4,3.3,3.48
3026,Студент 3026,ББМО-01-23,3,4.8,4.68
3027,Студент 3027,ББМО-01-23,4,4.2,4.2
3028,Студент 3028,ББМО-01-23,1,4.8,4.68
3029,Студент 3029,ББМО-01-23,2,4.6,4.52
3030,Студент 3030,ББМО-01-23,3,4,4.04
3032,Студент 3032,ББМО-01-23,1,4,4.04
3034,Студент 3034,ББМО-01-23,3,4.5,4.44
3035,Студент 3035,ББМО-01-23,4,3.5,3.64
3036,Студент 3036,ББМО-01-23,1,4.9,4.76
3038,Студент 3038,ББМО-01-23,3,4.9,4.76
3039,Студент 3039,ББМО-01-23,4,4.8,4.68
3040,Студент 3040,ББМО-01-23,1,4.6,4.52
3042,Студент 3042,ББМО-01-23,3,4.4,4.36
3045,Студент 3045,ББМО-01-23,2,4.9,4.76
3046,Студент 3046,ББМО-01-23,3,4.2,4.2
3047,Студент 3047,ББМО-01-23,4,3.5,3.64
3048,Студент 3048,ББМО-01-23,1,3.8,3.88
3049,Студент 3049,ББМО-01-23,2,4.9,4.76
3051,Студент 3051,ББМО-01-23,4,3.3,3.48
3052,Студент 3052,ББМО-01-23,1,3.7,3.8
3054,Студент 3054,ББМО-01-23,3,3.7,3.8
3055,Студент 3055,ББМО-01-23,4,3.7,3.8
3056,Студент 3056,ББМО-01-23,1,4.4,4.36
3057,Студент 3057,ББМО-01-23,2,4.8,4.68
3059,Студент 3059,ББМО-01-23,4,4.8,4.68
3060,Студент 3060,ББМО-01-23,1,4.8,4.68
3061,Студент 3061,ББМО-01-23,2,3.5,3.64
3062,Студент 3062,ББМО-01-23,3,4.1,4.12
3066,Студент 3066,ББМО-01-23,3,3.9,3.96
3067,Студент 3067,ББМО-01-23,4,3.4,3.56
3070,Студент 3070,ББМО-01-23,3,3.6,3.72
3073,Студент 3073,ББМО-01-23,2,3.8,3.88
3074,Студент 3074,ББМО-01-23,3,3.6,3.72
3076,Студент 3076,ББМО-01-23,1,4.5,4.44
3077,Студент 3077,ББМО-01-23,2,4.3,4.28
3080,Студент 3080,ББМО-01-23,1,4.2,4.2
3084,Студент 3084,ББМО-01-23,1,4.4,4.36
3086,Студент 3086,ББМО-01-23,3,4.3,4.28
3087,Студент 3087,ББМО-01-23,4,4,4.04
3088,Студент 3088,ББМО-01-23,1,4.2,4.2
3089,Студент 3089,ББМО-01-23,2,4.4,4.36
3090,Студент 3090,ББМО-01-23,3,3.1,3.32
3094,Студент 3094,ББМО-01-23,3,4.1,4.12
3096,Студент 3096,ББМО-01-23,1,3.3,3.48
3097,Студент 3097,ББМО-01-23,2,3.7,3.8
3098,Студент 3098,ББМО-01-23,3,3.8,3.88
3099,Студент 3099,ББМО-01-23,4,5,4.84
3102,Студент 3102,ББМО-01-23,3,4.3,4.28
3103,Студент 3103,ББМО-01-23,4,3.7,3.8
3105,Студент 3105,ББМО-01-23,2,3.2,3.4
3106,Студент 3106,ББМО-01-23,3,4.1,4.12
3107,Студент 3107,ББМО-01-23,4,4,4.04
3108,Студент 3108,ББМО-01-23,1,3.3,3.48
3112,Студент 3112,ББМО-01-23,1,3.2,3.4
3113,Студент 3113,ББМО-01-23,2,4.8,4.68
3114,Студент 3114,ББМО-01-23,3,3.2,3.4
3115,Студент 3115,ББМО-01-23,4,3.4,3.56
3119,Студент 3119,ББМО-01-23,4,3.6,3.72
3120,Студент 3120,ББМО-01-23,1,4.6,4.52
3122,Студент 3122,ББМО-01-23,3,3.8,3.88
3123,Студент 3123,ББМО-01-23,4,4.4,4.36
3124,Студент 3124,ББМО-01-23,1,3.9,3.96
3126,Студент 3126,ББМО-01-23,3,3.6,3.72
3128,Студент 3128,ББМО-01-23,1,4.1,4.12
3132,Студент 3132,ББМО-01-23,1,3.7,3.8
3135,Студент 3135,ББМО-01-23,4,3.1,3.32
3136,Студент 3136,ББМО-01-23,1,3.9,3.96
3137,Студент 3137,ББМО-01-23,2,3.6,3.72
3138,Студент 3138,ББМО-01-23,3,3.4,3.56
3139,Студент 3139,ББМО-01-23,4,4.5,4.44
3143,Студент 3143,ББМО-01-23,4,3.8,3.88
3144,Студент 3144,ББМО-01-23,1,4.6,4.52
3145,Студент 3145,ББМО-01-23,2,3.9,3.96
3147,Студент 3147,ББМО-01-23,4,4.3,4.28
3150,Студент 3150,ББМО-01-23,3,3.7,3.8
3152,Студент 3152,ББМО-01-23,1,4.4,4.36
3154,Студент 3154,ББМО-01-23,3,3.3,3.48
3155,Студент 3155,ББМО-01-23,4,4.3,4.28
3156,Студент 3156,ББМО-01-23,1,4.8,4.68
3157,Студент 3157,ББМО-01-23,2,4.1,4.12
3159,Студент 3159,ББМО-01-23,4,4.6,4.52
3160,Студент 3160,ББМО-01-23,1,3.3,3.48
3162,Студент 3162,ББМО-01-23,3,3.1,3.32
3163,Студент 3163,ББМО-01-23,4,4.1,4.12
3164,Студент 3164,ББМО-01-23,1,3.7,3.8
3165,Студент 3165,ББМО-01-23,2,3.9,3.96
3166,Студент 3166,ББМО-01-23,3,3.4,3.56
3167,Студент 3167,ББМО-01-23,4,3.3,3.48
3168,Студент 3168,ББМО-01-23,1,4.5,4.44
3169,Студент 3169,ББМО-01-23,2,3.2,3.4
3170,Студент 3170,ББМО-01-23,3,3.6,3.72
3171,Студент 3171,ББМО-01-23,4,3.4,3.56
3172,Студент 3172,ББМО-01-23,1,4.2,4.2
3175,Студент 3175,ББМО-01-23,4,4.5,4.44
3176,Студент 3176,ББМО-01-23,1,4.5,4.44
3177,Студент 3177,ББМО-01-23,2,4.6,4.52
3178,Студент 3178,ББМО-01-23,3,4,4.04
3179,Студент 3179,ББМО-01-23,4,3.5,3.64
3181,Студент 3181,ББМО-01-23,2,3.7,3.8
3182,Студент 3182,ББМО-01-23,3,4.6,4.52
3183,Студент 3183,ББМО-01-23,4,4.8,4.68
3184,Студент 3184,ББМО-01-23,1,4.5,4.44
3185,Студент 3185,ББМО-01-23,2,3.1,3.32
3186,Студент 3186,ББМО-01-23,3,3.8,3.88
3187,Студент 3187,ББМО-01-23,4,3.9,3.96
3188,Студент 3188,ББМО-01-23,1,4.9,4.76
3194,Студент 3194,ББМО-01-23,3,4.6,4.52
3195,Студент 3195,ББМО-01-23,4,3.8,3.88
3196,Студент 3196,ББМО-01-23,1,3.4,3.56
3198,Студент 3198,ББМО-01-23,3,4.8,4.68
3199,Студент 3199,ББМО-01-23,4,4.3,4.28
3200,Студент 3200,ББМО-01-23,1,4.8,4.68
3201,Студент 3201,ББМО-01-23,2,3.7,3.8
3206,Студент 3206,ББМО-01-23,3,4.2,4.2
3207,Студент 3207,ББМО-01-23,4,4.6,4.52
3208,Студент 3208,ББМО-01-23,1,5,4.84
3209,Студент 3209,ББМО-01-23,2,3.6,3.72
3211,Студент 3211,ББМО-01-23,4,4.1,4.12
3214,Студент 3214,ББМО-01-23,3,4,4.04
3216,Студент 3216,ББМО-01-23,1,4.9,4.76
3217,Студент 3217,ББМО-01-23,2,4.9,4.76
3220,Студент 3220,ББМО-01-23,1,3.2,3.4
3221,Студент 3221,ББМО-01-23,2,4.5,4.44
3222,Студент 3222,ББМО-01-23,3,3.8,3.88
3223,Студент 3223,ББМО-01-23,4,4.9,4.76
3224,Студент 3224,ББМО-01-23,1,3.8,3.88
3225,Студент 3225,ББМО-01-23,2,4.5,4.44
3228,Студент 3228,ББМО-01-23,1,3.2,3.4
3229,Студент 3229,ББМО-01-23,2,3.7,3.8
3230,Студент 3230,ББМО-01-23,3,4.3,4.28
3231,Студент 3231,ББМО-01-23,4,3.7,3.8
3232,Студент 3232,ББМО-01-23,1,3.3,3.48
3234,Студент 3234,ББМО-01-23,3,3.2,3.4
3235,Студент 3235,ББМО-01-23,4,3.7,3.8
3236,Студент 3236,ББМО-01-23,1,3.7,3.8
3238,Студент 3238,ББМО-01-23,3,4,4.04
3239,Студент 3239,ББМО-01-23,4,4.5,4.44
3240,Студент 3240,ББМО-01-23,1,3.4,3.56
3243,Студент 3243,ББМО-01-23,4,3.4,3.56
3244,Студент 3244,ББМО-01-23,1,4.7,4.6
3247,Студент 3247,ББМО-01-23,4,3.9,3.96
3248,Студент 3248,ББМО-01-23,1,3.8,3.88
3249,Студент 3249,ББМО-01-23,2,3.5,3.64
3250,Студент 3250,ББМО-01-23,3,3.2,3.4
3254,Студент 3254,ББМО-01-23,3,4.2,4.2
3255,Студент 3255,ББМО-01-23,4,4,4.04
3256,Студент 3256,ББМО-01-23,1,3.3,3.48
3257,Студент 3257,ББМО-01-23,2,4.6,4.52
3258,Студент 3258,ББМО-01-23,3,3.7,3.8
3259,Студент 3259,ББМО-01-23,4,3.1,3.32
3260,Студент 3260,ББМО-01-23,1,3.6,3.72
3261,Студент 3261,ББМО-01-23,2,4.6,4.52
3262,Студент 3262,ББМО-01-23,3,4.6,4.52
3263,Студент 3263,ББМО-01-23,4,3.7,3.8
3264,Студент 3264,ББМО-01-23,1,4.9,4.76
3265,Студент 3265,ББМО-01-23,2,3.8,3.88
3266,Студент 3266,ББМО-01-23,3,4.1,4.12
3267,Студент 3267,ББМО-01-23,4,3.1,3.32
3269,Студент 3269,ББМО-01-23,2,3.1,3.32
3270,Студент 3270,ББМО-01-23,3,3.9,3.96
3272,Студент 3272,ББМО-01-23,1,3.6,3.72
3273,Студент 3273,ББМО-01-23,2,4.3,4.28
3275,Студент 3275,ББМО-01-23,4,4.7,4.6
3277,Студент 3277,ББМО-01-23,2,4.8,4.68
3278,Студент 3278,ББМО-01-23,3,4.8,4.68
3280,Студент 3280,ББМО-01-23,1,4.8,4.68
3282,Студент 3282,ББМО-01-23,3,4,4.04
3283,Студент 3283,ББМО-01-23,4,4.6,4.52
3284,Студент 3284,ББМО-01-23,1,4.6,4.52
3285,Студент 3285,ББМО-01-23,2,3.4,3.56
3286,Студент 3286,ББМО-01-23,3,3.8,3.88
3287,Студент 3287,ББМО-01-23,4,4.4,4.36
3288,Студент 3288,ББМО-01-23,1,3.7,3.8
3289,Студент 3289,ББМО-01-23,2,3.9,3.96
3290,Студент 3290,ББМО-01-23,3,4.2,4.2
3292,Студент 3292,ББМО-01-23,1,3.9,3.96
3293,Студент 3293,ББМО-01-23,2,3.5,3.64
3295,Студент 3295,ББМО-01-23,4,3.2,3.4
3296,Студент 3296,ББМО-01-23,1,4,4.04
3297,Студент 3297,ББМО-01-23,2,4.5,4.44
3299,Студент 3299,ББМО-01-23,4,4.8,4.68
3300,Студент 3300,ББМО-01-23,1,4.5,4.44
3302,Студент 3302,ББМО-01-23,3,4.6,4.52
3303,Студент 3303,ББМО-01-23,4,4.9,4.76
3304,Студент 3304,ББМО-01-23,1,4,4.04
3305,Студент 3305,ББМО-01-23,2,4.9,4.76
3306,Студент 3306,ББМО-01-23,3,3.9,3.96
3307,Студент 3307,ББМО-01-23,4,4.8,4.68
3308,Студент 3308,ББМО-01-23,1,4.5,4.44
3309,Студент 3309,ББМО-01-23,2,3.7,3.8
3311,Студент 3311,ББМО-01-23,4,4.2,4.2
3312,Студент 3312,ББМО-01-23,1,4.1,4.12
3314,Студент 3314,ББМО-01-23,3,4.9,4.76
3315,Студент 3315,ББМО-01-23,4,4.1,4.12
3317,Студент 3317,ББМО-01-23,2,4.9,4.76
3318,Студент 3318,ББМО-01-23,3,3.6,3.72
3319,Студент 3319,ББМО-01-23,4,3.6,3.72
3322,Студент 3322,ББМО-01-23,3,4.4,4.36
3323,Студент 3323,ББМО-01-23,4,4.4,4.36
3324,Студент 3324,ББМО-01-23,1,4,4.04
3327,Студент 3327,ББМО-01-23,4,4.3,4.28
3328,Студент 3328,ББМО-01-23,1,3.7,3.8
3329,Студент 3329,ББМО-01-23,2,4.5,4.44
3330,Студент 3330,ББМО-01-23,3,3.2,3.4
3333,Студент 3333,ББМО-01-23,2,3.9,3.96
3334,Студент 3334,ББМО-01-23,3,3.9,3.96
3335,Студент 3335,ББМО-01-23,4,4.8,4.68
3337,Студент 3337,ББМО-01-23,2,3.2,3.4
3338,Студент 3338,ББМО-01-23,3,4.4,4.36
3340,Студент 3340,ББМО-01-23,1,4.3,4.28
3341,Студент 3341,ББМО-01-23,2,3.9,3.96
3342,Студент 3342,ББМО-01-23,3,3.5,3.64
3343,Студент 3343,ББМО-01-23,4,4.8,4.68
3345,Студент 3345,ББМО-01-23,2,4.8,4.68
3348,Студент 3348,ББМО-01-23,1,3.3,3.48
3349,Студент 3349,ББМО-01-23,2,3.5,3.64
3351,Студент 3351,ББМО-01-23,4,3.5,3.64
3352,Студент 3352,ББМО-01-23,1,4.6,4.52
3353,Студент 3353,ББМО-01-23,2,3.6,3.72
3356,Студент 3356,ББМО-01-23,1,4.8,4.68
3357,Студент 3357,ББМО-01-23,2,3.5,3.64
3358,Студент 3358,ББМО-01-23,3,3.4,3.56
3359,Студент 3359,ББМО-01-23,4,4.1,4.12
3362,Студент 3362,ББМО-01-23,3,4.1,4.12
3364,Студент 3364,ББМО-01-23,1,4.6,4.52
3365,Студент 3365,ББМО-01-23,2,3.2,3.4
3366,Студент 3366,ББМО-01-23,3,3.3,3.48
3367,Студент 3367,ББМО-01-23,4,4.5,4.44
3369,Студент 3369,ББМО-01-23,2,3.3,3.48
3370,Студент 3370,ББМО-01-23,3,3.9,3.96
3371,Студент 3371,ББМО-01-23,4,4.5,4.44
3372,Студент 3372,ББМО-01-23,1,4.1,4.12
3373,Студент 3373,ББМО-01-23,2,3.9,3.96
3374,Студент 3374,ББМО-01-23,3,3.9,3.96
3375,Студент 3375,ББМО-01-23,4,3.5,3.64
3377,Студент 3377,ББМО-01-23,2,4.3,4.28
3378,Студент 3378,ББМО-01-23,3,3.2,3.4
3379,Студент 3379,ББМО-01-23,4,3.6,3.72
3382,Студент 3382,ББМО-01-23,3,3.1,3.32
3383,Студент 3383,ББМО-01-23,4,3.9,3.96
3384,Студент 3384,ББМО-01-23,1,4.8,4.68
3385,Студент 3385,ББМО-01-23,2,3.4,3.56
3386,Студент 3386,ББМО-01-23,3,4.2,4.2
3387,Студент 3387,ББМО-01-23,4,3.2,3.4
3388,Студент 3388,ББМО-01-23,1,4.3,4.28
3389,Студент 3389,ББМО-01-23,2,4.3,4.28
3390,Студент 3390,ББМО-01-23,3,3.7,3.8
3394,Студент 3394,ББМО-01-23,3,4.8,4.68
3395,Студент 3395,ББМО-01-23,4,4,4.04
3396,Студент 3396,ББМО-01-23,1,4.7,4.6
3397,Студент 3397,ББМО-01-23,2,4.1,4.12
3398,Студент 3398,ББМО-01-23,3,3.1,3.32
3400,Студент 3400,ББМО-01-23,1,3.3,3.48
3401,Студент 3401,ББМО-01-23,2,4.1,4.12
3403,Студент 3403,ББМО-01-23,4,4.7,4.6
3407,Студент 3407,ББМО-01-23,4,4.4,4.36
3408,Студент 3408,ББМО-01-23,1,3.5,3.64
3409,Студент 3409,ББМО-01-23,2,4.3,4.28
3411,Студент 3411,ББМО-01-23,4,3.2,3.4
3412,Студент 3412,ББМО-01-23,1,4.3,4.28
3414,Студент 3414,ББМО-01-23,3,3.9,3.96
3416,Студент 3416,ББМО-01-23,1,4.3,4.28
3417,Студент 3417,ББМО-01-23,2,4.7,4.6
3419,Студент 3419,ББМО-01-23,4,4.5,4.44
3421,Студент 3421,ББМО-01-23,2,3.8,3.88
3423,Студент 3423,ББМО-01-23,4,4.7,4.6
3425,Студент 3425,ББМО-01-23,2,3.4,3.56
3426,Студент 3426,ББМО-01-23,3,4.4,4.36
3427,Студент 3427,ББМО-01-23,4,3.4,3.56
3428,Студент 3428,ББМО-01-23,1,4.2,4.2
3429,Студент 3429,ББМО-01-23,2,4.8,4.68
3431,Студент 3431,ББМО-01-23,4,4.1,4.12
3433,Студент 3433,ББМО-01-23,2,5,4.84
3435,Студент 3435,ББМО-01-23,4,4.3,4.28
3436,Студент 3436,ББМО-01-23,1,4.8,4.68
3437,Студент 3437,ББМО-01-23,2,3.8,3.88
3439,Студент 3439,ББМО-01-23,4,3.7,3.8
3442,Студент 3442,ББМО-01-23,3,4.9,4.76
3445,Студент 3445,ББМО-01-23,2,4.5,4.44
3446,Студент 3446,ББМО-01-23,3,4.7,4.6
3447,Студент 3447,ББМО-01-23,4,4.6,4.52
3448,Студент 3448,ББМО-01-23,1,4.5,4.44
3449,Студент 3449,ББМО-01-23,2,4.2,4.2
3450,Студент 3450,ББМО-01-23,3,3.5,3.64
3451,Студент 3451,ББМО-01-23,4,3.7,3.8
3452,Студент 3452,ББМО-01-23,1,3.3,3.48
3453,Студент 3453,ББМО-01-23,2,4.9,4.76
3454,Студент 3454,ББМО-01-23,3,3.2,3.4
3456,Студент 3456,ББМО-01-23,1,3.4,3.56
3457,Студент 3457,ББМО-01-23,2,3.2,3.4
3459,Студент 3459,ББМО-01-23,4,4,4.04
3460,Студент 3460,ББМО-01-23,1,3.7,3.8
3461,Студент 3461,ББМО-01-23,2,4.1,4.12
3462,Студент 3462,ББМО-01-23,3,3.7,3.8
3463,Студент 3463,ББМО-01-23,4,3.8,3.88
3464,Студент 3464,ББМО-01-23,1,4.2,4.2
3467,Студент 3467,ББМО-01-23,4,3.7,3.8
3468,Студент 3468,ББМО-01-23,1,3.3,3.48
3469,Студент 3469,ББМО-01-23,2,3.8,3.88
3470,Студент 3470,ББМО-01-23,3,5,4.84
3472,Студент 3472,ББМО-01-23,1,4.6,4.52
3473,Студент 3473,ББМО-01-23,2,4.2,4.2
3475,Студент 3475,ББМО-01-23,4,3.8,3.88
3476,Студент 3476,ББМО-01-23,1,4,4.04
3477,Студент 3477,ББМО-01-23,2,4.6,4.52
3479,Студент 3479,ББМО-01-23,4,4,4.04
3480,Студент 3480,ББМО-01-23,1,4.8,4.68
3482,Студент 3482,ББМО-01-23,3,3.6,3.72
3484,Студент 3484,ББМО-01-23,1,4.2,4.2
3489,Студент 3489,ББМО-01-23,2,3.2,3.4
3491,Студент 3491,ББМО-01-23,4,3.4,3.56
3493,Студент 3493,ББМО-01-23,2,4,4.04
3494,Студент 3494,ББМО-01-23,3,4.3,4.28
3495,Студент 3495,ББМО-01-23,4,5,4.84
3497,Студент 3497,ББМО-01-23,2,3.5,3.64
3498,Студент 3498,ББМО-01-23,3,4.5,4.44
3500,Студент 3500,ББМО-01-23,1,4.7,4.6
3501,Студент 3501,ББМО-01-23,2,4.7,4.6
3502,Студент 3502,ББМО-01-23,3,4.7,4.6
3503,Студент 3503,ББМО-01-23,4,3.4,3.56
3504,Студент 3504,ББМО-01-23,1,3.7,3.8
3505,Студент 3505,ББМО-01-23,2,4.3,4.28
3506,Студент 3506,ББМО-01-23,3,4.9,4.76
3509,Студент 3509,ББМО-01-23,2,3.9,3.96
3512,Студент 3512,ББМО-01-23,1,4.4,4.36
3515,Студент 3515,ББМО-01-23,4,4,4.04
3517,Студент 3517,ББМО-01-23,2,4.8,4.68
3518,Студент 3518,ББМО-01-23,3,3.6,3.72
3519,Студент 3519,ББМО-01-23,4,4.1,4.12
3520,Студент 3520,ББМО-01-23,1,4.7,4.6
3521,Студент 3521,ББМО-01-23,2,4.3,4.28
3522,Студент 3522,ББМО-01-23,3,4.8,4.68
3524,Студент 3524,ББМО-01-23,1,4,4.04
3526,Студент 3526,ББМО-01-23,3,3.7,3.8
3529,Студент 3529,ББМО-01-23,2,4.7,4.6
3530,Студент 3530,ББМО-01-23,3,4.9,4.76
3531,Студент 3531,ББМО-01-23,4,3.1,3.32
3532,Студент 3532,ББМО-01-23,1,4,4.04
3533,Студент 3533,ББМО-01-23,2,4.3,4.28
3534,Студент 3534,ББМО-01-23,3,4.6,4.52
3535,Студент 3535,ББМО-01-23,4,4.6,4.52
3536,Студент 3536,ББМО-01-23,1,3.5,3.64
3540,Студент 3540,ББМО-01-23,1,3.3,3.48
3544,Студент 3544,ББМО-01-23,1,3.9,3.96
3546,Студент 3546,ББМО-01-23,3,3.1,3.32
3547,Студент 3547,ББМО-01-23,4,4.2,4.2
3548,Студент 3548,ББМО-01-23,1,4.3,4.28
3552,Студент 3552,ББМО-01-23,1,4.4,4.36
3553,Студент 3553,ББМО-01-23,2,4.2,4.2
3556,Студент 3556,ББМО-01-23,1,3.6,3.72
3558,Студент 3558,ББМО-01-23,3,4,4.04
3559,Студент 3559,ББМО-01-23,4,4.7,4.6
3560,Студент 3560,ББМО-01-23,1,4.9,4.76
3562,Студент 3562,ББМО-01-23,3,3.5,3.64
3564,Студент 3564,ББМО-01-23,1,3.1,3.32
3565,Студент 3565,ББМО-01-23,2,4.9,4.76
3567,Студент 3567,ББМО-01-23,4,4.1,4.12
3570,Студент 3570,ББМО-01-23,3,3.5,3.64
3572,Студент 3572,ББМО-01-23,1,4,4.04
3573,Студент 3573,ББМО-01-23,2,4.1,4.12
3574,Студент 3574,ББМО-01-23,3,5,4.84
3577,Студент 3577,ББМО-01-23,2,3.5,3.64
3578,Студент 3578,ББМО-01-23,3,3.3,3.48
3579,Студент 3579,ББМО-01-23,4,3.9,3.96
3580,Студент 3580,ББМО-01-23,1,3.9,3.96
3583,Студент 3583,ББМО-01-23,4,3.5,3.64
3587,Студент 3587,ББМО-01-23,4,3.3,3.48
3588,Студент 3588,ББМО-01-23,1,4.3,4.28
3589,Студент 3589,ББМО-01-23,2,3.7,3.8
3590,Студент 3590,ББМО-01-23,3,4.2,4.2
3591,Студент 3591,ББМО-01-23,4,3.9,3.96
3593,Студент 3593,ББМО-01-23,2,3.6,3.72
3594,Студент 3594,ББМО-01-23,3,3.6,3.72
3596,Студент 3596,ББМО-01-23,1,4.2,4.2
3599,Студент 3599,ББМО-01-23,4,3.6,3.72
3600,Студент 3600,ББМО-01-23,1,4,4.04
3601,Студент 3601,ББМО-01-23,2,3.1,3.32
3603,Студент 3603,ББМО-01-23,4,3.3,3.48
3604,Студент 3604,ББМО-01-23,1,4.2,4.2
3605,Студент 3605,ББМО-01-23,2,4.1,4.12
3606,Студент 3606,ББМО-01-23,3,4.2,4.2
3607,Студент 3607,ББМО-01-23,4,3.3,3.48
3608,Студент 3608,ББМО-01-23,1,3.5,3.64
3610,Студент 3610,ББМО-01-23,3,4.4,4.36
3611,Студент 3611,ББМО-01-23,4,4.8,4.68
3614,Студент 3614,ББМО-01-23,3,4.5,4.44
3618,Студент 3618,ББМО-01-23,3,3.1,3.32
3620,Студент 3620,ББМО-01-23,1,3.2,3.4
3624,Студент 3624,ББМО-01-23,1,4.2,4.2
3625,Студент 3625,ББМО-01-23,2,5,4.84
3628,Студент 3628,ББМО-01-23,1,4.4,4.36
3630,Студент 3630,ББМО-01-23,3,3.5,3.64
3631,Студент 3631,ББМО-01-23,4,4,4.04
3632,Студент 3632,ББМО-01-23,1,3.1,3.32
3635,Студент 3635,ББМО-01-23,4,4.2,4.2
3636,Студент 3636,ББМО-01-23,1,3.5,3.64
3638,Студент 3638,ББМО-01-23,3,4.9,4.76
3640,Студент 3640,ББМО-01-23,1,4.9,4.76
3641,Студент 3641,ББМО-01-23,2,3.4,3.56
3643,Студент 3643,ББМО-01-23,4,3.5,3.64
3644,Студент 3644,ББМО-01-23,1,3.7,3.8
3645,Студент 3645,ББМО-01-23,2,3.4,3.56
3646,Студент 3646,ББМО-01-23,3,3.7,3.8
3649,Студент 3649,ББМО-01-23,2,4.5,4.44
3650,Студент 3650,ББМО-01-23,3,4.9,4.76
3651,Студент 3651,ББМО-01-23,4,3.5,3.64
3654,Студент 3654,ББМО-01-23,3,3.6,3.72
3655,Студент 3655,ББМО-01-23,4,5,4.84
3656,Студент 3656,ББМО-01-23,1,3.2,3.4
3658,Студент 3658,ББМО-01-23,3,5,4.84
3659,Студент 3659,ББМО-01-23,4,3.7,3.8
3660,Студент 3660,ББМО-01-23,1,4.3,4.28
3661,Студент 3661,ББМО-01-23,2,3.4,3.56
3662,Студент 3662,ББМО-01-23,3,4.5,4.44
3665,Студент 3665,ББМО-01-23,2,3.2,3.4
3666,Студент 3666,ББМО-01-23,3,5,4.84
3668,Студент 3668,ББМО-01-23,1,4.9,4.76
3669,Студент 3669,ББМО-01-23,2,4.6,4.52
3670,Студент 3670,ББМО-01-23,3,4.2,4.2
3671,Студент 3671,ББМО-01-23,4,5,4.84
3672,Студент 3672,ББМО-01-23,1,4.2,4.2
3673,Студент 3673,ББМО-01-23,2,4.5,4.44
3674,Студент 3674,ББМО-01-23,3,3.2,3.4
3675,Студент 3675,ББМО-01-23,4,4.5,4.44
3676,Студент 3676,ББМО-01-23,1,3.6,3.72
3677,Студент 3677,ББМО-01-23,2,5,4.84
3678,Студент 3678,ББМО-01-23,3,4.9,4.76
3679,Студент 3679,ББМО-01-23,4,4.7,4.6
3681,Студент 3681,ББМО-01-23,2,4.8,4.68
3682,Студент 3682,ББМО-01-23,3,3.5,3.64
3684,Студент 3684,ББМО-01-23,1,4.6,4.52
3691,Студент 3691,ББМО-01-23,4,3.9,3.96
3694,Студент 3694,ББМО-01-23,3,4.2,4.2
3695,Студент 3695,ББМО-01-23,4,4.3,4.28
3697,Студент 3697,ББМО-01-23,2,3.5,3.64
3698,Студент 3698,ББМО-01-23,3,3.4,3.56
3699,Студент 3699,ББМО-01-23,4,3.7,3.8
3700,Студент 3700,ББМО-01-23,1,3.9,3.96
3701,Студент 3701,ББМО-01-23,2,4.8,4.68
3703,Студент 3703,ББМО-01-23,4,4.4,4.36
3704,Студент 3704,ББМО-01-23,1,4.9,4.76
3705,Студент 3705,ББМО-01-23,2,4.9,4.76
3706,Студент 3706,ББМО-01-23,3,3.4,3.56
3707,Студент 3707,ББМО-01-23,4,3.9,3.96
3709,Студент 3709,ББМО-01-23,2,4.7,4.6
3711,Студент 3711,ББМО-01-23,4,5,4.84
3712,Студент 3712,ББМО-01-23,1,4.9,4.76
3713,Студент 3713,ББМО-01-23,2,4.1,4.12
3714,Студент 3714,ББМО-01-23,3,4.8,4.68
3716,Студент 3716,ББМО-01-23,1,3.4,3.56
3718,Студент 3718,ББМО-01-23,3,4.6,4.52
3719,Студент 3719,ББМО-01-23,4,3.3,3.48
3720,Студент 3720,ББМО-01-23,1,4.2,4.2
3721,Студент 3721,ББМО-01-23,2,4.4,4.36
3722,Студент 3722,ББМО-01-23,3,3.2,3.4
3724,Студент 3724,ББМО-01-23,1,3.6,3.72
3726,Студент 3726,ББМО-01-23,3,3.2,3.4
3728,Студент 3728,ББМО-01-23,1,4.5,4.44
3729,Студент 3729,ББМО-01-23,2,4,4.04
3730,Студент 3730,ББМО-01-23,3,4.8,4.68
3731,Студент 3731,ББМО-01-23,4,4.1,4.12
3732,Студент 3732,ББМО-01-23,1,4.5,4.44
3733,Студент 3733,ББМО-01-23,2,3.1,3.32
3734,Студент 3734,ББМО-01-23,3,3.9,3.96
3735,Студент 3735,ББМО-01-23,4,3.3,3.48
3736,Студент 3736,ББМО-01-23,1,3.2,3.4
3738,Студент 3738,ББМО-01-23,3,4.1,4.12
3739,Студент 3739,ББМО-01-23,4,4.4,4.36
3740,Студент 3740,ББМО-01-23,1,4,4.04
3741,Студент 3741,ББМО-01-23,2,3.9,3.96
3744,Студент 3744,ББМО-01-23,1,4.6,4.52
3745,Студент 3745,ББМО-01-23,2,3.2,3.4
3746,Студент 3746,ББМО-01-23,3,3.2,3.4
3748,Студент 3748,ББМО-01-23,1,4.3,4.28
3752,Студент 3752,ББМО-01-23,1,4.6,4.52
3753,Студент 3753,ББМО-01-23,2,4.5,4.44
3755,Студент 3755,ББМО-01-23,4,4.1,4.12
3756,Студент 3756,ББМО-01-23,1,3.6,3.72
3757,Студент 3757,ББМО-01-23,2,4,4.04
3758,Студент 3758,ББМО-01-23,3,4.6,4.52
3759,Студент 3759,ББМО-01-23,4,4.5,4.44
3760,Студент 3760,ББМО-01-23,1,4.7,4.6
3761,Студент 3761,ББМО-01-23,2,4,4.04
3763,Студент 3763,ББМО-01-23,4,3.5,3.64
3764,Студент 3764,ББМО-01-23,1,3.3,3.48
3766,Студент 3766,ББМО-01-23,3,4.6,4.52
3769,Студент 3769,ББМО-01-23,2,3.6,3.72
3770,Студент 3770,ББМО-01-23,3,3.7,3.8
3771,Студент 3771,ББМО-01-23,4,4.7,4.6
3772,Студент 3772,ББМО-01-23,1,4,4.04
3773,Студент 3773,ББМО-01-23,2,3.2,3.4
3774,Студент 3774,ББМО-01-23,3,4.9,4.76
3776,Студент 3776,ББМО-01-23,1,3.2,3.4
3777,Студент 3777,ББМО-01-23,2,3.1,3.32
3780,Студент 3780,ББМО-01-23,1,4.1,4.12
3781,Студент 3781,ББМО-01-23,2,4,4.04
3783,Студент 3783,ББМО-01-23,4,4.9,4.76
3784,Студент 3784,ББМО-01-23,1,4.5,4.44
3787,Студент 3787,ББМО-01-23,4,3.8,3.88
3790,Студент 3790,ББМО-01-23,3,4,4.04
3793,Студент 3793,ББМО-01-23,2,4.9,4.76
3794,Студент 3794,ББМО-01-23,3,4.6,4.52
3795,Студент 3795,ББМО-01-23,4,4.1,4.12
3796,Студент 3796,ББМО-01-23,1,5,4.84
3797,Студент 3797,ББМО-01-23,2,4.3,4.28
3798,Студент 3798,ББМО-01-23,3,3.8,3.88
3799,Студент 3799,ББМО-01-23,4,4.1,4.12
3801,Студент 3801,ББМО-01-23,2,4.8,4.68
3802,Студент 3802,ББМО-01-23,3,4,4.04
3803,Студент 3803,ББМО-01-23,4,3.2,3.4
3804,Студент 3804,ББМО-01-23,1,3.2,3.4
3805,Студент 3805,ББМО-01-23,2,4.3,4.28
3809,Студент 3809,ББМО-01-23,2,3.5,3.64
3811,Студент 3811,ББМО-01-23,4,4.4,4.36
3812,Студент 3812,ББМО-01-23,1,4.4,4.36
3813,Студент 3813,ББМО-01-23,2,4.9,4.76
3816,Студент 3816,ББМО-01-23,1,3.6,3.72
3817,Студент 3817,ББМО-01-23,2,4.7,4.6
3818,Студент 3818,ББМО-01-23,3,3.5,3.64
3820,Студент 3820,ББМО-01-23,1,4.1,4.12
3821,Студент 3821,ББМО-01-23,2,4.7,4.6
3822,Студент 3822,ББМО-01-23,3,4.2,4.2
3824,Студент 3824,ББМО-01-23,1,3.2,3.4
3826,Студент 3826,ББМО-01-23,3,3.3,3.48
3827,Студент 3827,ББМО-01-23,4,4.5,4.44
3829,Студент 3829,ББМО-01-23,2,3.2,3.4
3832,Студент 3832,ББМО-01-23,1,3.7,3.8
3833,Студент 3833,ББМО-01-23,2,3.1,3.32
3835,Студент 3835,ББМО-01-23,4,4.1,4.12
3836,Студент 3836,ББМО-01-23,1,4.6,4.52
3837,Студент 3837,ББМО-01-23,2,3.7,3.8
3838,Студент 3838,ББМО-01-23,3,3.3,3.48
3841,Студент 3841,ББМО-01-23,2,4.5,4.44
3843,Студент 3843,ББМО-01-23,4,4.6,4.52
3845,Студент 3845,ББМО-01-23,2,4.6,4.52
3846,Студент 3846,ББМО-01-23,3,3.7,3.8
3847,Студент 3847,ББМО-01-23,4,4.4,4.36
3848,Студент 3848,ББМО-01-23,1,3.1,3.32
3849,Студент 3849,ББМО-01-23,2,3.7,3.8
3850,Студент 3850,ББМО-01-23,3,3.7,3.8
3851,Студент 3851,ББМО-01-23,4,4.2,4.2
3853,Студент 3853,ББМО-01-23,2,3.2,3.4
3854,Студент 3854,ББМО-01-23,3,4.1,4.12
3857,Студент 3857,ББМО-01-23,2,4.5,4.44
3859,Студент 3859,ББМО-01-23,4,4.4,4.36
3860,Студент 3860,ББМО-01-23,1,3.8,3.88
3861,Студент 3861,ББМО-01-23,2,4.8,4.68
3862,Студент 3862,ББМО-01-23,3,3.6,3.72
3863,Студент 3863,ББМО-01-23,4,4.3,4.28
3864,Студент 3864,ББМО-01-23,1,3.7,3.8
3866,Студент 3866,ББМО-01-23,3,3.2,3.4
3867,Студент 3867,ББМО-01-23,4,4.3,4.28
3868,Студент 3868,ББМО-01-23,1,4.9,4.76
3871,Студент 3871,ББМО-01-23,4,4.6,4.52
3873,Студент 3873,ББМО-01-23,2,3.9,3.96
3874,Студент 3874,ББМО-01-23,3,3.3,3.48
3875,Студент 3875,ББМО-01-23,4,3.6,3.72
3878,Студент 3878,ББМО-01-23,3,3.4,3.56
3879,Студент 3879,ББМО-01-23,4,3.7,3.8
3880,Студент 3880,ББМО-01-23,1,4.2,4.2
3882,Студент 3882,ББМО-01-23,3,4.5,4.44
3884,Студент 3884,ББМО-01-23,1,3.9,3.96
3885,Студент 3885,ББМО-01-23,2,4.1,4.12
3886,Студент 3886,ББМО-01-23,3,3.8,3.88
3889,Студент 3889,ББМО-01-23,2,3.3,3.48
3890,Студент 3890,ББМО-01-23,3,3.2,3.4
3893,Студент 3893,ББМО-01-23,2,3.5,3.64
3894,Студент 3894,ББМО-01-23,3,4.8,4.68
3895,Студент 3895,ББМО-01-23,4,3.4,3.56
3897,Студент 3897,ББМО-01-23,2,4.1,4.12
3898,Студент 3898,ББМО-01-23,3,4.7,4.6
3899,Студент 3899,ББМО-01-23,4,4.2,4.2
3901,Студент 3901,ББМО-01-23,2,3.6,3.72
3902,Студент 3902,ББМО-01-23,3,4.6,4.52
3904,Студент 3904,ББМО-01-23,1,3.6,3.72
3906,Студент 3906,ББМО-01-23,3,4.7,4.6
3909,Студент 3909,ББМО-01-23,2,4.8,4.68
3910,Студент 3910,ББМО-01-23,3,3.3,3.48
3913,Студент 3913,ББМО-01-23,2,3.5,3.64
3917,Студент 3917,ББМО-01-23,2,4.4,4.36
3918,Студент 3918,ББМО-01-23,3,4.5,4.44
3919,Студент 3919,ББМО-01-23,4,4.8,4.68
3920,Студент 3920,ББМО-01-23,1,4,4.04
3922,Студент 3922,ББМО-01-23,3,4.3,4.28
3923,Студент 3923,ББМО-01-23,4,4.1,4.12
3926,Студент 3926,ББМО-01-23,3,3.2,3.4
3927,Студент 3927,ББМО-01-23,4,4.5,4.44
3928,Студент 3928,ББМО-01-23,1,3.9,3.96
3931,Студент 3931,ББМО-01-23,4,4,4.04
3932,Студент 3932,ББМО-01-23,1,4.5,4.44
3933,Студент 3933,ББМО-01-23,2,3.8,3.88
3934,Студент 3934,ББМО-01-23,3,4.6,4.52
3935,Студент 3935,ББМО-01-23,4,4,4.04
3937,Студент 3937,ББМО-01-23,2,4.4,4.36
3940,Студент 3940,ББМО-01-23,1,3.9,3.96
3941,Студент 3941,ББМО-01-23,2,4.4,4.36
3942,Студент 3942,ББМО-01-23,3,3.9,3.96
3943,Студент 3943,ББМО-01-23,4,3.9,3.96
3945,Студент 3945,ББМО-01-23,2,3.5,3.64
3946,Студент 3946,ББМО-01-23,3,3.2,3.4
3947,Студент 3947,ББМО-01-23,4,3.7,3.8
3949,Студент 3949,ББМО-01-23,2,3.3,3.48
3950,Студент 3950,ББМО-01-23,3,4.5,4.44
3953,Студент 3953,ББМО-01-23,2,4.1,4.12
3954,Студент 3954,ББМО-01-23,3,3.2,3.4
3957,Студент 3957,ББМО-01-23,2,3.5,3.64
3958,Студент 3958,ББМО-01-23,3,3.3,3.48
3959,Студент 3959,ББМО-01-23,4,4.7,4.6
3960,Студент 3960,ББМО-01-23,1,4.3,4.28
3961,Студент 3961,ББМО-01-23,2,4.7,4.6
3962,Студент 3962,ББМО-01-23,3,3.6,3.72
3964,Студент 3964,ББМО-01-23,1,4.4,4.36
3965,Студент 3965,ББМО-01-23,2,4.3,4.28
3967,Студент 3967,ББМО-01-23,4,4.5,4.44
3969,Студент 3969,ББМО-01-23,2,4.7,4.6
3970,Студент 3970,ББМО-01-23,3,3.5,3.64
3972,Студент 3972,ББМО-01-23,1,4.8,4.68
3974,Студент 3974,ББМО-01-23,3,4.5,4.44
3975,Студент 3975,ББМО-01-23,4,4.3,4.28
3976,Студент 3976,ББМО-01-23,1,4.8,4.68
3977,Студент 3977,ББМО-01-23,2,3.6,3.72
3978,Студент 3978,ББМО-01-23,3,5,4.84
3981,Студент 3981,ББМО-01-23,2,3.4,3.56
3982,Студент 3982,ББМО-01-23,3,4.6,4.52
3983,Студент 3983,ББМО-01-23,4,4.5,4.44
3986,Студент 3986,ББМО-01-23,3,3.7,3.8
3987,Студент 3987,ББМО-01-23,4,4.8,4.68
3988,Студент 3988,ББМО-01-23,1,4.7,4.6
3993,Студент 3993,ББМО-01-23,2,4.2,4.2
3994,Студент 3994,ББМО-01-23,3,3.8,3.88
3995,Студент 3995,ББМО-01-23,4,4.3,4.28
3996,Студент 3996,ББМО-01-23,1,3.5,3.64
3997,Студент 3997,ББМО-01-23,2,4.6,4.52
3999,Студент 3999,ББМО-01-23,4,3.1,3.32
4001,Студент 4001,ББМО-01-23,2,4.8,4.68
4002,Студент 4002,ББМО-01-23,3,3.9,3.96
4004,Студент 4004,ББМО-01-23,1,3.5,3.64
4005,Студент 4005,ББМО-01-23,2,4.3,4.28
4009,Студент 4009,ББМО-01-23,2,4.1,4.12
4011,Студент 4011,ББМО-01-23,4,4.3,4.28
4012,Студент 4012,ББМО-01-23,1,3.2,3.4
4014,Студент 4014,ББМО-01-23,3,3.4,3.56
4015,Студент 4015,ББМО-01-23,4,3.4,3.56
4017,Студент 4017,ББМО-01-23,2,4.6,4.52
4018,Студент 4018,ББМО-01-23,3,3.3,3.48
4020,Студент 4020,ББМО-01-23,1,4.8,4.68
4022,Студент 4022,ББМО-01-23,3,4.7,4.6
4023,Студент 4023,ББМО-01-23,4,4.2,4.2
4024,Студент 4024,ББМО-01-23,1,4.1,4.12
4027,Студент 4027,ББМО-01-23,4,3.3,3.48
4028,Студент 4028,ББМО-01-23,1,4.4,4.36
4029,Студент 4029,ББМО-01-23,2,4.6,4.52
4031,Студент 4031,ББМО-01-23,4,5,4.84
4032,Студент 4032,ББМО-01-23,1,3.2,3.4
4033,Студент 4033,ББМО-01-23,2,3.2,3.4
4034,Студент 4034,ББМО-01-23,3,4.7,4.6
4037,Студент 4037,ББМО-01-23,2,3.8,3.88
4038,Студент 4038,ББМО-01-23,3,3.2,3.4
4039,Студент 4039,ББМО-01-23,4,4.7,4.6
4040,Студент 4040,ББМО-01-23,1,4.7,4.6
4042,Студент 4042,ББМО-01-23,3,4.8,4.68
4043,Студент 4043,ББМО-01-23,4,3.3,3.48
4044,Студент 4044,ББМО-01-23,1,4.9,4.76
4047,Студент 4047,ББМО-01-23,4,3.6,3.72
4048,Студент 4048,ББМО-01-23,1,3.3,3.48
4050,Студент 4050,ББМО-01-23,3,3.9,3.96
4053,Студент 4053,ББМО-01-23,2,3.7,3.8
4054,Студент 4054,ББМО-01-23,3,3.5,3.64
4055,Студент 4055,ББМО-01-23,4,4.7,4.6
4056,Студент 4056,ББМО-01-23,1,4.4,4.36
4059,Студент 4059,ББМО-01-23,4,4.8,4.68
4060,Студент 4060,ББМО-01-23,1,4,4.04
4061,Студент 4061,ББМО-01-23,2,3.5,3.64
4062,Студент 4062,ББМО-01-23,3,4,4.04
4063,Студент 4063,ББМО-01-23,4,3.9,3.96
4064,Студент 4064,ББМО-01-23,1,4.4,4.36
4066,Студент 4066,ББМО-01-23,3,3.6,3.72
4069,Студент 4069,ББМО-01-23,2,5,4.84
4070,Студент 4070,ББМО-01-23,3,4.9,4.76
4071,Студент 4071,ББМО-01-23,4,4.9,4.76
4072,Студент 4072,ББМО-01-23,1,4.5,4.44
4073,Студент 4073,ББМО-01-23,2,3.5,3.64
4074,Студент 4074,ББМО-01-23,3,3.2,3.4
4075,Студент 4075,ББМО-01-23,4,3.3,3.48
4076,Студент 4076,ББМО-01-23,1,4.8,4.68
4078,Студент 4078,ББМО-01-23,3,3.4,3.56
4079,Студент 4079,ББМО-01-23,4,4.9,4.76
4082,Студент 4082,ББМО-01-23,3,4.2,4.2
4086,Студент 4086,ББМО-01-23,3,4,4.04
4087,Студент 4087,ББМО-01-23,4,4.2,4.2
4090,Студент 4090,ББМО-01-23,3,4.2,4.2
4091,Студент 4091,ББМО-01-23,4,3.9,3.96
4092,Студент 4092,ББМО-01-23,1,4.3,4.28
4094,Студент 4094,ББМО-01-23,3,3.3,3.48
4095,Студент 4095,ББМО-01-23,4,3.4,3.56
4096,Студент 4096,ББМО-01-23,1,3.3,3.48
4097,Студент 4097,ББМО-01-23,2,4.7,4.6
4098,Студент 4098,ББМО-01-23,3,3.7,3.8
4099,Студент 4099,ББМО-01-23,4,3.3,3.48
4100,Студент 4100,ББМО-01-23,1,3.3,3.48
4101,Студент 4101,ББМО-01-23,2,3.1,3.32
4102,Студент 4102,ББМО-01-23,3,4.7,4.6
4103,Студент 4103,ББМО-01-23,4,3.2,3.4
4104,Студент 4104,ББМО-01-23,1,3.2,3.4
4105,Студент 4105,ББМО-01-23,2,4.4,4.36
4107,Студент 4107,ББМО-01-23,4,3.9,3.96
4109,Студент 4109,ББМО-01-23,2,3.2,3.4
4110,Студент 4110,ББМО-01-23,3,3.6,3.72
4113,Студент 4113,ББМО-01-23,2,4.8,4.68
4114,Студент 4114,ББМО-01-23,3,4.9,4.76
4115,Студент 4115,ББМО-01-23,4,3.7,3.8
4116,Студент 4116,ББМО-01-23,1,4.8,4.68
4117,Студент 4117,ББМО-01-23,2,5,4.84
4118,Студент 4118,ББМО-01-23,3,3.8,3.88
4119,Студент 4119,ББМО-01-23,4,4.5,4.44
4121,Студент 4121,ББМО-01-23,2,3.9,3.96
4122,Студент 4122,ББМО-01-23,3,4.1,4.12
4124,Студент 4124,ББМО-01-23,1,3.7,3.8
4125,Студент 4125,ББМО-01-23,2,3.2,3.4
4128,Студент 4128,ББМО-01-23,1,4.1,4.12
4129,Студент 4129,ББМО-01-23,2,4.1,4.12
4131,Студент 4131,ББМО-01-23,4,3.1,3.32
4132,Студент 4132,ББМО-01-23,1,4.3,4.28
4135,Студент 4135,ББМО-01-23,4,4.2,4.2
4137,Студент 4137,ББМО-01-23,2,3.6,3.72
4138,Студент 4138,ББМО-01-23,3,3.9,3.96
4139,Студент 4139,ББМО-01-23,4,3.3,3.48
4140,Студент 4140,ББМО-01-23,1,4.7,4.6
4142,Студент 4142,ББМО-01-23,3,4,4.04
4143,Студент 4143,ББМО-01-23,4,4.2,4.2
4144,Студент 4144,ББМО-01-23,1,4.7,4.6
4146,Студент 4146,ББМО-01-23,3,4.1,4.12
4148,Студент 4148,ББМО-01-23,1,3.3,3.48
4149,Студент 4149,ББМО-01-23,2,3.1,3.32
4150,Студент 4150,ББМО-01-23,3,4.3,4.28
4152,Студент 4152,ББМО-01-23,1,4.5,4.44
4154,Студент 4154,ББМО-01-23,3,3.6,3.72
4155,Студент 4155,ББМО-01-23,4,3.1,3.32
4158,Студент 4158,ББМО-01-23,3,3.2,3.4
4160,Студент 4160,ББМО-01-23,1,4.5,4.44
4161,Студент 4161,ББМО-01-23,2,4.8,4.68
4162,Студент 4162,ББМО-01-23,3,3.1,3.32
4164,Студент 4164,ББМО-01-23,1,4.2,4.2
4166,Студент 4166,ББМО-01-23,3,4.5,4.44
4168,Студент 4168,ББМО-01-23,1,4.9,4.76
4171,Студент 4171,ББМО-01-23,4,3.1,3.32
4174,Студент 4174,ББМО-01-23,3,3.4,3.56
4175,Студент 4175,ББМО-01-23,4,4.2,4.2
4176,Студент 4176,ББМО-01-23,1,4.3,4.28
4179,Студент 4179,ББМО-01-23,4,3.9,3.96
4181,Студент 4181,ББМО-01-23,2,4.7,4.6
4182,Студент 4182,ББМО-01-23,3,4.5,4.44
4184,Студент 4184,ББМО-01-23,1,4.3,4.28
4185,Студент 4185,ББМО-01-23,2,3.5,3.64
4188,Студент 4188,ББМО-01-23,1,3.5,3.64
4189,Студент 4189,ББМО-01-23,2,3.9,3.96
4190,Студент 4190,ББМО-01-23,3,3.3,3.48
4191,Студент 4191,ББМО-01-23,4,4.2,4.2
4193,Студент 4193,ББМО-01-23,2,4.7,4.6
4194,Студент 4194,ББМО-01-23,3,3.5,3.64
4195,Студент 4195,ББМО-01-23,4,4,4.04
4196,Студент 4196,ББМО-01-23,1,3.6,3.72
4197,Студент 4197,ББМО-01-23,2,3.3,3.48
4198,Студент 4198,ББМО-01-23,3,3.4,3.56
4200,Студент 4200,ББМО-01-23,1,4.4,4.36
4201,Студент 4201,ББМО-01-23,2,3.1,3.32
4202,Студент 4202,ББМО-01-23,3,3.9,3.96
4203,Студент 4203,ББМО-01-23,4,3.8,3.88
4204,Студент 4204,ББМО-01-23,1,4.2,4.2
4205,Студент 4205,ББМО-01-23,2,4.4,4.36
4206,Студент 4206,ББМО-01-23,3,3.9,3.96
4207,Студент 4207,ББМО-01-23,4,4.9,4.76
4212,Студент 4212,ББМО-01-23,1,3.1,3.32
4213,Студент 4213,ББМО-01-23,2,3.2,3.4
4214,Студент 4214,ББМО-01-23,3,3.3,3.48
4215,Студент 4215,ББМО-01-23,4,3.6,3.72
4216,Студент 4216,ББМО-01-23,1,3.1,3.32
4217,Студент 4217,ББМО-01-23,2,3.1,3.32
4218,Студент 4218,ББМО-01-23,3,3.4,3.56
4219,Студент 4219,ББМО-01-23,4,4.6,4.52
4220,Студент 4220,ББМО-01-23,1,4.9,4.76
4221,Студент 4221,ББМО-01-23,2,5,4.84
4222,Студент 4222,ББМО-01-23,3,3.2,3.4
4223,Студент 4223,ББМО-01-23,4,3.3,3.48
4226,Студент 4226,ББМО-01-23,3,4.6,4.52
4227,Студент 4227,ББМО-01-23,4,4.7,4.6
4228,Студент 4228,ББМО-01-23,1,3.7,3.8
4230,Студент 4230,ББМО-01-23,3,4,4.04
4231,Студент 4231,ББМО-01-23,4,4.1,4.12
4232,Студент 4232,ББМО-01-23,1,4.6,4.52
4233,Студент 4233,ББМО-01-23,2,4.5,4.44
4234,Студент 4234,ББМО-01-23,3,4.6,4.52
4235,Студент 4235,ББМО-01-23,4,4,4.04
4236,Студент 4236,ББМО-01-23,1,4.4,4.36
4237,Студент 4237,ББМО-01-23,2,4.2,4.2
4238,Студент 4238,ББМО-01-23,3,4.6,4.52
4239,Студент 4239,ББМО-01-23,4,4.9,4.76
4241,Студент 4241,ББМО-01-23,2,4.5,4.44
4242,Студент 4242,ББМО-01-23,3,4.6,4.52
4243,Студент 4243,ББМО-01-23,4,3.7,3.8
4245,Студент 4245,ББМО-01-23,2,4.5,4.44
4247,Студент 4247,ББМО-01-23,4,4,4.04
4249,Студент 4249,ББМО-01-23,2,4,4.04
4252,Студент 4252,ББМО-01-23,1,3.8,3.88
4254,Студент 4254,ББМО-01-23,3,4.1,4.12
4255,Студент 4255,ББМО-01-23,4,3.6,3.72
4256,Студент 4256,ББМО-01-23,1,4.5,4.44
4257,Студент 4257,ББМО-01-23,2,4.5,4.44
4258,Студент 4258,ББМО-01-23,3,4.5,4.44
4260,Студент 4260,ББМО-01-23,1,4.1,4.12
4265,Студент 4265,ББМО-01-23,2,4.9,4.76
4266,Студент 4266,ББМО-01-23,3,4.7,4.6
4267,Студент 4267,ББМО-01-23,4,4.3,4.28
4269,Студент 4269,ББМО-01-23,2,4,4.04
4270,Студент 4270,ББМО-01-23,3,4.7,4.6
4271,Студент 4271,ББМО-01-23,4,5,4.84
4273,Студент 4273,ББМО-01-23,2,4.6,4.52
4276,Студент 4276,ББМО-01-23,1,4,4.04
4277,Студент 4277,ББМО-01-23,2,4.6,4.52
4279,Студент 4279,ББМО-01-23,4,3.2,3.4
4282,Студент 4282,ББМО-01-23,3,3.6,3.72
4284,Студент 4284,ББМО-01-23,1,3.3,3.48
4285,Студент 4285,ББМО-01-23,2,4.8,4.68
4289,Студент 4289,ББМО-01-23,2,4.4,4.36
4290,Студент 4290,ББМО-01-23,3,4.7,4.6
4291,Студент 4291,ББМО-01-23,4,3.9,3.96
4292,Студент 4292,ББМО-01-23,1,3.7,3.8
4294,Студент 4294,ББМО-01-23,3,4.6,4.52
4295,Студент 4295,ББМО-01-23,4,3.2,3.4
4296,Студент 4296,ББМО-01-23,1,3.9,3.96
4297,Студент 4297,ББМО-01-23,2,4.8,4.68
4298,Студент 4298,ББМО-01-23,3,3.5,3.64
4300,Студент 4300,ББМО-01-23,1,4.7,4.6
4305,Студент 4305,ББМО-01-23,2,4.3,4.28
4308,Студент 4308,ББМО-01-23,1,4.8,4.68
4309,Студент 4309,ББМО-01-23,2,4,4.04
4312,Студент 4312,ББМО-01-23,1,3.4,3.56
4314,Студент 4314,ББМО-01-23,3,4.9,4.76
4315,Студент 4315,ББМО-01-23,4,4.4,4.36
4316,Студент 4316,ББМО-01-23,1,4.8,4.68
4317,Студент 4317,ББМО-01-23,2,4.5,4.44
4318,Студент 4318,ББМО-01-23,3,5,4.84
4319,Студент 4319,ББМО-01-23,4,3.2,3.4
4320,Студент 4320,ББМО-01-23,1,4.3,4.28
4322,Студент 4322,ББМО-01-23,3,4.6,4.52
4323,Студент 4323,ББМО-01-23,4,3.5,3.64
4324,Студент 4324,ББМО-01-23,1,3.4,3.56
4325,Студент 4325,ББМО-01-23,2,4.3,4.28
4327,Студент 4327,ББМО-01-23,4,4.5,4.44
4329,Студент 4329,ББМО-01-23,2,3.2,3.4
4330,Студент 4330,ББМО-01-23,3,4.1,4.12
4332,Студент 4332,ББМО-01-23,1,3.3,3.48
4334,Студент 4334,ББМО-01-23,3,4.6,4.52
4335,Студент 4335,ББМО-01-23,4,3.1,3.32
4337,Студент 4337,ББМО-01-23,2,3.2,3.4
4338,Студент 4338,ББМО-01-23,3,4.4,4.36
4339,Студент 4339,ББМО-01-23,4,4,4.04
4341,Студент 4341,ББМО-01-23,2,4.6,4.52
4342,Студент 4342,ББМО-01-23,3,4.8,4.68
4343,Студент 4343,ББМО-01-23,4,3.6,3.72
4345,Студент 4345,ББМО-01-23,2,3.2,3.4
4346,Студент 4346,ББМО-01-23,3,3.7,3.8
4347,Студент 4347,ББМО-01-23,4,3.5,3.64
4348,Студент 4348,ББМО-01-23,1,4.5,4.44
4349,Студент 4349,ББМО-01-23,2,3.4,3.56
4352,Студент 4352,ББМО-01-23,1,3.5,3.64
4353,Студент 4353,ББМО-01-23,2,4,4.04
4354,Студент 4354,ББМО-01-23,3,4.6,4.52
4356,Студент 4356,ББМО-01-23,1,3.3,3.48
4358,Студент 4358,ББМО-01-23,3,4.5,4.44
4359,Студент 4359,ББМО-01-23,4,4.8,4.68
4360,Студент 4360,ББМО-01-23,1,3.2,3.4
4361,Студент 4361,ББМО-01-23,2,4.1,4.12
4362,Студент 4362,ББМО-01-23,3,3.2,3.4
4364,Студент 4364,ББМО-01-23,1,3.2,3.4
4366,Студент 4366,ББМО-01-23,3,5,4.84
4367,Студент 4367,ББМО-01-23,4,3.1,3.32
4368,Студент 4368,ББМО-01-23,1,3.7,3.8
4369,Студент 4369,ББМО-01-23,2,3.8,3.88
4370,Студент 4370,ББМО-01-23,3,3.2,3.4
4371,Студент 4371,ББМО-01-23,4,3.7,3.8
4374,Студент 4374,ББМО-01-23,3,4.8,4.68
4376,Студент 4376,ББМО-01-23,1,3.9,3.96
4377,Студент 4377,ББМО-01-23,2,3.3,3.48
4379,Студент 4379,ББМО-01-23,4,4.6,4.52
4380,Студент 4380,ББМО-01-23,1,3.8,3.88
4384,Студент 4384,ББМО-01-23,1,3.3,3.48
4385,Студент 4385,ББМО-01-23,2,3.9,3.96
4387,Студент 4387,ББМО-01-23,4,4.7,4.6
4388,Студент 4388,ББМО-01-23,1,3.2,3.4
4389,Студент 4389,ББМО-01-23,2,4.1,4.12
4390,Студент 4390,ББМО-01-23,3,3.3,3.48
4391,Студент 4391,ББМО-01-23,4,3.2,3.4
4393,Студент 4393,ББМО-01-23,2,4,4.04
4395,Студент 4395,ББМО-01-23,4,4.1,4.12
4396,Студент 4396,ББМО-01-23,1,3.8,3.88
4397,Студент 4397,ББМО-01-23,2,4.4,4.36
4400,Студент 4400,ББМО-01-23,1,4.8,4.68
4401,Студент 4401,ББМО-01-23,2,4,4.04
4402,Студент 4402,ББМО-01-23,3,4.7,4.6
4404,Студент 4404,ББМО-01-23,1,4.8,4.68
4405,Студент 4405,ББМО-01-23,2,3.7,3.8
4406,Студент 4406,ББМО-01-23,3,4.4,4.36
4408,Студент 4408,ББМО-01-23,1,4.5,4.44
4411,Студент 4411,ББМО-01-23,4,4.8,4.68
4417,Студент 4417,ББМО-01-23,2,4.7,4.6
4418,Студент 4418,ББМО-01-23,3,4.4,4.36
4420,Студент 4420,ББМО-01-23,1,4.2,4.2
4421,Студент 4421,ББМО-01-23,2,3.2,3.4
4422,Студент 4422,ББМО-01-23,3,3.6,3.72
4423,Студент 4423,ББМО-01-23,4,4.6,4.52
4424,Студент 4424,ББМО-01-23,1,3.8,3.88
4426,Студент 4426,ББМО-01-23,3,4.8,4.68
4429,Студент 4429,ББМО-01-23,2,4.9,4.76
4434,Студент 4434,ББМО-01-23,3,5,4.84
4436,Студент 4436,ББМО-01-23,1,4.9,4.76
4437,Студент 4437,ББМО-01-23,2,4.6,4.52
4439,Студент 4439,ББМО-01-23,4,4,4.04
4440,Студент 4440,ББМО-01-23,1,4.8,4.68
4441,Студент 4441,ББМО-01-23,2,3.5,3.64
4442,Студент 4442,ББМО-01-23,3,4.2,4.2
4443,Студент 4443,ББМО-01-23,4,4.1,4.12
4444,Студент 4444,ББМО-01-23,1,3.8,3.88
4446,Студент 4446,ББМО-01-23,3,3.4,3.56
4447,Студент 4447,ББМО-01-23,4,3.2,3.4
4448,Студент 4448,ББМО-01-23,1,4.6,4.52
4449,Студент 4449,ББМО-01-23,2,4.9,4.76
4450,Студент 4450,ББМО-01-23,3,3.3,3.48
4451,Студент 4451,ББМО-01-23,4,3.4,3.56
4452,Студент 4452,ББМО-01-23,1,3.7,3.8
4453,Студент 4453,ББМО-01-23,2,3.5,3.64
4457,Студент 4457,ББМО-01-23,2,4.6,4.52
4458,Студент 4458,ББМО-01-23,3,3.4,3.56
4459,Студент 4459,ББМО-01-23,4,3.7,3.8
4460,Студент 4460,ББМО-01-23,1,4.5,4.44
4461,Студент 4461,ББМО-01-23,2,5,4.84
4462,Студент 4462,ББМО-01-23,3,4.3,4.28
4463,Студент 4463,ББМО-01-23,4,3.3,3.48
4465,Студент 4465,ББМО-01-23,2,3.3,3.48
4466,Студент 4466,ББМО-01-23,3,3.2,3.4
4468,Студент 4468,ББМО-01-23,1,3.7,3.8
4470,Студент 4470,ББМО-01-23,3,5,4.84
4471,Студент 4471,ББМО-01-23,4,3.7,3.8
4473,Студент 4473,ББМО-01-23,2,4.5,4.44
4474,Студент 4474,ББМО-01-23,3,3.2,3.4
4476,Студент 4476,ББМО-01-23,1,5,4.84
4478,Студент 4478,ББМО-01-23,3,3.9,3.96
4479,Студент 4479,ББМО-01-23,4,3.9,3.96
4481,Студент 4481,ББМО-01-23,2,3.7,3.8
4482,Студент 4482,ББМО-01-23,3,4.3,4.28
4487,Студент 4487,ББМО-01-23,4,3.2,3.4
4489,Студент 4489,ББМО-01-23,2,4.8,4.68
4491,Студент 4491,ББМО-01-23,4,4,4.04
4492,Студент 4492,ББМО-01-23,1,4.1,4.12
4495,Студент 4495,ББМО-01-23,4,4.1,4.12
4496,Студент 4496,ББМО-01-23,1,3.3,3.48
4498,Студент 4498,ББМО-01-23,3,4.5,4.44
4499,Студент 4499,ББМО-01-23,4,3.4,3.56
4500,Студент 4500,ББМО-01-23,1,3.5,3.64
4501,Студент 4501,ББМО-01-23,2,4.4,4.36
4502,Студент 4502,ББМО-01-23,3,4,4.04
4503,Студент 4503,ББМО-01-23,4,3.4,3.56
4506,Студент 4506,ББМО-01-23,3,3.3,3.48
4510,Студент 4510,ББМО-01-23,3,3.7,3.8
4511,Студент 4511,ББМО-01-23,4,4.4,4.36
4512,Студент 4512,ББМО-01-23,1,4.4,4.36
4513,Студент 4513,ББМО-01-23,2,4.5,4.44
4514,Студент 4514,ББМО-01-23,3,4.2,4.2
4515,Студент 4515,ББМО-01-23,4,4.7,4.6
4518,Студент 4518,ББМО-01-23,3,3.4,3.56
4519,Студент 4519,ББМО-01-23,4,4.4,4.36
4521,Студент 4521,ББМО-01-23,2,4,4.04
4522,Студент 4522,ББМО-01-23,3,5,4.84
4524,Студент 4524,ББМО-01-23,1,4.1,4.12
4525,Студент 4525,ББМО-01-23,2,3.4,3.56
4527,Студент 4527,ББМО-01-23,4,3.5,3.64
4528,Студент 4528,ББМО-01-23,1,3.6,3.72
4529,Студент 4529,ББМО-01-23,2,4.9,4.76
4530,Студент 4530,ББМО-01-23,3,4.4,4.36
4531,Студент 4531,ББМО-01-23,4,3.5,3.64
4532,Студент 4532,ББМО-01-23,1,4.3,4.28
4534,Студент 4534,ББМО-01-23,3,3.2,3.4
4535,Студент 4535,ББМО-01-23,4,3.4,3.56
4536,Студент 4536,ББМО-01-23,1,4.5,4.44
4538,Студент 4538,ББМО-01-23,3,3.1,3.32
4541,Студент 4541,ББМО-01-23,2,3.1,3.32
4542,Студент 4542,ББМО-01-23,3,3.8,3.88
4543,Студент 4543,ББМО-01-23,4,5,4.84
4544,Студент 4544,ББМО-01-23,1,4.8,4.68
4546,Студент 4546,ББМО-01-23,3,3.6,3.72
4547,Студент 4547,ББМО-01-23,4,4.7,4.6
4548,Студент 4548,ББМО-01-23,1,4.7,4.6
4551,Студент 4551,ББМО-01-23,4,4.7,4.6
4552,Студент 4552,ББМО-01-23,1,4.8,4.68
4553,Студент 4553,ББМО-01-23,2,4.5,4.44
4555,Студент 4555,ББМО-01-23,4,3.1,3.32
4556,Студент 4556,ББМО-01-23,1,3.2,3.4
4557,Студент 4557,ББМО-01-23,2,3.3,3.48
4560,Студент 4560,ББМО-01-23,1,3.1,3.32
4561,Студент 4561,ББМО-01-23,2,3.6,3.72
4562,Студент 4562,ББМО-01-23,3,3.8,3.88
4563,Студент 4563,ББМО-01-23,4,3.3,3.48
4564,Студент 4564,ББМО-01-23,1,3.1,3.32
4565,Студент 4565,ББМО-01-23,2,4.9,4.76
4566,Студент 4566,ББМО-01-23,3,4.8,4.68
4567,Студент 4567,ББМО-01-23,4,3.7,3.8
4569,Студент 4569,ББМО-01-23,2,4.8,4.68
4570,Студент 4570,ББМО-01-23,3,4,4.04
4571,Студент 4571,ББМО-01-23,4,3.4,3.56
4574,Студент 4574,ББМО-01-23,3,4.6,4.52
4575,Студент 4575,ББМО-01-23,4,3.5,3.64
4576,Студент 4576,ББМО-01-23,1,4.8,4.68
4577,Студент 4577,ББМО-01-23,2,3.7,3.8
4578,Студент 4578,ББМО-01-23,3,3.8,3.88
4580,Студент 4580,ББМО-01-23,1,3.7,3.8
4583,Студент 4583,ББМО-01-23,4,4.8,4.68
4584,Студент 4584,ББМО-01-23,1,3.3,3.48
4585,Студент 4585,ББМО-01-23,2,3.9,3.96
4586,Студент 4586,ББМО-01-23,3,4.2,4.2
4589,Студент 4589,ББМО-01-23,2,3.1,3.32
4590,Студент 4590,ББМО-01-23,3,3.2,3.4
4591,Студент 4591,ББМО-01-23,4,3.6,3.72
4593,Студент 4593,ББМО-01-23,2,3.6,3.72
4594,Студент 4594,ББМО-01-23,3,4.5,4.44
4595,Студент 4595,ББМО-01-23,4,4.4,4.36
4596,Студент 4596,ББМО-01-23,1,3.7,3.8
4598,Студент 4598,ББМО-01-23,3,4.9,4.76
4600,Студент 4600,ББМО-01-23,1,4.6,4.52
4601,Студент 4601,ББМО-01-23,2,3.8,3.88
4602,Студент 4602,ББМО-01-23,3,4.6,4.52
4603,Студент 4603,ББМО-01-23,4,3.1,3.32
4604,Студент 4604,ББМО-01-23,1,3.9,3.96
4605,Студент 4605,ББМО-01-23,2,3.9,3.96
4606,Студент 4606,ББМО-01-23,3,4.7,4.6
4608,Студент 4608,ББМО-01-23,1,3.5,3.64
4610,Студент 4610,ББМО-01-23,3,4.8,4.68
4611,Студент 4611,ББМО-01-23,4,4.1,4.12
4612,Студент 4612,ББМО-01-23,1,4.8,4.68
4614,Студент 4614,ББМО-01-23,3,3.4,3.56
4615,Студент 4615,ББМО-01-23,4,4.2,4.2
4617,Студент 4617,ББМО-01-23,2,4.4,4.36
4619,Студент 4619,ББМО-01-23,4,4.6,4.52
4620,Студент 4620,ББМО-01-23,1,4.5,4.44
4621,Студент 4621,ББМО-01-23,2,4.7,4.6
4622,Студент 4622,ББМО-01-23,3,3.1,3.32
4623,Студент 4623,ББМО-01-23,4,4.1,4.12
4624,Студент 4624,ББМО-01-23,1,4.3,4.28
4626,Студент 4626,ББМО-01-23,3,4,4.04
4628,Студент 4628,ББМО-01-23,1,4.9,4.76
4629,Студент 4629,ББМО-01-23,2,3.3,3.48
4631,Студент 4631,ББМО-01-23,4,4.3,4.28
4632,Студент 4632,ББМО-01-23,1,3.7,3.8
4637,Студент 4637,ББМО-01-23,2,4.1,4.12
4639,Студент 4639,ББМО-01-23,4,3.2,3.4
4641,Студент 4641,ББМО-01-23,2,4.9,4.76
4642,Студент 4642,ББМО-01-23,3,4.4,4.36
4643,Студент 4643,ББМО-01-23,4,5,4.84
4644,Студент 4644,ББМО-01-23,1,3.1,3.32
4645,Студент 4645,ББМО-01-23,2,3.1,3.32
4646,Студент 4646,ББМО-01-23,3,3.2,3.4
4647,Студент 4647,ББМО-01-23,4,4.4,4.36
4648,Студент 4648,ББМО-01-23,1,3.8,3.88
4649,Студент 4649,ББМО-01-23,2,5,4.84
4650,Студент 4650,ББМО-01-23,3,4.6,4.52
4651,Студент 4651,ББМО-01-23,4,4.3,4.28
4652,Студент 4652,ББМО-01-23,1,4.6,4.52
4653,Студент 4653,ББМО-01-23,2,3.5,3.64
4656,Студент 4656,ББМО-01-23,1,3.8,3.88
4657,Студент 4657,ББМО-01-23,2,4.2,4.2
4659,Студент 4659,ББМО-01-23,4,4,4.04
4660,Студент 4660,ББМО-01-23,1,4.9,4.76
4661,Студент 4661,ББМО-01-23,2,3.8,3.88
4662,Студент 4662,ББМО-01-23,3,4.9,4.76
4663,Студент 4663,ББМО-01-23,4,4.9,4.76
4666,Студент 4666,ББМО-01-23,3,4.7,4.6
4667,Студент 4667,ББМО-01-23,4,3.8,3.88
4668,Студент 4668,ББМО-01-23,1,3.1,3.32
4669,Студент 4669,ББМО-01-23,2,3.5,3.64
4670,Студент 4670,ББМО-01-23,3,3.3,3.48
4672,Студент 4672,ББМО-01-23,1,4.6,4.52
4673,Студент 4673,ББМО-01-23,2,3.5,3.64
4674,Студент 4674,ББМО-01-23,3,3.2,3.4
4678,Студент 4678,ББМО-01-23,3,3.6,3.72
4679,Студент 4679,ББМО-01-23,4,4.5,4.44
4680,Студент 4680,ББМО-01-23,1,3.8,3.88
4681,Студент 4681,ББМО-01-23,2,3.8,3.88
4682,Студент 4682,ББМО-01-23,3,4.4,4.36
4683,Студент 4683,ББМО-01-23,4,4.8,4.68
4684,Студент 4684,ББМО-01-23,1,4.7,4.6
4687,Студент 4687,ББМО-01-23,4,3.4,3.56
4688,Студент 4688,ББМО-01-23,1,3.1,3.32
4689,Студент 4689,ББМО-01-23,2,5,4.84
4690,Студент 4690,ББМО-01-23,3,4.8,4.68
4691,Студент 4691,ББМО-01-23,4,4.9,4.76
4693,Студент 4693,ББМО-01-23,2,3.7,3.8
4695,Студент 4695,ББМО-01-23,4,3.9,3.96
4696,Студент 4696,ББМО-01-23,1,4.4,4.36
4697,Студент 4697,ББМО-01-23,2,3.1,3.32
4698,Студент 4698,ББМО-01-23,3,3.5,3.64
4699,Студент 4699,ББМО-01-23,4,3.4,3.56
4700,Студент 4700,ББМО-01-23,1,4.4,4.36
4701,Студент 4701,ББМО-01-23,2,3.8,3.88
4702,Студент 4702,ББМО-01-23,3,5,4.84
4703,Студент 4703,ББМО-01-23,4,3.3,3.48
4705,Студент 4705,ББМО-01-23,2,3.1,3.32
4706,Студент 4706,ББМО-01-23,3,4.6,4.52
4708,Студент 4708,ББМО-01-23,1,4,4.04
4709,Студент 4709,ББМО-01-23,2,4.6,4.52
4710,Студент 4710,ББМО-01-23,3,3.2,3.4
4712,Студент 4712,ББМО-01-23,1,3.5,3.64
4713,Студент 4713,ББМО-01-23,2,4.6,4.52
4714,Студент 4714,ББМО-01-23,3,3.7,3.8
4716,Студент 4716,ББМО-01-23,1,3.4,3.56
4717,Студент 4717,ББМО-01-23,2,4.7,4.6
4719,Студент 4719,ББМО-01-23,4,5,4.84
4721,Студент 4721,ББМО-01-23,2,4.6,4.52
4722,Студент 4722,ББМО-01-23,3,4.4,4.36
4723,Студент 4723,ББМО-01-23,4,3.2,3.4
4725,Студент 4725,ББМО-01-23,2,4.8,4.68
4727,Студент 4727,ББМО-01-23,4,3.8,3.88
4728,Студент 4728,ББМО-01-23,1,3.7,3.8
4729,Студент 4729,ББМО-01-23,2,3.8,3.88
4732,Студент 4732,ББМО-01-23,1,4.4,4.36
4733,Студент 4733,ББМО-01-23,2,4.2,4.2
4734,Студент 4734,ББМО-01-23,3,3.5,3.64
4736,Студент 4736,ББМО-01-23,1,4.5,4.44
4737,Студент 4737,ББМО-01-23,2,3.2,3.4
4738,Студент 4738,ББМО-01-23,3,3.9,3.96
4740,Студент 4740,ББМО-01-23,1,3.2,3.4
4744,Студент 4744,ББМО-01-23,1,3.7,3.8
4746,Студент 4746,ББМО-01-23,3,3.3,3.48
4747,Студент 4747,ББМО-01-23,4,4.3,4.28
4748,Студент 4748,ББМО-01-23,1,3.6,3.72
4750,Студент 4750,ББМО-01-23,3,4.8,4.68
4752,Студент 4752,ББМО-01-23,1,3.1,3.32
4753,Студент 4753,ББМО-01-23,2,4.7,4.6
4754,Студент 4754,ББМО-01-23,3,3.6,3.72
4757,Студент 4757,ББМО-01-23,2,4.8,4.68
4758,Студент 4758,ББМО-01-23,3,3.9,3.96
4762,Студент 4762,ББМО-01-23,3,3.5,3.64
4764,Студент 4764,ББМО-01-23,1,4.3,4.28
4765,Студент 4765,ББМО-01-23,2,3.7,3.8
4767,Студент 4767,ББМО-01-23,4,3.3,3.48
4768,Студент 4768,ББМО-01-23,1,3.2,3.4
4769,Студент 4769,ББМО-01-23,2,4.4,4.36
4770,Студент 4770,ББМО-01-23,3,5,4.84
4773,Студент 4773,ББМО-01-23,2,4.2,4.2
4775,Студент 4775,ББМО-01-23,4,3.3,3.48
4778,Студент 4778,ББМО-01-23,3,4.2,4.2
4779,Студент 4779,ББМО-01-23,4,4.8,4.68
4780,Студент 4780,ББМО-01-23,1,4,4.04
4782,Студент 4782,ББМО-01-23,3,4.8,4.68
4785,Студент 4785,ББМО-01-23,2,4.1,4.12
4786,Студент 4786,ББМО-01-23,3,4.4,4.36
4787,Студент 4787,ББМО-01-23,4,4.8,4.68
4788,Студент 4788,ББМО-01-23,1,4.8,4.68
4790,Студент 4790,ББМО-01-23,3,3.8,3.88
4791,Студент 4791,ББМО-01-23,4,4.8,4.68
4792,Студент 4792,ББМО-01-23,1,4.5,4.44
4794,Студент 4794,ББМО-01-23,3,3.6,3.72
4796,Студент 4796,ББМО-01-23,1,4.1,4.12
4797,Студент 4797,ББМО-01-23,2,3.5,3.64
4798,Студент 4798,ББМО-01-23,3,4.2,4.2
4799,Студент 4799,ББМО-01-23,4,3.2,3.4
4800,Студент 4800,ББМО-01-23,1,4.1,4.12
4801,Студент 4801,ББМО-01-23,2,4.5,4.44
4802,Студент 4802,ББМО-01-23,3,3.4,3.56
4803,Студент 4803,ББМО-01-23,4,4.3,4.28
4804,Студент 4804,ББМО-01-23,1,3.6,3.72
4805,Студент 4805,ББМО-01-23,2,4.2,4.2
4806,Студент 4806,ББМО-01-23,3,4.6,4.52
4807,Студент 4807,ББМО-01-23,4,4.7,4.6
4808,Студент 4808,ББМО-01-23,1,3.8,3.88
4811,Студент 4811,ББМО-01-23,4,3.9,3.96
4812,Студент 4812,ББМО-01-23,1,3.8,3.88
4814,Студент 4814,ББМО-01-23,3,4.1,4.12
4815,Студент 4815,ББМО-01-23,4,4.2,4.2
4816,Студент 4816,ББМО-01-23,1,4.1,4.12
4817,Студент 4817,ББМО-01-23,2,3.1,3.32
4818,Студент 4818,ББМО-01-23,3,3.8,3.88
4821,Студент 4821,ББМО-01-23,2,3.1,3.32
4822,Студент 4822,ББМО-01-23,3,4.8,4.68
4823,Студент 4823,ББМО-01-23,4,3.3,3.48
4824,Студент 4824,ББМО-01-23,1,4.7,4.6
4826,Студент 4826,ББМО-01-23,3,4.5,4.44
4829,Студент 4829,ББМО-01-23,2,3.1,3.32
4830,Студент 4830,ББМО-01-23,3,3.4,3.56
4831,Студент 4831,ББМО-01-23,4,4.6,4.52
4834,Студент 4834,ББМО-01-23,3,3.8,3.88
4836,Студент 4836,ББМО-01-23,1,4,4.04
4837,Студент 4837,ББМО-01-23,2,3.9,3.96
4839,Студент 4839,ББМО-01-23,4,4.4,4.36
4840,Студент 4840,ББМО-01-23,1,4.8,4.68
4841,Студент 4841,ББМО-01-23,2,3.6,3.72
4842,Студент 4842,ББМО-01-23,3,4.2,4.2
4844,Студент 4844,ББМО-01-23,1,4.6,4.52
4845,Студент 4845,ББМО-01-23,2,4.9,4.76
4846,Студент 4846,ББМО-01-23,3,3.6,3.72
4847,Студент 4847,ББМО-01-23,4,3.1,3.32
4849,Студент 4849,ББМО-01-23,2,3.4,3.56
4850,Студент 4850,ББМО-01-23,3,3.5,3.64
4851,Студент 4851,ББМО-01-23,4,4,4.04
4852,Студент 4852,ББМО-01-23,1,3.5,3.64
4853,Студент 4853,ББМО-01-23,2,4,4.04
4854,Студент 4854,ББМО-01-23,3,4.4,4.36
4857,Студент 4857,ББМО-01-23,2,3.1,3.32
4858,Студент 4858,ББМО-01-23,3,3.9,3.96
4859,Студент 4859,ББМО-01-23,4,4.5,4.44
4863,Студент 4863,ББМО-01-23,4,3.3,3.48
4868,Студент 4868,ББМО-01-23,1,3.3,3.48
4871,Студент 4871,ББМО-01-23,4,3.2,3.4
4872,Студент 4872,ББМО-01-23,1,4.3,4.28
4874,Студент 4874,ББМО-01-23,3,4,4.04
4875,Студент 4875,ББМО-01-23,4,4.7,4.6
4876,Студент 4876,ББМО-01-23,1,3.5,3.64
4877,Студент 4877,ББМО-01-23,2,3.5,3.64
4878,Студент 4878,ББМО-01-23,3,3.3,3.48
4879,Студент 4879,ББМО-01-23,4,3.2,3.4
4880,Студент 4880,ББМО-01-23,1,4.4,4.36
4883,Студент 4883,ББМО-01-23,4,3.3,3.48
4884,Студент 4884,ББМО-01-23,1,4.3,4.28
4885,Студент 4885,ББМО-01-23,2,4.9,4.76
4886,Студент 4886,ББМО-01-23,3,4.3,4.28
4888,Студент 4888,ББМО-01-23,1,3.7,3.8
4889,Студент 4889,ББМО-01-23,2,4.1,4.12
4892,Студент 4892,ББМО-01-23,1,4.5,4.44
4895,Студент 4895,ББМО-01-23,4,4.4,4.36
4896,Студент 4896,ББМО-01-23,1,4.6,4.52
4897,Студент 4897,ББМО-01-23,2,3.2,3.4
4898,Студент 4898,ББМО-01-23,3,3.4,3.56
4901,Студент 4901,ББМО-01-23,2,4.5,4.44
4902,Студент 4902,ББМО-01-23,3,3.1,3.32
4904,Студент 4904,ББМО-01-23,1,4.1,4.12
4906,Студент 4906,ББМО-01-23,3,4.6,4.52
4907,Студент 4907,ББМО-01-23,4,4,4.04
4908,Студент 4908,ББМО-01-23,1,3.3,3.48
4909,Студент 4909,ББМО-01-23,2,4.2,4.2
4911,Студент 4911,ББМО-01-23,4,4.1,4.12
4914,Студент 4914,ББМО-01-23,3,3.8,3.88
4915,Студент 4915,ББМО-01-23,4,3.4,3.56
4916,Студент 4916,ББМО-01-23,1,3.6,3.72
4917,Студент 4917,ББМО-01-23,2,4.4,4.36
4919,Студент 4919,ББМО-01-23,4,3.6,3.72
4920,Студент 4920,ББМО-01-23,1,4,4.04
4923,Студент 4923,ББМО-01-23,4,5,4.84
4925,Студент 4925,ББМО-01-23,2,3.9,3.96
4927,Студент 4927,ББМО-01-23,4,3.5,3.64
4928,Студент 4928,ББМО-01-23,1,4.4,4.36
4929,Студент 4929,ББМО-01-23,2,4.9,4.76
4930,Студент 4930,ББМО-01-23,3,4.8,4.68
4931,Студент 4931,ББМО-01-23,4,3.2,3.4
4932,Студент 4932,ББМО-01-23,1,4.7,4.6
4933,Студент 4933,ББМО-01-23,2,4.7,4.6
4934,Студент 4934,ББМО-01-23,3,4.2,4.2
4935,Студент 4935,ББМО-01-23,4,4.7,4.6
4938,Студент 4938,ББМО-01-23,3,4.2,4.2
4939,Студент 4939,ББМО-01-23,4,3.4,3.56
4940,Студент 4940,ББМО-01-23,1,4.1,4.12
4943,Студент 4943,ББМО-01-23,4,4.8,4.68
4946,Студент 4946,ББМО-01-23,3,4.6,4.52
4947,Студент 4947,ББМО-01-23,4,4.1,4.12
4951,Студент 4951,ББМО-01-23,4,3.3,3.48
4952,Студент 4952,ББМО-01-23,1,5,4.84
4953,Студент 4953,ББМО-01-23,2,3.6,3.72
4957,Студент 4957,ББМО-01-23,2,3.1,3.32
4958,Студент 4958,ББМО-01-23,3,4.7,4.6
4959,Студент 4959,ББМО-01-23,4,3.2,3.4
4960,Студент 4960,ББМО-01-23,1,3.5,3.64
4961,Студент 4961,ББМО-01-23,2,4.6,4.52
4962,Студент 4962,ББМО-01-23,3,4.2,4.2
4963,Студент 4963,ББМО-01-23,4,4.6,4.52
4964,Студент 4964,ББМО-01-23,1,3.7,3.8
4965,Студент 4965,ББМО-01-23,2,4.7,4.6
4966,Студент 4966,ББМО-01-23,3,3.7,3.8
4968,Студент 4968,ББМО-01-23,1,4.7,4.6
4969,Студент 4969,ББМО-01-23,2,4,4.04
4971,Студент 4971,ББМО-01-23,4,4.3,4.28
4972,Студент 4972,ББМО-01-23,1,4.7,4.6
4973,Студент 4973,ББМО-01-23,2,3.7,3.8
4975,Студент 4975,ББМО-01-23,4,3.2,3.4
4976,Студент 4976,ББМО-01-23,1,3.9,3.96
4978,Студент 4978,ББМО-01-23,3,3.5,3.64
4979,Студент 4979,ББМО-01-23,4,4.7,4.6
4981,Студент 4981,ББМО-01-23,2,4.8,4.68
4983,Студент 4983,ББМО-01-23,4,4.9,4.76
4985,Студент 4985,ББМО-01-23,2,3.5,3.64
4986,Студент 4986,ББМО-01-23,3,4.5,4.44
4988,Студент 4988,ББМО-01-23,1,4.2,4.2
4989,Студент 4989,ББМО-01-23,2,3.4,3.56
4992,Студент 4992,ББМО-01-23,1,3.8,3.88
4993,Студент 4993,ББМО-01-23,2,4.8,4.68
4994,Студент 4994,ББМО-01-23,3,5,4.84
4995,Студент 4995,ББМО-01-23,4,3.4,3.56
4996,Студент 4996,ББМО-01-23,1,3.6,3.72
4997,Студент 4997,ББМО-01-23,2,3.9,3.96
4999,Студент 4999,ББМО-01-23,4,4,4.04
5000,Студент 5000,ББМО-01-23,1,4.9,4.76
5001,Студент 5001,ББМО-01-23,2,4.2,4.2
5003,Студент 5003,ББМО-01-23,4,4.1,4.12
5005,Студент 5005,ББМО-01-23,2,4.2,4.2
5007,Студент 5007,ББМО-01-23,4,4.4,4.36
5010,Студент 5010,ББМО-01-23,3,3.7,3.8
5011,Студент 5011,ББМО-01-23,4,3.1,3.32
5012,Студент 5012,ББМО-01-23,1,3.8,3.88
5013,Студент 5013,ББМО-01-23,2,3.9,3.96
5014,Студент 5014,ББМО-01-23,3,4.8,4.68
5017,Студент 5017,ББМО-01-23,2,3.6,3.72
5018,Студент 5018,ББМО-01-23,3,4,4.04
5020,Студент 5020,ББМО-01-23,1,4.4,4.36
5021,Студент 5021,ББМО-01-23,2,4,4.04
5022,Студент 5022,ББМО-01-23,3,4.8,4.68
5024,Студент 5024,ББМО-01-23,1,3.8,3.88
5025,Студент 5025,ББМО-01-23,2,3.5,3.64
5026,Студент 5026,ББМО-01-23,3,3.7,3.8
5027,Студент 5027,ББМО-01-23,4,3.6,3.72
5028,Студент 5028,ББМО-01-23,1,3.3,3.48
5029,Студент 5029,ББМО-01-23,2,3.3,3.48
5030,Студент 5030,ББМО-01-23,3,3.1,3.32
5032,Студент 5032,ББМО-01-23,1,3.5,3.64
5036,Студент 5036,ББМО-01-23,1,4,4.04
5038,Студент 5038,ББМО-01-23,3,3.3,3.48
5039,Студент 5039,ББМО-01-23,4,3.8,3.88
5040,Студент 5040,ББМО-01-23,1,4.4,4.36
5041,Студент 5041,ББМО-01-23,2,3.3,3.48
5044,Студент 5044,ББМО-01-23,1,3.5,3.64
5046,Студент 5046,ББМО-01-23,3,4.3,4.28
5047,Студент 5047,ББМО-01-23,4,4.4,4.36
5048,Студент 5048,ББМО-01-23,1,5,4.84
5049,Студент 5049,ББМО-01-23,2,3.8,3.88
5050,Студент 5050,ББМО-01-23,3,4.9,4.76
5051,Студент 5051,ББМО-01-23,4,5,4.84
5052,Студент 5052,ББМО-01-23,1,4.8,4.68
5053,Студент 5053,ББМО-01-23,2,3.3,3.48
5055,Студент 5055,ББМО-01-23,4,4.2,4.2
5056,Студент 5056,ББМО-01-23,1,4.7,4.6
5057,Студент 5057,ББМО-01-23,2,4.7,4.6
5060,Студент 5060,ББМО-01-23,1,3.6,3.72
5061,Студент 5061,ББМО-01-23,2,3.6,3.72
5064,Студент 5064,ББМО-01-23,1,3.8,3.88
5065,Студент 5065,ББМО-01-23,2,4.9,4.76
5070,Студент 5070,ББМО-01-23,3,3.6,3.72
5071,Студент 5071,ББМО-01-23,4,3.8,3.88
5073,Студент 5073,ББМО-01-23,2,4.3,4.28
5074,Студент 5074,ББМО-01-23,3,3.3,3.48
5075,Студент 5075,ББМО-01-23,4,3.4,3.56
5077,Студент 5077,ББМО-01-23,2,4.2,4.2
5078,Студент 5078,ББМО-01-23,3,3.8,3.88
5079,Студент 5079,ББМО-01-23,4,4.4,4.36
5080,Студент 5080,ББМО-01-23,1,3.3,3.48
5081,Студент 5081,ББМО-01-23,2,3.7,3.8
5083,Студент 5083,ББМО-01-23,4,3.5,3.64
5088,Студент 5088,ББМО-01-23,1,4.9,4.76
5089,Студент 5089,ББМО-01-23,2,3.8,3.88
5090,Студент 5090,ББМО-01-23,3,3.4,3.56
5091,Студент 5091,ББМО-01-23,4,4.1,4.12
5092,Студент 5092,ББМО-01-23,1,3.6,3.72
5094,Студент 5094,ББМО-01-23,3,4.8,4.68
5095,Студент 5095,ББМО-01-23,4,4.5,4.44
5096,Студент 5096,ББМО-01-23,1,4.9,4.76
5101,Студент 5101,ББМО-01-23,2,4.8,4.68
5103,Студент 5103,ББМО-01-23,4,3.3,3.48
5105,Студент 5105,ББМО-01-23,2,3.3,3.48
5106,Студент 5106,ББМО-01-23,3,4.7,4.6
5107,Студент 5107,ББМО-01-23,4,3.8,3.88
5108,Студент 5108,ББМО-01-23,1,3.9,3.96
5109,Студент 5109,ББМО-01-23,2,3.2,3.4
5111,Студент 5111,ББМО-01-23,4,4,4.04
5112,Студент 5112,ББМО-01-23,1,4.3,4.28
5114,Студент 5114,ББМО-01-23,3,3.2,3.4
5115,Студент 5115,ББМО-01-23,4,4.8,4.68
5116,Студент 5116,ББМО-01-23,1,3.5,3.64
5117,Студент 5117,ББМО-01-23,2,3.9,3.96
5118,Студент 5118,ББМО-01-23,3,4.9,4.76
5119,Студент 5119,ББМО-01-23,4,4.8,4.68
5120,Студент 5120,ББМО-01-23,1,4.9,4.76
5121,Студент 5121,ББМО-01-23,2,4.9,4.76
5123,Студент 5123,ББМО-01-23,4,3.6,3.72
5124,Студент 5124,ББМО-01-23,1,4.2,4.2
5126,Студент 5126,ББМО-01-23,3,4.1,4.12
5127,Студент 5127,ББМО-01-23,4,4.3,4.28
5128,Студент 5128,ББМО-01-23,1,3.5,3.64
5132,Студент 5132,ББМО-01-23,1,3.3,3.48
5134,Студент 5134,ББМО-01-23,3,3.5,3.64
5135,Студент 5135,ББМО-01-23,4,5,4.84
5136,Студент 5136,ББМО-01-23,1,4.7,4.6
5137,Студент 5137,ББМО-01-23,2,5,4.84
5138,Студент 5138,ББМО-01-23,3,3.7,3.8
5139,Студент 5139,ББМО-01-23,4,4.2,4.2
5142,Студент 5142,ББМО-01-23,3,4.8,4.68
5144,Студент 5144,ББМО-01-23,1,4.2,4.2
5145,Студент 5145,ББМО-01-23,2,3.5,3.64
5146,Студент 5146,ББМО-01-23,3,3.6,3.72
5149,Студент 5149,ББМО-01-23,2,4.4,4.36
5150,Студент 5150,ББМО-01-23,3,4.8,4.68
5151,Студент 5151,ББМО-01-23,4,3.3,3.48
5153,Студент 5153,ББМО-01-23,2,4.1,4.12
5154,Студент 5154,ББМО-01-23,3,4.8,4.68
5156,Студент 5156,ББМО-01-23,1,3.9,3.96
5157,Студент 5157,ББМО-01-23,2,4.9,4.76
5159,Студент 5159,ББМО-01-23,4,3.9,3.96
5161,Студент 5161,ББМО-01-23,2,3.3,3.48
5162,Студент 5162,ББМО-01-23,3,4.3,4.28
5163,Студент 5163,ББМО-01-23,4,4.3,4.28
5170,Студент 5170,ББМО-01-23,3,4.2,4.2
5171,Студент 5171,ББМО-01-23,4,3.3,3.48
5172,Студент 5172,ББМО-01-23,1,3.5,3.64
5173,Студент 5173,ББМО-01-23,2,3.4,3.56
5175,Студент 5175,ББМО-01-23,4,3.5,3.64
5177,Студент 5177,ББМО-01-23,2,4.8,4.68
5178,Студент 5178,ББМО-01-23,3,4.3,4.28
5181,Студент 5181,ББМО-01-23,2,4.6,4.52
5182,Студент 5182,ББМО-01-23,3,3.5,3.64
5183,Студент 5183,ББМО-01-23,4,4.4,4.36
5184,Студент 5184,ББМО-01-23,1,4.6,4.52
5185,Студент 5185,ББМО-01-23,2,4.3,4.28
5187,Студент 5187,ББМО-01-23,4,5,4.84
5188,Студент 5188,ББМО-01-23,1,4.6,4.52
5189,Студент 5189,ББМО-01-23,2,3.2,3.4
5191,Студент 5191,ББМО-01-23,4,4.2,4.2
5192,Студент 5192,ББМО-01-23,1,4.6,4.52
5194,Студент 5194,ББМО-01-23,3,3.5,3.64
5195,Студент 5195,ББМО-01-23,4,4,4.04
5197,Студент 5197,ББМО-01-23,2,4.8,4.68
5198,Студент 5198,ББМО-01-23,3,3.2,3.4
5205,Студент 5205,ББМО-01-23,2,4.7,4.6
5206,Студент 5206,ББМО-01-23,3,4.4,4.36
5207,Студент 5207,ББМО-01-23,4,4,4.04
5208,Студент 5208,ББМО-01-23,1,4.4,4.36
5209,Студент 5209,ББМО-01-23,2,4,4.04
5210,Студент 5210,ББМО-01-23,3,4.3,4.28
5212,Студент 5212,ББМО-01-23,1,3.2,3.4
5213,Студент 5213,ББМО-01-23,2,4.7,4.6
5214,Студент 5214,ББМО-01-23,3,4.9,4.76
5216,Студент 5216,ББМО-01-23,1,3.1,3.32
5218,Студент 5218,ББМО-01-23,3,3.2,3.4
5219,Студент 5219,ББМО-01-23,4,3.9,3.96
5221,Студент 5221,ББМО-01-23,2,3.4,3.56
5222,Студент 5222,ББМО-01-23,3,4.5,4.44
5223,Студент 5223,ББМО-01-23,4,3.5,3.64
5224,Студент 5224,ББМО-01-23,1,3.6,3.72
5225,Студент 5225,ББМО-01-23,2,4.7,4.6
5227,Студент 5227,ББМО-01-23,4,3.8,3.88
5229,Студент 5229,ББМО-01-23,2,3.2,3.4
5230,Студент 5230,ББМО-01-23,3,3.1,3.32
5231,Студент 5231,ББМО-01-23,4,3.1,3.32
5232,Студент 5232,ББМО-01-23,1,3.9,3.96
5234,Студент 5234,ББМО-01-23,3,4.2,4.2
5235,Студент 5235,ББМО-01-23,4,3.9,3.96
5236,Студент 5236,ББМО-01-23,1,3.7,3.8
5237,Студент 5237,ББМО-01-23,2,4.5,4.44
5240,Студент 5240,ББМО-01-23,1,4.9,4.76
5241,Студент 5241,ББМО-01-23,2,3.9,3.96
5242,Студент 5242,ББМО-01-23,3,3.8,3.88
5245,Студент 5245,ББМО-01-23,2,3.7,3.8
5246,Студент 5246,ББМО-01-23,3,4,4.04
5247,Студент 5247,ББМО-01-23,4,4.7,4.6
5248,Студент 5248,ББМО-01-23,1,4.4,4.36
5249,Студент 5249,ББМО-01-23,2,3.1,3.32
5250,Студент 5250,ББМО-01-23,3,4.1,4.12
5251,Студент 5251,ББМО-01-23,4,3.1,3.32
5253,Студент 5253,ББМО-01-23,2,4.6,4.52
5255,Студент 5255,ББМО-01-23,4,3.5,3.64
5256,Студент 5256,ББМО-01-23,1,3.1,3.32
5257,Студент 5257,ББМО-01-23,2,3.4,3.56
5258,Студент 5258,ББМО-01-23,3,3.6,3.72
5260,Студент 5260,ББМО-01-23,1,4.7,4.6
5264,Студент 5264,ББМО-01-23,1,4.1,4.12
5265,Студент 5265,ББМО-01-23,2,3.7,3.8
5266,Студент 5266,ББМО-01-23,3,4,4.04
5267,Студент 5267,ББМО-01-23,4,3.1,3.32
5270,Студент 5270,ББМО-01-23,3,4.7,4.6
5271,Студент 5271,ББМО-01-23,4,3.1,3.32
5272,Студент 5272,ББМО-01-23,1,3.8,3.88
5273,Студент 5273,ББМО-01-23,2,3.9,3.96
5276,Студент 5276,ББМО-01-23,1,4.4,4.36
5277,Студент 5277,ББМО-01-23,2,3.2,3.4
5278,Студент 5278,ББМО-01-23,3,3.7,3.8
5279,Студент 5279,ББМО-01-23,4,4.1,4.12
5281,Студент 5281,ББМО-01-23,2,3.3,3.48
5282,Студент 5282,ББМО-01-23,3,4.3,4.28
5283,Студент 5283,ББМО-01-23,4,3.6,3.72
5285,Студент 5285,ББМО-01-23,2,3.9,3.96
5287,Студент 5287,ББМО-01-23,4,4.4,4.36
5289,Студент 5289,ББМО-01-23,2,3.8,3.88
5290,Студент 5290,ББМО-01-23,3,4.2,4.2
5291,Студент 5291,ББМО-01-23,4,3.6,3.72
5293,Студент 5293,ББМО-01-23,2,4.2,4.2
5295,Студент 5295,ББМО-01-23,4,4.6,4.52
5297,Студент 5297,ББМО-01-23,2,3.7,3.8
5299,Студент 5299,ББМО-01-23,4,4.4,4.36
5300,Студент 5300,ББМО-01-23,1,4.1,4.12
5301,Студент 5301,ББМО-01-23,2,4.3,4.28
5302,Студент 5302,ББМО-01-23,3,4.8,4.68
5303,Студент 5303,ББМО-01-23,4,3.7,3.8
5305,Студент 5305,ББМО-01-23,2,4.9,4.76
5307,Студент 5307,ББМО-01-23,4,4.9,4.76
5308,Студент 5308,ББМО-01-23,1,4.2,4.2
5309,Студент 5309,ББМО-01-23,2,4.6,4.52
5313,Студент 5313,ББМО-01-23,2,3.7,3.8
5315,Студент 5315,ББМО-01-23,4,3.7,3.8
5316,Студент 5316,ББМО-01-23,1,4.5,4.44
5317,Студент 5317,ББМО-01-23,2,4.8,4.68
5321,Студент 5321,ББМО-01-23,2,4.6,4.52
5323,Студент 5323,ББМО-01-23,4,3.9,3.96
5324,Студент 5324,ББМО-01-23,1,4.5,4.44
5325,Студент 5325,ББМО-01-23,2,4.8,4.68
5329,Студент 5329,ББМО-01-23,2,3.1,3.32
5331,Студент 5331,ББМО-01-23,4,4.9,4.76
5332,Студент 5332,ББМО-01-23,1,4.4,4.36
5333,Студент 5333,ББМО-01-23,2,3.5,3.64
5334,Студент 5334,ББМО-01-23,3,4.6,4.52
5335,Студент 5335,ББМО-01-23,4,3.6,3.72
5336,Студент 5336,ББМО-01-23,1,4.9,4.76
5337,Студент 5337,ББМО-01-23,2,4.7,4.6
5338,Студент 5338,ББМО-01-23,3,3.9,3.96
5340,Студент 5340,ББМО-01-23,1,3.4,3.56
5343,Студент 5343,ББМО-01-23,4,3.6,3.72
5344,Студент 5344,ББМО-01-23,1,4.4,4.36
5346,Студент 5346,ББМО-01-23,3,4.2,4.2
5347,Студент 5347,ББМО-01-23,4,3.1,3.32
5348,Студент 5348,ББМО-01-23,1,4.8,4.68
5349,Студент 5349,ББМО-01-23,2,3.7,3.8
5350,Студент 5350,ББМО-01-23,3,3.5,3.64
5351,Студент 5351,ББМО-01-23,4,3.6,3.72
5353,Студент 5353,ББМО-01-23,2,3.4,3.56
5354,Студент 5354,ББМО-01-23,3,4.7,4.6
5356,Студент 5356,ББМО-01-23,1,3.6,3.72
5359,Студент 5359,ББМО-01-23,4,4.8,4.68
5362,Студент 5362,ББМО-01-23,3,3.6,3.72
5363,Студент 5363,ББМО-01-23,4,4.1,4.12
5364,Студент 5364,ББМО-01-23,1,4.4,4.36
5366,Студент 5366,ББМО-01-23,3,4.9,4.76
5367,Студент 5367,ББМО-01-23,4,3.8,3.88
5368,Студент 5368,ББМО-01-23,1,3.1,3.32
5370,Студент 5370,ББМО-01-23,3,4.4,4.36
5371,Студент 5371,ББМО-01-23,4,4.6,4.52
5372,Студент 5372,ББМО-01-23,1,3.1,3.32
5374,Студент 5374,ББМО-01-23,3,4.3,4.28
5375,Студент 5375,ББМО-01-23,4,3.7,3.8
5376,Студент 5376,ББМО-01-23,1,3.6,3.72
5377,Студент 5377,ББМО-01-23,2,3.1,3.32
5378,Студент 5378,ББМО-01-23,3,4.8,4.68
5380,Студент 5380,ББМО-01-23,1,3.7,3.8
5382,Студент 5382,ББМО-01-23,3,5,4.84
5384,Студент 5384,ББМО-01-23,1,4.2,4.2
5385,Студент 5385,ББМО-01-23,2,3.5,3.64
5386,Студент 5386,ББМО-01-23,3,4.2,4.2
5387,Студент 5387,ББМО-01-23,4,3.6,3.72
5388,Студент 5388,ББМО-01-23,1,4.1,4.12
5390,Студент 5390,ББМО-01-23,3,4.3,4.28
5391,Студент 5391,ББМО-01-23,4,3.5,3.64
5392,Студент 5392,ББМО-01-23,1,4.7,4.6
5394,Студент 5394,ББМО-01-23,3,3.7,3.8
5395,Студент 5395,ББМО-01-23,4,3.4,3.56
5396,Студент 5396,ББМО-01-23,1,4.3,4.28
5398,Студент 5398,ББМО-01-23,3,3.9,3.96
5399,Студент 5399,ББМО-01-23,4,3.8,3.88
5401,Студент 5401,ББМО-01-23,2,3.8,3.88
5402,Студент 5402,ББМО-01-23,3,4.1,4.12
5403,Студент 5403,ББМО-01-23,4,4.3,4.28
5404,Студент 5404,ББМО-01-23,1,4.4,4.36
5405,Студент 5405,ББМО-01-23,2,3.6,3.72
5406,Студент 5406,ББМО-01-23,3,3.2,3.4
5408,Студент 5408,ББМО-01-23,1,3.4,3.56
5409,Студент 5409,ББМО-01-23,2,4,4.04
5410,Студент 5410,ББМО-01-23,3,5,4.84
5412,Студент 5412,ББМО-01-23,1,4.1,4.12
5413,Студент 5413,ББМО-01-23,2,3.5,3.64
5417,Студент 5417,ББМО-01-23,2,3.2,3.4
5418,Студент 5418,ББМО-01-23,3,3.9,3.96
5421,Студент 5421,ББМО-01-23,2,3.4,3.56
5422,Студент 5422,ББМО-01-23,3,4.6,4.52
5423,Студент 5423,ББМО-01-23,4,4.1,4.12
5424,Студент 5424,ББМО-01-23,1,4.7,4.6
5427,Студент 5427,ББМО-01-23,4,4.7,4.6
5428,Студент 5428,ББМО-01-23,1,3.9,3.96
5429,Студент 5429,ББМО-01-23,2,4.1,4.12
5430,Студент 5430,ББМО-01-23,3,4,4.04
5432,Студент 5432,ББМО-01-23,1,5,4.84
5434,Студент 5434,ББМО-01-23,3,3.9,3.96
5435,Студент 5435,ББМО-01-23,4,4.5,4.44
5436,Студент 5436,ББМО-01-23,1,4.4,4.36
5437,Студент 5437,ББМО-01-23,2,4.8,4.68
5438,Студент 5438,ББМО-01-23,3,3.7,3.8
5440,Студент 5440,ББМО-01-23,1,4.8,4.68
5441,Студент 5441,ББМО-01-23,2,3.3,3.48
5442,Студент 5442,ББМО-01-23,3,4.7,4.6
5444,Студент 5444,ББМО-01-23,1,3.5,3.64
5445,Студент 5445,ББМО-01-23,2,3.2,3.4
5447,Студент 5447,ББМО-01-23,4,4.7,4.6
5448,Студент 5448,ББМО-01-23,1,4.7,4.6
5449,Студент 5449,ББМО-01-23,2,3.7,3.8
5450,Студент 5450,ББМО-01-23,3,4,4.04
5451,Студент 5451,ББМО-01-23,4,3.4,3.56
5453,Студент 5453,ББМО-01-23,2,4.3,4.28
5454,Студент 5454,ББМО-01-23,3,3.2,3.4
5455,Студент 5455,ББМО-01-23,4,4.5,4.44
5456,Студент 5456,ББМО-01-23,1,3.3,3.48
5457,Студент 5457,ББМО-01-23,2,3.3,3.48
5458,Студент 5458,ББМО-01-23,3,3.6,3.72
5459,Студент 5459,ББМО-01-23,4,4.6,4.52
5460,Студент 5460,ББМО-01-23,1,3.8,3.88
5462,Студент 5462,ББМО-01-23,3,3.1,3.32
5465,Студент 5465,ББМО-01-23,2,4.2,4.2
5466,Студент 5466,ББМО-01-23,3,4.5,4.44
5467,Студент 5467,ББМО-01-23,4,4.6,4.52
5468,Студент 5468,ББМО-01-23,1,4.6,4.52
5469,Студент 5469,ББМО-01-23,2,3.1,3.32
5471,Студент 5471,ББМО-01-23,4,3.3,3.48
5472,Студент 5472,ББМО-01-23,1,4.4,4.36
5473,Студент 5473,ББМО-01-23,2,4.7,4.6
5475,Студент 5475,ББМО-01-23,4,4.7,4.6
5476,Студент 5476,ББМО-01-23,1,3.8,3.88
5478,Студент 5478,ББМО-01-23,3,4.5,4.44
5480,Студент 5480,ББМО-01-23,1,4,4.04
5482,Студент 5482,ББМО-01-23,3,3.5,3.64
5484,Студент 5484,ББМО-01-23,1,3.4,3.56
5485,Студент 5485,ББМО-01-23,2,3.3,3.48
5486,Студент 5486,ББМО-01-23,3,4.3,4.28
5487,Студент 5487,ББМО-01-23,4,3.5,3.64
5489,Студент 5489,ББМО-01-23,2,4.5,4.44
5491,Студент 5491,ББМО-01-23,4,3.4,3.56
5493,Студент 5493,ББМО-01-23,2,3.3,3.48
5495,Студент 5495,ББМО-01-23,4,4.8,4.68
5498,Студент 5498,ББМО-01-23,3,3.4,3.56
5499,Студент 5499,ББМО-01-23,4,3.1,3.32
5503,Студент 5503,ББМО-01-23,4,4.2,4.2
5504,Студент 5504,ББМО-01-23,1,4.6,4.52
5505,Студент 5505,ББМО-01-23,2,4.9,4.76
5507,Студент 5507,ББМО-01-23,4,3.2,3.4
5508,Студент 5508,ББМО-01-23,1,4.3,4.28
5510,Студент 5510,ББМО-01-23,3,4.1,4.12
5511,Студент 5511,ББМО-01-23,4,4.7,4.6
5512,Студент 5512,ББМО-01-23,1,3.6,3.72
5514,Студент 5514,ББМО-01-23,3,4.4,4.36
5518,Студент 5518,ББМО-01-23,3,3.2,3.4
5519,Студент 5519,ББМО-01-23,4,3.7,3.8
5522,Студент 5522,ББМО-01-23,3,4.6,4.52
5523,Студент 5523,ББМО-01-23,4,3.5,3.64
5524,Студент 5524,ББМО-01-23,1,4.7,4.6
5525,Студент 5525,ББМО-01-23,2,3.4,3.56
5526,Студент 5526,ББМО-01-23,3,4.3,4.28
5528,Студент 5528,ББМО-01-23,1,3.3,3.48
5530,Студент 5530,ББМО-01-23,3,4.9,4.76
5532,Студент 5532,ББМО-01-23,1,4.1,4.12
5534,Студент 5534,ББМО-01-23,3,3.2,3.4
5536,Студент 5536,ББМО-01-23,1,4.3,4.28
5537,Студент 5537,ББМО-01-23,2,4.5,4.44
5540,Студент 5540,ББМО-01-23,1,4.8,4.68
5542,Студент 5542,ББМО-01-23,3,4.3,4.28
5543,Студент 5543,ББМО-01-23,4,3.9,3.96
5544,Студент 5544,ББМО-01-23,1,4.7,4.6
5545,Студент 5545,ББМО-01-23,2,4.5,4.44
5546,Студент 5546,ББМО-01-23,3,3.6,3.72
5548,Студент 5548,ББМО-01-23,1,3.1,3.32
5549,Студент 5549,ББМО-01-23,2,4.7,4.6
5551,Студент 5551,ББМО-01-23,4,4.5,4.44
5552,Студент 5552,ББМО-01-23,1,4.3,4.28
5554,Студент 5554,ББМО-01-23,3,4,4.04
5555,Студент 5555,ББМО-01-23,4,3.3,3.48
5556,Студент 5556,ББМО-01-23,1,4.9,4.76
5557,Студент 5557,ББМО-01-23,2,3.5,3.64
5559,Студент 5559,ББМО-01-23,4,4.1,4.12
5563,Студент 5563,ББМО-01-23,4,3.6,3.72
5565,Студент 5565,ББМО-01-23,2,4.7,4.6
5566,Студент 5566,ББМО-01-23,3,3.8,3.88
5567,Студент 5567,ББМО-01-23,4,4.5,4.44
5568,Студент 5568,ББМО-01-23,1,3.8,3.88
5570,Студент 5570,ББМО-01-23,3,5,4.84
5571,Студент 5571,ББМО-01-23,4,3.6,3.72
5572,Студент 5572,ББМО-01-23,1,3.8,3.88
5577,Студент 5577,ББМО-01-23,2,5,4.84
5578,Студент 5578,ББМО-01-23,3,3.3,3.48
5580,Студент 5580,ББМО-01-23,1,4.9,4.76
5581,Студент 5581,ББМО-01-23,2,4.6,4.52
5582,Студент 5582,ББМО-01-23,3,4.8,4.68
5584,Студент 5584,ББМО-01-23,1,3.1,3.32
5587,Студент 5587,ББМО-01-23,4,4.4,4.36
5589,Студент 5589,ББМО-01-23,2,4.2,4.2
5590,Студент 5590,ББМО-01-23,3,3.1,3.32
5591,Студент 5591,ББМО-01-23,4,5,4.84
5593,Студент 5593,ББМО-01-23,2,5,4.84
5596,Студент 5596,ББМО-01-23,1,4.1,4.12
5597,Студент 5597,ББМО-01-23,2,3.2,3.4
5599,Студент 5599,ББМО-01-23,4,4.6,4.52
5601,Студент 5601,ББМО-01-23,2,3.8,3.88
5602,Студент 5602,ББМО-01-23,3,4.1,4.12
5605,Студент 5605,ББМО-01-23,2,3.5,3.64
5606,Студент 5606,ББМО-01-23,3,3.2,3.4
5609,Студент 5609,ББМО-01-23,2,3.9,3.96
5611,Студент 5611,ББМО-01-23,4,3.3,3.48
5615,Студент 5615,ББМО-01-23,4,3.3,3.48
5616,Студент 5616,ББМО-01-23,1,4.1,4.12
5617,Студент 5617,ББМО-01-23,2,3.2,3.4
5618,Студент 5618,ББМО-01-23,3,4.5,4.44
5619,Студент 5619,ББМО-01-23,4,3.6,3.72
5621,Студент 5621,ББМО-01-23,2,4.2,4.2
5624,Студент 5624,ББМО-01-23,1,4.7,4.6
5626,Студент 5626,ББМО-01-23,3,3.8,3.88
5627,Студент 5627,ББМО-01-23,4,3.4,3.56
5628,Студент 5628,ББМО-01-23,1,3.6,3.72
5629,Студент 5629,ББМО-01-23,2,3.2,3.4
5630,Студент 5630,ББМО-01-23,3,3.6,3.72
5631,Студент 5631,ББМО-01-23,4,4.3,4.28
5632,Студент 5632,ББМО-01-23,1,4.7,4.6
5633,Студент 5633,ББМО-01-23,2,3.3,3.48
5634,Студент 5634,ББМО-01-23,3,4.9,4.76
5635,Студент 5635,ББМО-01-23,4,3.4,3.56
5638,Студент 5638,ББМО-01-23,3,3.4,3.56
5641,Студент 5641,ББМО-01-23,2,4.6,4.52
5642,Студент 5642,ББМО-01-23,3,3.8,3.88
5643,Студент 5643,ББМО-01-23,4,3.5,3.64
5645,Студент 5645,ББМО-01-23,2,4,4.04
5646,Студент 5646,ББМО-01-23,3,4.8,4.68
5648,Студент 5648,ББМО-01-23,1,4,4.04
5649,Студент 5649,ББМО-01-23,2,4.4,4.36
5650,Студент 5650,ББМО-01-23,3,4.4,4.36
5651,Студент 5651,ББМО-01-23,4,3.9,3.96
5652,Студент 5652,ББМО-01-23,1,4.6,4.52
5653,Студент 5653,ББМО-01-23,2,4.3,4.28
5654,Студент 5654,ББМО-01-23,3,3.4,3.56
5657,Студент 5657,ББМО-01-23,2,3.6,3.72
5658,Студент 5658,ББМО-01-23,3,3.6,3.72
5659,Студент 5659,ББМО-01-23,4,4.5,4.44
5660,Студент 5660,ББМО-01-23,1,3.6,3.72
5663,Студент 5663,ББМО-01-23,4,3.6,3.72
5665,Студент 5665,ББМО-01-23,2,3.6,3.72
5666,Студент 5666,ББМО-01-23,3,3.9,3.96
5668,Студент 5668,ББМО-01-23,1,3.1,3.32
5669,Студент 5669,ББМО-01-23,2,3.8,3.88
5672,Студент 5672,ББМО-01-23,1,3.9,3.96
5673,Студент 5673,ББМО-01-23,2,5,4.84
5675,Студент 5675,ББМО-01-23,4,4.2,4.2
5678,Студент 5678,ББМО-01-23,3,4.5,4.44
5679,Студент 5679,ББМО-01-23,4,5,4.84
5681,Студент 5681,ББМО-01-23,2,4.2,4.2
5682,Студент 5682,ББМО-01-23,3,4,4.04
5684,Студент 5684,ББМО-01-23,1,4.9,4.76
5685,Студент 5685,ББМО-01-23,2,3.7,3.8
5686,Студент 5686,ББМО-01-23,3,4.8,4.68
5688,Студент 5688,ББМО-01-23,1,4.8,4.68
5689,Студент 5689,ББМО-01-23,2,4,4.04
5690,Студент 5690,ББМО-01-23,3,4.9,4.76
5691,Студент 5691,ББМО-01-23,4,3.3,3.48
5692,Студент 5692,ББМО-01-23,1,3.2,3.4
5694,Студент 5694,ББМО-01-23,3,4.7,4.6
5696,Студент 5696,ББМО-01-23,1,3.7,3.8
5697,Студент 5697,ББМО-01-23,2,3.5,3.64
5698,Студент 5698,ББМО-01-23,3,3.8,3.88
5700,Студент 5700,ББМО-01-23,1,3.7,3.8
5701,Студент 5701,ББМО-01-23,2,4.2,4.2
5702,Студент 5702,ББМО-01-23,3,4.9,4.76
5703,Студент 5703,ББМО-01-23,4,3.2,3.4
5706,Студент 5706,ББМО-01-23,3,3.7,3.8
5707,Студент 5707,ББМО-01-23,4,4.2,4.2
5708,Студент 5708,ББМО-01-23,1,3.2,3.4
5709,Студент 5709,ББМО-01-23,2,3.1,3.32
5710,Студент 5710,ББМО-01-23,3,3.3,3.48
5711,Студент 5711,ББМО-01-23,4,3.9,3.96
5712,Студент 5712,ББМО-01-23,1,3.6,3.72
5713,Студент 5713,ББМО-01-23,2,3.4,3.56
5715,Студент 5715,ББМО-01-23,4,3.8,3.88
5716,Студент 5716,ББМО-01-23,1,4.9,4.76
5717,Студент 5717,ББМО-01-23,2,3.6,3.72
5718,Студент 5718,ББМО-01-23,3,4.1,4.12
5720,Студент 5720,ББМО-01-23,1,4.5,4.44
5721,Студент 5721,ББМО-01-23,2,3.4,3.56
5723,Студент 5723,ББМО-01-23,4,3.3,3.48
5724,Студент 5724,ББМО-01-23,1,3.4,3.56
5725,Студент 5725,ББМО-01-23,2,4.2,4.2
5726,Студент 5726,ББМО-01-23,3,3.4,3.56
5728,Студент 5728,ББМО-01-23,1,4.8,4.68
5729,Студент 5729,ББМО-01-23,2,3.4,3.56
5730,Студент 5730,ББМО-01-23,3,3.9,3.96
5731,Студент 5731,ББМО-01-23,4,4.3,4.28
5734,Студент 5734,ББМО-01-23,3,3.3,3.48
5735,Студент 5735,ББМО-01-23,4,4.7,4.6
5736,Студент 5736,ББМО-01-23,1,3.2,3.4
5737,Студент 5737,ББМО-01-23,2,4.9,4.76
5738,Студент 5738,ББМО-01-23,3,4.3,4.28
5739,Студент 5739,ББМО-01-23,4,4.4,4.36
5740,Студент 5740,ББМО-01-23,1,3.5,3.64
5742,Студент 5742,ББМО-01-23,3,5,4.84
5744,Студент 5744,ББМО-01-23,1,3.4,3.56
5745,Студент 5745,ББМО-01-23,2,3.8,3.88
5746,Студент 5746,ББМО-01-23,3,3.1,3.32
5752,Студент 5752,ББМО-01-23,1,4.9,4.76
5754,Студент 5754,ББМО-01-23,3,3.8,3.88
5755,Студент 5755,ББМО-01-23,4,3.1,3.32
5757,Студент 5757,ББМО-01-23,2,4.4,4.36
5758,Студент 5758,ББМО-01-23,3,3.3,3.48
5761,Студент 5761,ББМО-01-23,2,3.5,3.64
5762,Студент 5762,ББМО-01-23,3,3.1,3.32
5763,Студент 5763,ББМО-01-23,4,5,4.84
5765,Студент 5765,ББМО-01-23,2,3.3,3.48
5767,Студент 5767,ББМО-01-23,4,4.9,4.76
5769,Студент 5769,ББМО-01-23,2,3.7,3.8
5770,Студент 5770,ББМО-01-23,3,3.7,3.8
5771,Студент 5771,ББМО-01-23,4,3.6,3.72
5774,Студент 5774,ББМО-01-23,3,4.6,4.52
5776,Студент 5776,ББМО-01-23,1,4,4.04
5778,Студент 5778,ББМО-01-23,3,3.7,3.8
5779,Студент 5779,ББМО-01-23,4,4.3,4.28
5780,Студент 5780,ББМО-01-23,1,4.3,4.28
5781,Студент 5781,ББМО-01-23,2,4.5,4.44
5782,Студент 5782,ББМО-01-23,3,3.7,3.8
5783,Студент 5783,ББМО-01-23,4,3.9,3.96
5784,Студент 5784,ББМО-01-23,1,4.3,4.28
5785,Студент 5785,ББМО-01-23,2,4.5,4.44
5787,Студент 5787,ББМО-01-23,4,4.6,4.52
5788,Студент 5788,ББМО-01-23,1,3.6,3.72
5791,Студент 5791,ББМО-01-23,4,3.7,3.8
5793,Студент 5793,ББМО-01-23,2,3.3,3.48
5794,Студент 5794,ББМО-01-23,3,3.1,3.32
5797,Студент 5797,ББМО-01-23,2,4.7,4.6
5798,Студент 5798,ББМО-01-23,3,5,4.84
5802,Студент 5802,ББМО-01-23,3,3.9,3.96
5803,Студент 5803,ББМО-01-23,4,3.2,3.4
5805,Студент 5805,ББМО-01-23,2,4.7,4.6
5806,Студент 5806,ББМО-01-23,3,4.7,4.6
5808,Студент 5808,ББМО-01-23,1,4.2,4.2
5810,Студент 5810,ББМО-01-23,3,4.7,4.6
5811,Студент 5811,ББМО-01-23,4,3.5,3.64
5813,Студент 5813,ББМО-01-23,2,4.4,4.36
5814,Студент 5814,ББМО-01-23,3,3.9,3.96
5815,Студент 5815,ББМО-01-23,4,3.9,3.96
5816,Студент 5816,ББМО-01-23,1,4.7,4.6
5817,Студент 5817,ББМО-01-23,2,5,4.84
5820,Студент 5820,ББМО-01-23,1,3.8,3.88
5821,Студент 5821,ББМО-01-23,2,3.3,3.48
5822,Студент 5822,ББМО-01-23,3,4.9,4.76
5823,Студент 5823,ББМО-01-23,4,3.1,3.32
5824,Студент 5824,ББМО-01-23,1,3.9,3.96
5825,Студент 5825,ББМО-01-23,2,5,4.84
5827,Студент 5827,ББМО-01-23,4,4.3,4.28
5828,Студент 5828,ББМО-01-23,1,3.4,3.56
5829,Студент 5829,ББМО-01-23,2,4.8,4.68
5831,Студент 5831,ББМО-01-23,4,3.3,3.48
5832,Студент 5832,ББМО-01-23,1,3.8,3.88
5835,Студент 5835,ББМО-01-23,4,3.9,3.96
5838,Студент 5838,ББМО-01-23,3,3.6,3.72
5839,Студент 5839,ББМО-01-23,4,3.5,3.64
5840,Студент 5840,ББМО-01-23,1,4.7,4.6
5841,Студент 5841,ББМО-01-23,2,4.9,4.76
5842,Студент 5842,ББМО-01-23,3,4.8,4.68
5843,Студент 5843,ББМО-01-23,4,4.3,4.28
5844,Студент 5844,ББМО-01-23,1,4.3,4.28
5846,Студент 5846,ББМО-01-23,3,4.5,4.44
5847,Студент 5847,ББМО-01-23,4,3.4,3.56
5849,Студент 5849,ББМО-01-23,2,3.5,3.64
5850,Студент 5850,ББМО-01-23,3,3.3,3.48
5851,Студент 5851,ББМО-01-23,4,4.8,4.68
5852,Студент 5852,ББМО-01-23,1,4.4,4.36
5853,Студент 5853,ББМО-01-23,2,3.9,3.96
5855,Студент 5855,ББМО-01-23,4,4.1,4.12
5857,Студент 5857,ББМО-01-23,2,3.7,3.8
5858,Студент 5858,ББМО-01-23,3,4.9,4.76
5860,Студент 5860,ББМО-01-23,1,3.7,3.8
5864,Студент 5864,ББМО-01-23,1,3.3,3.48
5865,Студент 5865,ББМО-01-23,2,4.1,4.12
5868,Студент 5868,ББМО-01-23,1,4.4,4.36
5869,Студент 5869,ББМО-01-23,2,4,4.04
5871,Студент 5871,ББМО-01-23,4,3.8,3.88
5872,Студент 5872,ББМО-01-23,1,4.8,4.68
5874,Студент 5874,ББМО-01-23,3,5,4.84
5875,Студент 5875,ББМО-01-23,4,4.5,4.44
5876,Студент 5876,ББМО-01-23,1,3.5,3.64
5878,Студент 5878,ББМО-01-23,3,3.7,3.8
5879,Студент 5879,ББМО-01-23,4,4.6,4.52
5880,Студент 5880,ББМО-01-23,1,4,4.04
5883,Студент 5883,ББМО-01-23,4,4.2,4.2
5884,Студент 5884,ББМО-01-23,1,4.4,4.36
5886,Студент 5886,ББМО-01-23,3,3.1,3.32
5887,Студент 5887,ББМО-01-23,4,3.7,3.8
5888,Студент 5888,ББМО-01-23,1,4.1,4.12
5890,Студент 5890,ББМО-01-23,3,3.1,3.32
5891,Студент 5891,ББМО-01-23,4,3.3,3.48
5894,Студент 5894,ББМО-01-23,3,4.1,4.12
5895,Студент 5895,ББМО-01-23,4,3.3,3.48
5896,Студент 5896,ББМО-01-23,1,4.5,4.44
5897,Студент 5897,ББМО-01-23,2,3.5,3.64
5899,Студент 5899,ББМО-01-23,4,4.4,4.36
5900,Студент 5900,ББМО-01-23,1,3.6,3.72
5901,Студент 5901,ББМО-01-23,2,3.9,3.96
5902,Студент 5902,ББМО-01-23,3,3.8,3.88
5903,Студент 5903,ББМО-01-23,4,4.4,4.36
5905,Студент 5905,ББМО-01-23,2,4.9,4.76
5907,Студент 5907,ББМО-01-23,4,3.2,3.4
5910,Студент 5910,ББМО-01-23,3,4.9,4.76
5911,Студент 5911,ББМО-01-23,4,4.8,4.68
5913,Студент 5913,ББМО-01-23,2,4.9,4.76
5914,Студент 5914,ББМО-01-23,3,4.6,4.52
5915,Студент 5915,ББМО-01-23,4,3.1,3.32
5917,Студент 5917,ББМО-01-23,2,3.4,3.56
5918,Студент 5918,ББМО-01-23,3,3.6,3.72
5919,Студент 5919,ББМО-01-23,4,3.4,3.56
5920,Студент 5920,ББМО-01-23,1,3.3,3.48
5921,Студент 5921,ББМО-01-23,2,4.9,4.76
5922,Студент 5922,ББМО-01-23,3,4.3,4.28
5925,Студент 5925,ББМО-01-23,2,3.3,3.48
5926,Студент 5926,ББМО-01-23,3,3.7,3.8
5927,Студент 5927,ББМО-01-23,4,4.5,4.44
5930,Студент 5930,ББМО-01-23,3,3.3,3.48
5931,Студент 5931,ББМО-01-23,4,3.5,3.64
5932,Студент 5932,ББМО-01-23,1,3.2,3.4
5933,Студент 5933,ББМО-01-23,2,3.2,3.4
5936,Студент 5936,ББМО-01-23,1,4.6,4.52
5938,Студент 5938,ББМО-01-23,3,3.2,3.4
5939,Студент 5939,ББМО-01-23,4,4,4.04
5940,Студент 5940,ББМО-01-23,1,3.7,3.8
5941,Студент 5941,ББМО-01-23,2,3.2,3.4
5942,Студент 5942,ББМО-01-23,3,4,4.04
5943,Студент 5943,ББМО-01-23,4,3.1,3.32
5944,Студент 5944,ББМО-01-23,1,4.5,4.44
5946,Студент 5946,ББМО-01-23,3,3.9,3.96
5948,Студент 5948,ББМО-01-23,1,3.1,3.32
5949,Студент 5949,ББМО-01-23,2,3.9,3.96
5952,Студент 5952,ББМО-01-23,1,3.9,3.96
5954,Студент 5954,ББМО-01-23,3,4.9,4.76
5955,Студент 5955,ББМО-01-23,4,4,4.04
5958,Студент 5958,ББМО-01-23,3,4.8,4.68
5960,Студент 5960,ББМО-01-23,1,4.5,4.44
5961,Студент 5961,ББМО-01-23,2,4.5,4.44
5962,Студент 5962,ББМО-01-23,3,3.9,3.96
5963,Студент 5963,ББМО-01-23,4,3.6,3.72
5964,Студент 5964,ББМО-01-23,1,3.3,3.48
5965,Студент 5965,ББМО-01-23,2,4.2,4.2
5966,Студент 5966,ББМО-01-23,3,3.7,3.8
5968,Студент 5968,ББМО-01-23,1,4.7,4.6
5970,Студент 5970,ББМО-01-23,3,4,4.04
5973,Студент 5973,ББМО-01-23,2,4.5,4.44
5978,Студент 5978,ББМО-01-23,3,3.2,3.4
5979,Студент 5979,ББМО-01-23,4,3.3,3.48
5983,Студент 5983,ББМО-01-23,4,3.5,3.64
5984,Студент 5984,ББМО-01-23,1,4.1,4.12
5985,Студент 5985,ББМО-01-23,2,4.5,4.44
5986,Студент 5986,ББМО-01-23,3,3.5,3.64
5988,Студент 5988,ББМО-01-23,1,4.6,4.52
5989,Студент 5989,ББМО-01-23,2,4.5,4.44
5990,Студент 5990,ББМО-01-23,3,3.3,3.48
5993,Студент 5993,ББМО-01-23,2,3.4,3.56
5997,Студент 5997,ББМО-01-23,2,4.8,4.68
5998,Студент 5998,ББМО-01-23,3,3.6,3.72
5999,Студент 5999,ББМО-01-23,4,5,4.84
6000,Студент 6000,ББМО-01-23,1,4.9,4.76
6002,Студент 6002,ББМО-01-23,3,3.7,3.8
6003,Студент 6003,ББМО-01-23,4,4.9,4.76
6004,Студент 6004,ББМО-01-23,1,4.6,4.52
6005,Студент 6005,ББМО-01-23,2,4.4,4.36
6006,Студент 6006,ББМО-01-23,3,4.2,4.2
6007,Студент 6007,ББМО-01-23,4,3.4,3.56
6013,Студент 6013,ББМО-01-23,2,4.9,4.76
6014,Студент 6014,ББМО-01-23,3,3.9,3.96
6017,Студент 6017,ББМО-01-23,2,3.6,3.72
6019,Студент 6019,ББМО-01-23,4,4.7,4.6
6021,Студент 6021,ББМО-01-23,2,3.4,3.56
6022,Студент 6022,ББМО-01-23,3,3.7,3.8
6023,Студент 6023,ББМО-01-23,4,4.1,4.12
6024,Студент 6024,ББМО-01-23,1,4,4.04
6026,Студент 6026,ББМО-01-23,3,4.1,4.12
6027,Студент 6027,ББМО-01-23,4,3.2,3.4
6029,Студент 6029,ББМО-01-23,2,4.4,4.36
6032,Студент 6032,ББМО-01-23,1,5,4.84
6033,Студент 6033,ББМО-01-23,2,4.1,4.12
6038,Студент 6038,ББМО-01-23,3,3.3,3.48
6040,Студент 6040,ББМО-01-23,1,3.5,3.64
6041,Студент 6041,ББМО-01-23,2,4.6,4.52
6045,Студент 6045,ББМО-01-23,2,4.5,4.44
6047,Студент 6047,ББМО-01-23,4,4.1,4.12
6049,Студент 6049,ББМО-01-23,2,4.7,4.6
6050,Студент 6050,ББМО-01-23,3,3.4,3.56
6052,Студент 6052,ББМО-01-23,1,3.1,3.32
6053,Студент 6053,ББМО-01-23,2,3.5,3.64
6055,Студент 6055,ББМО-01-23,4,4.3,4.28
6058,Студент 6058,ББМО-01-23,3,4.4,4.36
6059,Студент 6059,ББМО-01-23,4,5,4.84
6060,Студент 6060,ББМО-01-23,1,4.4,4.36
6061,Студент 6061,ББМО-01-23,2,3.3,3.48
6062,Студент 6062,ББМО-01-23,3,4.9,4.76
6063,Студент 6063,ББМО-01-23,4,4.4,4.36
6064,Студент 6064,ББМО-01-23,1,4.5,4.44
6065,Студент 6065,ББМО-01-23,2,3.9,3.96
6067,Студент 6067,ББМО-01-23,4,5,4.84
6068,Студент 6068,ББМО-01-23,1,4.3,4.28
6070,Студент 6070,ББМО-01-23,3,3.4,3.56
6071,Студент 6071,ББМО-01-23,4,3.5,3.64
6073,Студент 6073,ББМО-01-23,2,3.6,3.72
6074,Студент 6074,ББМО-01-23,3,4.4,4.36
6075,Студент 6075,ББМО-01-23,4,4.3,4.28
6076,Студент 6076,ББМО-01-23,1,4.4,4.36
6081,Студент 6081,ББМО-01-23,2,3.7,3.8
6083,Студент 6083,ББМО-01-23,4,4.9,4.76
6084,Студент 6084,ББМО-01-23,1,4.2,4.2
6085,Студент 6085,ББМО-01-23,2,3.7,3.8
6087,Студент 6087,ББМО-01-23,4,4.2,4.2
6088,Студент 6088,ББМО-01-23,1,3.5,3.64
6089,Студент 6089,ББМО-01-23,2,4.3,4.28
6090,Студент 6090,ББМО-01-23,3,3.1,3.32
6091,Студент 6091,ББМО-01-23,4,5,4.84
6093,Студент 6093,ББМО-01-23,2,3.2,3.4
6095,Студент 6095,ББМО-01-23,4,4.2,4.2
6096,Студент 6096,ББМО-01-23,1,4.7,4.6
6098,Студент 6098,ББМО-01-23,3,4,4.04
6100,Студент 6100,ББМО-01-23,1,4.2,4.2
6101,Студент 6101,ББМО-01-23,2,4,4.04
6103,Студент 6103,ББМО-01-23,4,4.7,4.6
6106,Студент 6106,ББМО-01-23,3,3.1,3.32
6107,Студент 6107,ББМО-01-23,4,4,4.04
6108,Студент 6108,ББМО-01-23,1,4.3,4.28
6110,Студент 6110,ББМО-01-23,3,4.4,4.36
6111,Студент 6111,ББМО-01-23,4,4.5,4.44
6112,Студент 6112,ББМО-01-23,1,4.7,4.6
6113,Студент 6113,ББМО-01-23,2,3.2,3.4
6114,Студент 6114,ББМО-01-23,3,4.1,4.12
6115,Студент 6115,ББМО-01-23,4,3.4,3.56
6117,Студент 6117,ББМО-01-23,2,3.3,3.48
6118,Студент 6118,ББМО-01-23,3,3.2,3.4
6119,Студент 6119,ББМО-01-23,4,4.5,4.44
6120,Студент 6120,ББМО-01-23,1,4.3,4.28
6121,Студент 6121,ББМО-01-23,2,4.4,4.36
6124,Студент 6124,ББМО-01-23,1,4.6,4.52
6125,Студент 6125,ББМО-01-23,2,4,4.04
6127,Студент 6127,ББМО-01-23,4,3.5,3.64
6128,Студент 6128,ББМО-01-23,1,3.4,3.56
6129,Студент 6129,ББМО-01-23,2,4.9,4.76
6132,Студент 6132,ББМО-01-23,1,4.4,4.36
6135,Студент 6135,ББМО-01-23,4,4.3,4.28
6136,Студент 6136,ББМО-01-23,1,4.3,4.28
6137,Студент 6137,ББМО-01-23,2,4.7,4.6
6138,Студент 6138,ББМО-01-23,3,4.5,4.44
6140,Студент 6140,ББМО-01-23,1,4.9,4.76
6141,Студент 6141,ББМО-01-23,2,3.9,3.96
6142,Студент 6142,ББМО-01-23,3,4.5,4.44
6143,Студент 6143,ББМО-01-23,4,5,4.84
6145,Студент 6145,ББМО-01-23,2,3.6,3.72
6147,Студент 6147,ББМО-01-23,4,3.5,3.64
6148,Студент 6148,ББМО-01-23,1,3.5,3.64
6149,Студент 6149,ББМО-01-23,2,3.5,3.64
6151,Студент 6151,ББМО-01-23,4,4.1,4.12
6154,Студент 6154,ББМО-01-23,3,4.5,4.44
6156,Студент 6156,ББМО-01-23,1,3.1,3.32
6158,Студент 6158,ББМО-01-23,3,4.8,4.68
6159,Студент 6159,ББМО-01-23,4,3.1,3.32
6160,Студент 6160,ББМО-01-23,1,3.3,3.48
6162,Студент 6162,ББМО-01-23,3,3.6,3.72
6163,Студент 6163,ББМО-01-23,4,4.1,4.12
6164,Студент 6164,ББМО-01-23,1,4.9,4.76
6166,Студент 6166,ББМО-01-23,3,3.4,3.56
6167,Студент 6167,ББМО-01-23,4,3.6,3.72
6168,Студент 6168,ББМО-01-23,1,4.5,4.44
6169,Студент 6169,ББМО-01-23,2,3.5,3.64
6170,Студент 6170,ББМО-01-23,3,3.9,3.96
6171,Студент 6171,ББМО-01-23,4,4.1,4.12
6172,Студент 6172,ББМО-01-23,1,4.3,4.28
6174,Студент 6174,ББМО-01-23,3,3.8,3.88
6175,Студент 6175,ББМО-01-23,4,3.8,3.88
6176,Студент 6176,ББМО-01-23,1,3.2,3.4
6177,Студент 6177,ББМО-01-23,2,3.2,3.4
6178,Студент 6178,ББМО-01-23,3,4.4,4.36
6179,Студент 6179,ББМО-01-23,4,3.8,3.88
6180,Студент 6180,ББМО-01-23,1,4.8,4.68
6181,Студент 6181,ББМО-01-23,2,4.5,4.44
6182,Студент 6182,ББМО-01-23,3,4.4,4.36
6185,Студент 6185,ББМО-01-23,2,4.8,4.68
6186,Студент 6186,ББМО-01-23,3,5,4.84
6187,Студент 6187,ББМО-01-23,4,3.5,3.64
6188,Студент 6188,ББМО-01-23,1,3.7,3.8
6189,Студент 6189,ББМО-01-23,2,4.7,4.6
6191,Студент 6191,ББМО-01-23,4,4.8,4.68
6193,Студент 6193,ББМО-01-23,2,4.1,4.12
6195,Студент 6195,ББМО-01-23,4,4,4.04
6196,Студент 6196,ББМО-01-23,1,4.7,4.6
6199,Студент 6199,ББМО-01-23,4,3.3,3.48
6201,Студент 6201,ББМО-01-23,2,3.9,3.96
6203,Студент 6203,ББМО-01-23,4,3.3,3.48
6204,Студент 6204,ББМО-01-23,1,4.8,4.68
6205,Студент 6205,ББМО-01-23,2,3.9,3.96
6206,Студент 6206,ББМО-01-23,3,5,4.84
6208,Студент 6208,ББМО-01-23,1,3.1,3.32
6209,Студент 6209,ББМО-01-23,2,3.7,3.8
6211,Студент 6211,ББМО-01-23,4,3.6,3.72
6213,Студент 6213,ББМО-01-23,2,3.8,3.88
6214,Студент 6214,ББМО-01-23,3,4.6,4.52
6215,Студент 6215,ББМО-01-23,4,4.6,4.52
6216,Студент 6216,ББМО-01-23,1,4.4,4.36
6217,Студент 6217,ББМО-01-23,2,3.3,3.48
6218,Студент 6218,ББМО-01-23,3,4.8,4.68
6219,Студент 6219,ББМО-01-23,4,4.1,4.12
6220,Студент 6220,ББМО-01-23,1,4.2,4.2
6221,Студент 6221,ББМО-01-23,2,3.5,3.64
6222,Студент 6222,ББМО-01-23,3,4.7,4.6
6223,Студент 6223,ББМО-01-23,4,3.1,3.32
6224,Студент 6224,ББМО-01-23,1,3.5,3.64
6225,Студент 6225,ББМО-01-23,2,3.2,3.4
6229,Студент 6229,ББМО-01-23,2,3.5,3.64
6230,Студент 6230,ББМО-01-23,3,3.9,3.96
6231,Студент 6231,ББМО-01-23,4,4.3,4.28
6232,Студент 6232,ББМО-01-23,1,4.8,4.68
6233,Студент 6233,ББМО-01-23,2,4,4.04
6235,Студент 6235,ББМО-01-23,4,3.8,3.88
6236,Студент 6236,ББМО-01-23,1,3.9,3.96
6238,Студент 6238,ББМО-01-23,3,3.2,3.4
6240,Студент 6240,ББМО-01-23,1,3.6,3.72
6241,Студент 6241,ББМО-01-23,2,3.3,3.48
6243,Студент 6243,ББМО-01-23,4,3.8,3.88
6245,Студент 6245,ББМО-01-23,2,3.5,3.64
6247,Студент 6247,ББМО-01-23,4,3.8,3.88
6248,Студент 6248,ББМО-01-23,1,3.6,3.72
6250,Студент 6250,ББМО-01-23,3,3.1,3.32
6251,Студент 6251,ББМО-01-23,4,4.8,4.68
6253,Студент 6253,ББМО-01-23,2,5,4.84
6255,Студент 6255,ББМО-01-23,4,3.7,3.8
6256,Студент 6256,ББМО-01-23,1,4.5,4.44
6257,Студент 6257,ББМО-01-23,2,4.5,4.44
6260,Студент 6260,ББМО-01-23,1,4.4,4.36
6261,Студент 6261,ББМО-01-23,2,3.2,3.4
6262,Студент 6262,ББМО-01-23,3,3.2,3.4
6263,Студент 6263,ББМО-01-23,4,4.1,4.12
6265,Студент 6265,ББМО-01-23,2,3.6,3.72
6267,Студент 6267,ББМО-01-23,4,3.7,3.8
6268,Студент 6268,ББМО-01-23,1,3.8,3.88
6269,Студент 6269,ББМО-01-23,2,3.2,3.4
6270,Студент 6270,ББМО-01-23,3,3.2,3.4
6271,Студент 6271,ББМО-01-23,4,4.1,4.12
6272,Студент 6272,ББМО-01-23,1,5,4.84
6274,Студент 6274,ББМО-01-23,3,4.4,4.36
6275,Студент 6275,ББМО-01-23,4,4.4,4.36
6276,Студент 6276,ББМО-01-23,1,3.8,3.88
6277,Студент 6277,ББМО-01-23,2,4.6,4.52
6278,Студент 6278,ББМО-01-23,3,4.4,4.36
6281,Студент 6281,ББМО-01-23,2,3.4,3.56
6282,Студент 6282,ББМО-01-23,3,3.9,3.96
6283,Студент 6283,ББМО-01-23,4,3.1,3.32
6284,Студент 6284,ББМО-01-23,1,3.8,3.88
6288,Студент 6288,ББМО-01-23,1,4.7,4.6
6289,Студент 6289,ББМО-01-23,2,3.2,3.4
6290,Студент 6290,ББМО-01-23,3,3.2,3.4
6293,Студент 6293,ББМО-01-23,2,4.6,4.52
6297,Студент 6297,ББМО-01-23,2,3.1,3.32
6298,Студент 6298,ББМО-01-23,3,4.9,4.76
6300,Студент 6300,ББМО-01-23,1,3.2,3.4
6301,Студент 6301,ББМО-01-23,2,3.4,3.56
6305,Студент 6305,ББМО-01-23,2,4.6,4.52
6309,Студент 6309,ББМО-01-23,2,3.5,3.64
6311,Студент 6311,ББМО-01-23,4,4.6,4.52
6314,Студент 6314,ББМО-01-23,3,4.4,4.36
6323,Студент 6323,ББМО-01-23,4,4.6,4.52
6324,Студент 6324,ББМО-01-23,1,4.9,4.76
6325,Студент 6325,ББМО-01-23,2,3.7,3.8
6327,Студент 6327,ББМО-01-23,4,4.1,4.12
6328,Студент 6328,ББМО-01-23,1,4.9,4.76
6330,Студент 6330,ББМО-01-23,3,4.3,4.28
6333,Студент 6333,ББМО-01-23,2,3.7,3.8
6334,Студент 6334,ББМО-01-23,3,3.6,3.72
6336,Студент 6336,ББМО-01-23,1,4.9,4.76
6337,Студент 6337,ББМО-01-23,2,4.1,4.12
6339,Студент 6339,ББМО-01-23,4,3.4,3.56
6341,Студент 6341,ББМО-01-23,2,4.2,4.2
6342,Студент 6342,ББМО-01-23,3,4.7,4.6
6344,Студент 6344,ББМО-01-23,1,3.8,3.88
6345,Студент 6345,ББМО-01-23,2,3.6,3.72
6347,Студент 6347,ББМО-01-23,4,4.7,4.6
6348,Студент 6348,ББМО-01-23,1,4.3,4.28
6349,Студент 6349,ББМО-01-23,2,3.8,3.88
6350,Студент 6350,ББМО-01-23,3,4,4.04
6352,Студент 6352,ББМО-01-23,1,3.1,3.32
6353,Студент 6353,ББМО-01-23,2,3.7,3.8
6354,Студент 6354,ББМО-01-23,3,4,4.04
6355,Студент 6355,ББМО-01-23,4,4.6,4.52
6356,Студент 6356,ББМО-01-23,1,3.8,3.88
6357,Студент 6357,ББМО-01-23,2,4.9,4.76
6359,Студент 6359,ББМО-01-23,4,4.7,4.6
6361,Студент 6361,ББМО-01-23,2,4.5,4.44
6362,Студент 6362,ББМО-01-23,3,3.3,3.48
6363,Студент 6363,ББМО-01-23,4,4.7,4.6
6364,Студент 6364,ББМО-01-23,1,3.5,3.64
6365,Студент 6365,ББМО-01-23,2,3.1,3.32
6366,Студент 6366,ББМО-01-23,3,4.5,4.44
6367,Студент 6367,ББМО-01-23,4,3.4,3.56
6368,Студент 6368,ББМО-01-23,1,4.5,4.44
6370,Студент 6370,ББМО-01-23,3,4.5,4.44
6371,Студент 6371,ББМО-01-23,4,4.8,4.68
6372,Студент 6372,ББМО-01-23,1,4.4,4.36
6375,Студент 6375,ББМО-01-23,4,4.5,4.44
6376,Студент 6376,ББМО-01-23,1,4.2,4.2
6377,Студент 6377,ББМО-01-23,2,4.7,4.6
6378,Студент 6378,ББМО-01-23,3,5,4.84
6379,Студент 6379,ББМО-01-23,4,3.9,3.96
6381,Студент 6381,ББМО-01-23,2,4.4,4.36
6383,Студент 6383,ББМО-01-23,4,3.8,3.88
6384,Студент 6384,ББМО-01-23,1,3.4,3.56
6385,Студент 6385,ББМО-01-23,2,4.5,4.44
6386,Студент 6386,ББМО-01-23,3,4.5,4.44
6387,Студент 6387,ББМО-01-23,4,3.4,3.56
6390,Студент 6390,ББМО-01-23,3,3.3,3.48
6391,Студент 6391,ББМО-01-23,4,5,4.84
6392,Студент 6392,ББМО-01-23,1,3.5,3.64
6395,Студент 6395,ББМО-01-23,4,3.6,3.72
6396,Студент 6396,ББМО-01-23,1,3.8,3.88
6397,Студент 6397,ББМО-01-23,2,3.4,3.56
6399,Студент 6399,ББМО-01-23,4,3.1,3.32
6400,Студент 6400,ББМО-01-23,1,5,4.84
6401,Студент 6401,ББМО-01-23,2,4.3,4.28
6402,Студент 6402,ББМО-01-23,3,3.2,3.4
6403,Студент 6403,ББМО-01-23,4,3.1,3.32
6405,Студент 6405,ББМО-01-23,2,4.6,4.52
6406,Студент 6406,ББМО-01-23,3,4.5,4.44
6407,Студент 6407,ББМО-01-23,4,3.3,3.48
6408,Студент 6408,ББМО-01-23,1,4.6,4.52
6409,Студент 6409,ББМО-01-23,2,4,4.04
6410,Студент 6410,ББМО-01-23,3,3.7,3.8
6411,Студент 6411,ББМО-01-23,4,3.4,3.56
6413,Студент 6413,ББМО-01-23,2,4.5,4.44
6414,Студент 6414,ББМО-01-23,3,3.2,3.4
6415,Студент 6415,ББМО-01-23,4,4.2,4.2
6417,Студент 6417,ББМО-01-23,2,4.8,4.68
6419,Студент 6419,ББМО-01-23,4,3.3,3.48
6422,Студент 6422,ББМО-01-23,3,4.3,4.28
6425,Студент 6425,ББМО-01-23,2,4,4.04
6426,Студент 6426,ББМО-01-23,3,3.3,3.48
6427,Студент 6427,ББМО-01-23,4,3.6,3.72
6428,Студент 6428,ББМО-01-23,1,3.2,3.4
6429,Студент 6429,ББМО-01-23,2,4.4,4.36
6430,Студент 6430,ББМО-01-23,3,4.9,4.76
6431,Студент 6431,ББМО-01-23,4,3.3,3.48
6432,Студент 6432,ББМО-01-23,1,4.4,4.36
6433,Студент 6433,ББМО-01-23,2,3.7,3.8
6435,Студент 6435,ББМО-01-23,4,4.3,4.28
6436,Студент 6436,ББМО-01-23,1,4.3,4.28
6438,Студент 6438,ББМО-01-23,3,4.7,4.6
6439,Студент 6439,ББМО-01-23,4,4.5,4.44
6440,Студент 6440,ББМО-01-23,1,4.8,4.68
6441,Студент 6441,ББМО-01-23,2,4.7,4.6
6442,Студент 6442,ББМО-01-23,3,3.5,3.64
6444,Студент 6444,ББМО-01-23,1,3.1,3.32
6446,Студент 6446,ББМО-01-23,3,3.3,3.48
6447,Студент 6447,ББМО-01-23,4,4.1,4.12
6448,Студент 6448,ББМО-01-23,1,4.2,4.2
6450,Студент 6450,ББМО-01-23,3,4,4.04
6451,Студент 6451,ББМО-01-23,4,4,4.04
6452,Студент 6452,ББМО-01-23,1,3.4,3.56
6457,Студент 6457,ББМО-01-23,2,4.5,4.44
6460,Студент 6460,ББМО-01-23,1,3.6,3.72
6462,Студент 6462,ББМО-01-23,3,3.4,3.56
6463,Студент 6463,ББМО-01-23,4,4.7,4.6
6465,Студент 6465,ББМО-01-23,2,3.4,3.56
6466,Студент 6466,ББМО-01-23,3,4,4.04
6467,Студент 6467,ББМО-01-23,4,3.1,3.32
6468,Студент 6468,ББМО-01-23,1,4.6,4.52
6471,Студент 6471,ББМО-01-23,4,3.2,3.4
6473,Студент 6473,ББМО-01-23,2,4.7,4.6
6475,Студент 6475,ББМО-01-23,4,4.3,4.28
6478,Студент 6478,ББМО-01-23,3,4.8,4.68
6479,Студент 6479,ББМО-01-23,4,3.2,3.4
6482,Студент 6482,ББМО-01-23,3,3.8,3.88
6483,Студент 6483,ББМО-01-23,4,3.5,3.64
6484,Студент 6484,ББМО-01-23,1,4.8,4.68
6485,Студент 6485,ББМО-01-23,2,3.1,3.32
6488,Студент 6488,ББМО-01-23,1,3.7,3.8
6489,Студент 6489,ББМО-01-23,2,3.8,3.88
6490,Студент 6490,ББМО-01-23,3,4.5,4.44
6491,Студент 6491,ББМО-01-23,4,4.6,4.52
6494,Студент 6494,ББМО-01-23,3,3.4,3.56
6496,Студент 6496,ББМО-01-23,1,3.7,3.8
6497,Студент 6497,ББМО-01-23,2,3.9,3.96
6499,Студент 6499,ББМО-01-23,4,4.3,4.28
6502,Студент 6502,ББМО-01-23,3,4.9,4.76
6503,Студент 6503,ББМО-01-23,4,4.1,4.12
6505,Студент 6505,ББМО-01-23,2,3.3,3.48
6507,Студент 6507,ББМО-01-23,4,3.9,3.96
6508,Студент 6508,ББМО-01-23,1,4.1,4.12
6509,Студент 6509,ББМО-01-23,2,3.8,3.88
6513,Студент 6513,ББМО-01-23,2,4.4,4.36
6514,Студент 6514,ББМО-01-23,3,3.4,3.56
6517,Студент 6517,ББМО-01-23,2,4.1,4.12
6518,Студент 6518,ББМО-01-23,3,3.5,3.64
6519,Студент 6519,ББМО-01-23,4,4.7,4.6
6520,Студент 6520,ББМО-01-23,1,4.4,4.36
6521,Студент 6521,ББМО-01-23,2,3.8,3.88
6522,Студент 6522,ББМО-01-23,3,3.8,3.88
6523,Студент 6523,ББМО-01-23,4,4.8,4.68
6524,Студент 6524,ББМО-01-23,1,4.3,4.28
6525,Студент 6525,ББМО-01-23,2,3.8,3.88
6526,Студент 6526,ББМО-01-23,3,4.8,4.68
6528,Студент 6528,ББМО-01-23,1,3.6,3.72
6530,Студент 6530,ББМО-01-23,3,4.4,4.36
6531,Студент 6531,ББМО-01-23,4,4.7,4.6
6532,Студент 6532,ББМО-01-23,1,3.7,3.8
6536,Студент 6536,ББМО-01-23,1,3.4,3.56
6537,Студент 6537,ББМО-01-23,2,4.6,4.52
6540,Студент 6540,ББМО-01-23,1,3.5,3.64
6541,Студент 6541,ББМО-01-23,2,4.1,4.12
6542,Студент 6542,ББМО-01-23,3,3.5,3.64
6543,Студент 6543,ББМО-01-23,4,5,4.84
6545,Студент 6545,ББМО-01-23,2,3.1,3.32
6546,Студент 6546,ББМО-01-23,3,4.4,4.36
6550,Студент 6550,ББМО-01-23,3,4.9,4.76
6551,Студент 6551,ББМО-01-23,4,3.2,3.4
6553,Студент 6553,ББМО-01-23,2,4.8,4.68
6554,Студент 6554,ББМО-01-23,3,4.6,4.52
6556,Студент 6556,ББМО-01-23,1,4.8,4.68
6557,Студент 6557,ББМО-01-23,2,4.3,4.28
6558,Студент 6558,ББМО-01-23,3,3.8,3.88
6559,Студент 6559,ББМО-01-23,4,4.2,4.2
6560,Студент 6560,ББМО-01-23,1,3.8,3.88
6561,Студент 6561,ББМО-01-23,2,3.6,3.72
6562,Студент 6562,ББМО-01-23,3,4.8,4.68
6563,Студент 6563,ББМО-01-23,4,4.2,4.2
6564,Студент 6564,ББМО-01-23,1,4.2,4.2
6569,Студент 6569,ББМО-01-23,2,3.8,3.88
6573,Студент 6573,ББМО-01-23,2,4.5,4.44
6574,Студент 6574,ББМО-01-23,3,4.9,4.76
6575,Студент 6575,ББМО-01-23,4,3.1,3.32
6576,Студент 6576,ББМО-01-23,1,4.4,4.36
6577,Студент 6577,ББМО-01-23,2,4.1,4.12
6580,Студент 6580,ББМО-01-23,1,4.5,4.44
6581,Студент 6581,ББМО-01-23,2,4,4.04
6582,Студент 6582,ББМО-01-23,3,4.6,4.52
6583,Студент 6583,ББМО-01-23,4,4.8,4.68
6584,Студент 6584,ББМО-01-23,1,3.7,3.8
6586,Студент 6586,ББМО-01-23,3,4,4.04
6587,Студент 6587,ББМО-01-23,4,4.7,4.6
6591,Студент 6591,ББМО-01-23,4,4.4,4.36
6594,Студент 6594,ББМО-01-23,3,3.4,3.56
6595,Студент 6595,ББМО-01-23,4,3.2,3.4
6596,Студент 6596,ББМО-01-23,1,4.5,4.44
6597,Студент 6597,ББМО-01-23,2,4.1,4.12
6599,Студент 6599,ББМО-01-23,4,4.9,4.76
6600,Студент 6600,ББМО-01-23,1,3.2,3.4
6602,Студент 6602,ББМО-01-23,3,5,4.84
6604,Студент 6604,ББМО-01-23,1,3.4,3.56
6605,Студент 6605,ББМО-01-23,2,4.2,4.2
6609,Студент 6609,ББМО-01-23,2,3.2,3.4
6610,Студент 6610,ББМО-01-23,3,3.8,3.88
6612,Студент 6612,ББМО-01-23,1,4.3,4.28
6613,Студент 6613,ББМО-01-23,2,4.2,4.2
6615,Студент 6615,ББМО-01-23,4,3.4,3.56
6616,Студент 6616,ББМО-01-23,1,4.6,4.52
6617,Студент 6617,ББМО-01-23,2,4.6,4.52
6618,Студент 6618,ББМО-01-23,3,4.3,4.28
6619,Студент 6619,ББМО-01-23,4,3.5,3.64
6620,Студент 6620,ББМО-01-23,1,4.6,4.52
6621,Студент 6621,ББМО-01-23,2,4.5,4.44
6623,Студент 6623,ББМО-01-23,4,4.3,4.28
6624,Студент 6624,ББМО-01-23,1,4,4.04
6625,Студент 6625,ББМО-01-23,2,4,4.04
6627,Студент 6627,ББМО-01-23,4,3.3,3.48
6629,Студент 6629,ББМО-01-23,2,4.2,4.2
6630,Студент 6630,ББМО-01-23,3,4.6,4.52
6631,Студент 6631,ББМО-01-23,4,4,4.04
6632,Студент 6632,ББМО-01-23,1,3.9,3.96
6633,Студент 6633,ББМО-01-23,2,3.2,3.4
6634,Студент 6634,ББМО-01-23,3,3.3,3.48
6636,Студент 6636,ББМО-01-23,1,4.7,4.6
6638,Студент 6638,ББМО-01-23,3,5,4.84
6639,Студент 6639,ББМО-01-23,4,3.4,3.56
6642,Студент 6642,ББМО-01-23,3,3.4,3.56
6644,Студент 6644,ББМО-01-23,1,4.5,4.44
6645,Студент 6645,ББМО-01-23,2,3.4,3.56
6647,Студент 6647,ББМО-01-23,4,3.6,3.72
6648,Студент 6648,ББМО-01-23,1,4.8,4.68
6649,Студент 6649,ББМО-01-23,2,3.3,3.48
6651,Студент 6651,ББМО-01-23,4,3.8,3.88
6652,Студент 6652,ББМО-01-23,1,4.5,4.44
6654,Студент 6654,ББМО-01-23,3,3.8,3.88
6656,Студент 6656,ББМО-01-23,1,3.5,3.64
6657,Студент 6657,ББМО-01-23,2,4.2,4.2
6658,Студент 6658,ББМО-01-23,3,4.5,4.44
6660,Студент 6660,ББМО-01-23,1,4.3,4.28
6663,Студент 6663,ББМО-01-23,4,3.7,3.8
6664,Студент 6664,ББМО-01-23,1,3.5,3.64
6665,Студент 6665,ББМО-01-23,2,4.4,4.36
6668,Студент 6668,ББМО-01-23,1,4.9,4.76
6669,Студент 6669,ББМО-01-23,2,4.5,4.44
6671,Студент 6671,ББМО-01-23,4,3.4,3.56
6672,Студент 6672,ББМО-01-23,1,4.4,4.36
6673,Студент 6673,ББМО-01-23,2,4.2,4.2
6674,Студент 6674,ББМО-01-23,3,4,4.04
6675,Студент 6675,ББМО-01-23,4,3.5,3.64
6676,Студент 6676,ББМО-01-23,1,3.4,3.56
6677,Студент 6677,ББМО-01-23,2,4.8,4.68
6678,Студент 6678,ББМО-01-23,3,4.4,4.36
6680,Студент 6680,ББМО-01-23,1,4,4.04
6682,Студент 6682,ББМО-01-23,3,3.7,3.8
6683,Студент 6683,ББМО-01-23,4,5,4.84
6685,Студент 6685,ББМО-01-23,2,3.4,3.56
6687,Студент 6687,ББМО-01-23,4,3.9,3.96
6690,Студент 6690,ББМО-01-23,3,3.7,3.8
6691,Студент 6691,ББМО-01-23,4,3.5,3.64
6693,Студент 6693,ББМО-01-23,2,3.5,3.64
6694,Студент 6694,ББМО-01-23,3,3.7,3.8
6696,Студент 6696,ББМО-01-23,1,4.9,4.76
6699,Студент 6699,ББМО-01-23,4,4.7,4.6
6700,Студент 6700,ББМО-01-23,1,3.9,3.96
6701,Студент 6701,ББМО-01-23,2,4.9,4.76
6702,Студент 6702,ББМО-01-23,3,4.6,4.52
6704,Студент 6704,ББМО-01-23,1,5,4.84
6705,Студент 6705,ББМО-01-23,2,3.8,3.88
6706,Студент 6706,ББМО-01-23,3,4.2,4.2
6707,Студент 6707,ББМО-01-23,4,4,4.04
6708,Студент 6708,ББМО-01-23,1,3.8,3.88
6710,Студент 6710,ББМО-01-23,3,3.6,3.72
6711,Студент 6711,ББМО-01-23,4,3.9,3.96
6712,Студент 6712,ББМО-01-23,1,3.6,3.72
6715,Студент 6715,ББМО-01-23,4,3.5,3.64
6717,Студент 6717,ББМО-01-23,2,3.6,3.72
6720,Студент 6720,ББМО-01-23,1,4.7,4.6
6721,Студент 6721,ББМО-01-23,2,3.3,3.48
6723,Студент 6723,ББМО-01-23,4,3.6,3.72
6724,Студент 6724,ББМО-01-23,1,4.9,4.76
6725,Студент 6725,ББМО-01-23,2,4.6,4.52
6726,Студент 6726,ББМО-01-23,3,4.4,4.36
6728,Студент 6728,ББМО-01-23,1,3.2,3.4
6734,Студент 6734,ББМО-01-23,3,4.8,4.68
6735,Студент 6735,ББМО-01-23,4,4.9,4.76
6736,Студент 6736,ББМО-01-23,1,3.1,3.32
6737,Студент 6737,ББМО-01-23,2,4.4,4.36
6739,Студент 6739,ББМО-01-23,4,3.2,3.4
6740,Студент 6740,ББМО-01-23,1,4.8,4.68
6742,Студент 6742,ББМО-01-23,3,3.9,3.96
6743,Студент 6743,ББМО-01-23,4,3.4,3.56
6745,Студент 6745,ББМО-01-23,2,4.3,4.28
6747,Студент 6747,ББМО-01-23,4,4.9,4.76
6750,Студент 6750,ББМО-01-23,3,4.3,4.28
6755,Студент 6755,ББМО-01-23,4,4.6,4.52
6757,Студент 6757,ББМО-01-23,2,3.9,3.96
6759,Студент 6759,ББМО-01-23,4,4.4,4.36
6760,Студент 6760,ББМО-01-23,1,4.4,4.36
6761,Студент 6761,ББМО-01-23,2,4,4.04
6762,Студент 6762,ББМО-01-23,3,4.8,4.68
6763,Студент 6763,ББМО-01-23,4,3.8,3.88
6764,Студент 6764,ББМО-01-23,1,3.1,3.32
6765,Студент 6765,ББМО-01-23,2,4.9,4.76
6766,Студент 6766,ББМО-01-23,3,4.4,4.36
6767,Студент 6767,ББМО-01-23,4,3.4,3.56
6768,Студент 6768,ББМО-01-23,1,3.6,3.72
6770,Студент 6770,ББМО-01-23,3,3.7,3.8
6772,Студент 6772,ББМО-01-23,1,4.2,4.2
6773,Студент 6773,ББМО-01-23,2,3.7,3.8
6775,Студент 6775,ББМО-01-23,4,4,4.04
6777,Студент 6777,ББМО-01-23,2,3.8,3.88
6778,Студент 6778,ББМО-01-23,3,4.4,4.36
6779,Студент 6779,ББМО-01-23,4,3.2,3.4
6782,Студент 6782,ББМО-01-23,3,4.4,4.36
6784,Студент 6784,ББМО-01-23,1,4.1,4.12
6785,Студент 6785,ББМО-01-23,2,3.2,3.4
6786,Студент 6786,ББМО-01-23,3,3.8,3.88
6787,Студент 6787,ББМО-01-23,4,3.9,3.96
6788,Студент 6788,ББМО-01-23,1,4.5,4.44
6789,Студент 6789,ББМО-01-23,2,4.2,4.2
6790,Студент 6790,ББМО-01-23,3,4.2,4.2
6796,Студент 6796,ББМО-01-23,1,4.2,4.2
6797,Студент 6797,ББМО-01-23,2,4.7,4.6
6799,Студент 6799,ББМО-01-23,4,4.4,4.36
6800,Студент 6800,ББМО-01-23,1,4.7,4.6
6803,Студент 6803,ББМО-01-23,4,4.1,4.12
6804,Студент 6804,ББМО-01-23,1,4.5,4.44
6806,Студент 6806,ББМО-01-23,3,4.3,4.28
6807,Студент 6807,ББМО-01-23,4,4.3,4.28
6809,Студент 6809,ББМО-01-23,2,4,4.04
6810,Студент 6810,ББМО-01-23,3,4.6,4.52
6811,Студент 6811,ББМО-01-23,4,4.8,4.68
6812,Студент 6812,ББМО-01-23,1,3.4,3.56
6813,Студент 6813,ББМО-01-23,2,3.6,3.72
6815,Студент 6815,ББМО-01-23,4,4.5,4.44
6817,Студент 6817,ББМО-01-23,2,3.6,3.72
6818,Студент 6818,ББМО-01-23,3,4.3,4.28
6820,Студент 6820,ББМО-01-23,1,4.5,4.44
6822,Студент 6822,ББМО-01-23,3,3.5,3.64
6823,Студент 6823,ББМО-01-23,4,3.3,3.48
6824,Студент 6824,ББМО-01-23,1,3.3,3.48
6825,Студент 6825,ББМО-01-23,2,3.7,3.8
6826,Студент 6826,ББМО-01-23,3,4.5,4.44
6827,Студент 6827,ББМО-01-23,4,4.2,4.2
6828,Студент 6828,ББМО-01-23,1,4.4,4.36
6830,Студент 6830,ББМО-01-23,3,3.7,3.8
6831,Студент 6831,ББМО-01-23,4,4.8,4.68
6832,Студент 6832,ББМО-01-23,1,3.8,3.88
6834,Студент 6834,ББМО-01-23,3,3.7,3.8
6836,Студент 6836,ББМО-01-23,1,3.2,3.4
6837,Студент 6837,ББМО-01-23,2,4.1,4.12
6838,Студент 6838,ББМО-01-23,3,4.5,4.44
6842,Студент 6842,ББМО-01-23,3,5,4.84
6843,Студент 6843,ББМО-01-23,4,4.1,4.12
6846,Студент 6846,ББМО-01-23,3,3.6,3.72
6847,Студент 6847,ББМО-01-23,4,4.2,4.2
6849,Студент 6849,ББМО-01-23,2,3.1,3.32
6850,Студент 6850,ББМО-01-23,3,4.4,4.36
6851,Студент 6851,ББМО-01-23,4,3.1,3.32
6853,Студент 6853,ББМО-01-23,2,3.7,3.8
6854,Студент 6854,ББМО-01-23,3,4.2,4.2
6855,Студент 6855,ББМО-01-23,4,4,4.04
6856,Студент 6856,ББМО-01-23,1,4.6,4.52
6857,Студент 6857,ББМО-01-23,2,4.6,4.52
6858,Студент 6858,ББМО-01-23,3,4.5,4.44
6859,Студент 6859,ББМО-01-23,4,4.6,4.52
6863,Студент 6863,ББМО-01-23,4,4.6,4.52
6864,Студент 6864,ББМО-01-23,1,3.4,3.56
6865,Студент 6865,ББМО-01-23,2,3.7,3.8
6866,Студент 6866,ББМО-01-23,3,3.7,3.8
6868,Студент 6868,ББМО-01-23,1,4.7,4.6
6869,Студент 6869,ББМО-01-23,2,3.6,3.72
6870,Студент 6870,ББМО-01-23,3,3.9,3.96
6872,Студент 6872,ББМО-01-23,1,3.7,3.8
6875,Студент 6875,ББМО-01-23,4,3.9,3.96
6876,Студент 6876,ББМО-01-23,1,3.4,3.56
6878,Студент 6878,ББМО-01-23,3,4.6,4.52
6879,Студент 6879,ББМО-01-23,4,3.2,3.4
6880,Студент 6880,ББМО-01-23,1,5,4.84
6882,Студент 6882,ББМО-01-23,3,3.5,3.64
6884,Студент 6884,ББМО-01-23,1,3.8,3.88
6885,Студент 6885,ББМО-01-23,2,5,4.84
6886,Студент 6886,ББМО-01-23,3,4.9,4.76
6887,Студент 6887,ББМО-01-23,4,4,4.04
6888,Студент 6888,ББМО-01-23,1,4.2,4.2
6889,Студент 6889,ББМО-01-23,2,3.1,3.32
6890,Студент 6890,ББМО-01-23,3,3.9,3.96
6897,Студент 6897,ББМО-01-23,2,4.8,4.68
6898,Студент 6898,ББМО-01-23,3,3.5,3.64
6901,Студент 6901,ББМО-01-23,2,3.5,3.64
6902,Студент 6902,ББМО-01-23,3,4.3,4.28
6903,Студент 6903,ББМО-01-23,4,3.8,3.88
6904,Студент 6904,ББМО-01-23,1,3.4,3.56
6907,Студент 6907,ББМО-01-23,4,3.2,3.4
6908,Студент 6908,ББМО-01-23,1,3.3,3.48
6909,Студент 6909,ББМО-01-23,2,4.8,4.68
6910,Студент 6910,ББМО-01-23,3,4.6,4.52
6911,Студент 6911,ББМО-01-23,4,4.6,4.52
6912,Студент 6912,ББМО-01-23,1,3.7,3.8
6913,Студент 6913,ББМО-01-23,2,4.8,4.68
6914,Студент 6914,ББМО-01-23,3,4,4.04
6918,Студент 6918,ББМО-01-23,3,4.7,4.6
6920,Студент 6920,ББМО-01-23,1,4.7,4.6
6923,Студент 6923,ББМО-01-23,4,4.1,4.12
6924,Студент 6924,ББМО-01-23,1,3.1,3.32
6926,Студент 6926,ББМО-01-23,3,3.7,3.8
6927,Студент 6927,ББМО-01-23,4,4.6,4.52
6928,Студент 6928,ББМО-01-23,1,4.8,4.68
6929,Студент 6929,ББМО-01-23,2,3.1,3.32
6930,Студент 6930,ББМО-01-23,3,4.8,4.68
6931,Студент 6931,ББМО-01-23,4,3.4,3.56
6932,Студент 6932,ББМО-01-23,1,3.8,3.88
6934,Студент 6934,ББМО-01-23,3,3.5,3.64
6936,Студент 6936,ББМО-01-23,1,3.3,3.48
6937,Студент 6937,ББМО-01-23,2,3.2,3.4
6938,Студент 6938,ББМО-01-23,3,4.4,4.36
6940,Студент 6940,ББМО-01-23,1,4.3,4.28
6941,Студент 6941,ББМО-01-23,2,3.6,3.72
6942,Студент 6942,ББМО-01-23,3,3.9,3.96
6943,Студент 6943,ББМО-01-23,4,3.7,3.8
6944,Студент 6944,ББМО-01-23,1,3.8,3.88
6946,Студент 6946,ББМО-01-23,3,3.8,3.88
6948,Студент 6948,ББМО-01-23,1,4.7,4.6
6949,Студент 6949,ББМО-01-23,2,3.4,3.56
6950,Студент 6950,ББМО-01-23,3,4.6,4.52
6952,Студент 6952,ББМО-01-23,1,4.5,4.44
6953,Студент 6953,ББМО-01-23,2,3.9,3.96
6954,Студент 6954,ББМО-01-23,3,4.4,4.36
6957,Студент 6957,ББМО-01-23,2,4.8,4.68
6959,Студент 6959,ББМО-01-23,4,4.9,4.76
6960,Студент 6960,ББМО-01-23,1,3.2,3.4
6961,Студент 6961,ББМО-01-23,2,3.8,3.88
6963,Студент 6963,ББМО-01-23,4,3.9,3.96
6964,Студент 6964,ББМО-01-23,1,3.4,3.56
6965,Студент 6965,ББМО-01-23,2,3.1,3.32
6966,Студент 6966,ББМО-01-23,3,4.4,4.36
6967,Студент 6967,ББМО-01-23,4,4.4,4.36
6968,Студент 6968,ББМО-01-23,1,4.1,4.12
6969,Студент 6969,ББМО-01-23,2,4,4.04
6970,Студент 6970,ББМО-01-23,3,4.8,4.68
6972,Студент 6972,ББМО-01-23,1,4.5,4.44
6973,Студент 6973,ББМО-01-23,2,4.1,4.12
6975,Студент 6975,ББМО-01-23,4,3.2,3.4
6979,Студент 6979,ББМО-01-23,4,3.3,3.48
6980,Студент 6980,ББМО-01-23,1,4.3,4.28
6981,Студент 6981,ББМО-01-23,2,3.7,3.8
6982,Студент 6982,ББМО-01-23,3,4.6,4.52
6985,Студент 6985,ББМО-01-23,2,3.5,3.64
6987,Студент 6987,ББМО-01-23,4,4,4.04
6988,Студент 6988,ББМО-01-23,1,5,4.84
6989,Студент 6989,ББМО-01-23,2,3.1,3.32
6990,Студент 6990,ББМО-01-23,3,4.5,4.44
6991,Студент 6991,ББМО-01-23,4,4.9,4.76
6992,Студент 6992,ББМО-01-23,1,4.1,4.12
6994,Студент 6994,ББМО-01-23,3,4.9,4.76
6995,Студент 6995,ББМО-01-23,4,3.7,3.8
6997,Студент 6997,ББМО-01-23,2,3.2,3.4
6999,Студент 6999,ББМО-01-23,4,3.5,3.64
7000,Студент 7000,ББМО-01-23,1,4.9,4.76
7004,Студент 7004,ББМО-01-23,1,3.8,3.88
7005,Студент 7005,ББМО-01-23,2,3.2,3.4
7006,Студент 7006,ББМО-01-23,3,4,4.04
7007,Студент 7007,ББМО-01-23,4,3.1,3.32
7009,Студент 7009,ББМО-01-23,2,3.2,3.4
7010,Студент 7010,ББМО-01-23,3,3.5,3.64
7011,Студент 7011,ББМО-01-23,4,3.2,3.4
7013,Студент 7013,ББМО-01-23,2,3.2,3.4
7014,Студент 7014,ББМО-01-23,3,3.6,3.72
7015,Студент 7015,ББМО-01-23,4,4.3,4.28
7016,Студент 7016,ББМО-01-23,1,3.5,3.64
7018,Студент 7018,ББМО-01-23,3,3.8,3.88
7019,Студент 7019,ББМО-01-23,4,3.1,3.32
7020,Студент 7020,ББМО-01-23,1,3.3,3.48
7021,Студент 7021,ББМО-01-23,2,4.7,4.6
7024,Студент 7024,ББМО-01-23,1,3.1,3.32
7025,Студент 7025,ББМО-01-23,2,3.9,3.96
7026,Студент 7026,ББМО-01-23,3,4.6,4.52
7027,Студент 7027,ББМО-01-23,4,3.1,3.32
7029,Студент 7029,ББМО-01-23,2,3.1,3.32
7030,Студент 7030,ББМО-01-23,3,4.4,4.36
7031,Студент 7031,ББМО-01-23,4,3.1,3.32
7033,Студент 7033,ББМО-01-23,2,3.9,3.96
7034,Студент 7034,ББМО-01-23,3,3.4,3.56
7035,Студент 7035,ББМО-01-23,4,3.8,3.88
7036,Студент 7036,ББМО-01-23,1,4.1,4.12
7038,Студент 7038,ББМО-01-23,3,4.6,4.52
7040,Студент 7040,ББМО-01-23,1,4.5,4.44
7041,Студент 7041,ББМО-01-23,2,4.9,4.76
7042,Студент 7042,ББМО-01-23,3,4.1,4.12
7044,Студент 7044,ББМО-01-23,1,3.5,3.64
7045,Студент 7045,ББМО-01-23,2,5,4.84
7046,Студент 7046,ББМО-01-23,3,4.3,4.28
7047,Студент 7047,ББМО-01-23,4,3.7,3.8
7050,Студент 7050,ББМО-01-23,3,4.2,4.2
7051,Студент 7051,ББМО-01-23,4,4.6,4.52
7052,Студент 7052,ББМО-01-23,1,4.7,4.6
7054,Студент 7054,ББМО-01-23,3,3.3,3.48
7058,Студент 7058,ББМО-01-23,3,3.1,3.32
7061,Студент 7061,ББМО-01-23,2,3.9,3.96
7062,Студент 7062,ББМО-01-23,3,3.4,3.56
7063,Студент 7063,ББМО-01-23,4,4.5,4.44
7066,Студент 7066,ББМО-01-23,3,4.1,4.12
7068,Студент 7068,ББМО-01-23,1,4.2,4.2
7069,Студент 7069,ББМО-01-23,2,3.7,3.8
7070,Студент 7070,ББМО-01-23,3,4.5,4.44
7071,Студент 7071,ББМО-01-23,4,3.1,3.32
7072,Студент 7072,ББМО-01-23,1,4.2,4.2
7073,Студент 7073,ББМО-01-23,2,3.4,3.56
7074,Студент 7074,ББМО-01-23,3,3.9,3.96
7075,Студент 7075,ББМО-01-23,4,4.3,4.28
7077,Студент 7077,ББМО-01-23,2,4.5,4.44
7078,Студент 7078,ББМО-01-23,3,3.9,3.96
7080,Студент 7080,ББМО-01-23,1,3.4,3.56
7081,Студент 7081,ББМО-01-23,2,4,4.04
7084,Студент 7084,ББМО-01-23,1,3.3,3.48
7085,Студент 7085,ББМО-01-23,2,3.1,3.32
7086,Студент 7086,ББМО-01-23,3,4.8,4.68
7088,Студент 7088,ББМО-01-23,1,4.8,4.68
7090,Студент 7090,ББМО-01-23,3,5,4.84
7091,Студент 7091,ББМО-01-23,4,4.9,4.76
7093,Студент 7093,ББМО-01-23,2,3.6,3.72
7094,Студент 7094,ББМО-01-23,3,4.3,4.28
7095,Студент 7095,ББМО-01-23,4,3.7,3.8
7096,Студент 7096,ББМО-01-23,1,4.3,4.28
7097,Студент 7097,ББМО-01-23,2,3.3,3.48
7100,Студент 7100,ББМО-01-23,1,3.4,3.56
7101,Студент 7101,ББМО-01-23,2,3.6,3.72
7104,Студент 7104,ББМО-01-23,1,3.1,3.32
7105,Студент 7105,ББМО-01-23,2,3.1,3.32
7107,Студент 7107,ББМО-01-23,4,4.3,4.28
7109,Студент 7109,ББМО-01-23,2,4.4,4.36
7110,Студент 7110,ББМО-01-23,3,3.6,3.72
7113,Студент 7113,ББМО-01-23,2,4.6,4.52
7114,Студент 7114,ББМО-01-23,3,3.8,3.88
7115,Студент 7115,ББМО-01-23,4,4.6,4.52
7117,Студент 7117,ББМО-01-23,2,3.6,3.72
7119,Студент 7119,ББМО-01-23,4,3.7,3.8
7120,Студент 7120,ББМО-01-23,1,3.5,3.64
7121,Студент 7121,ББМО-01-23,2,3.2,3.4
7125,Студент 7125,ББМО-01-23,2,3.4,3.56
7127,Студент 7127,ББМО-01-23,4,3.2,3.4
7128,Студент 7128,ББМО-01-23,1,3.4,3.56
7129,Студент 7129,ББМО-01-23,2,3.2,3.4
7131,Студент 7131,ББМО-01-23,4,4.8,4.68
7132,Студент 7132,ББМО-01-23,1,4,4.04
7133,Студент 7133,ББМО-01-23,2,3.1,3.32
7134,Студент 7134,ББМО-01-23,3,4.5,4.44
7135,Студент 7135,ББМО-01-23,4,3.3,3.48
7137,Студент 7137,ББМО-01-23,2,3.3,3.48
7139,Студент 7139,ББМО-01-23,4,3.9,3.96
7140,Студент 7140,ББМО-01-23,1,4.9,4.76
7141,Студент 7141,ББМО-01-23,2,3.2,3.4
7142,Студент 7142,ББМО-01-23,3,3.8,3.88
7143,Студент 7143,ББМО-01-23,4,4.5,4.44
7145,Студент 7145,ББМО-01-23,2,4.2,4.2
7147,Студент 7147,ББМО-01-23,4,3.8,3.88
7148,Студент 7148,ББМО-01-23,1,3.4,3.56
7149,Студент 7149,ББМО-01-23,2,4.4,4.36
7152,Студент 7152,ББМО-01-23,1,4.7,4.6
7154,Студент 7154,ББМО-01-23,3,3.7,3.8
7155,Студент 7155,ББМО-01-23,4,3.6,3.72
7157,Студент 7157,ББМО-01-23,2,3.7,3.8
7158,Студент 7158,ББМО-01-23,3,3.2,3.4
7159,Студент 7159,ББМО-01-23,4,4.9,4.76
7160,Студент 7160,ББМО-01-23,1,3.4,3.56
7161,Студент 7161,ББМО-01-23,2,3.1,3.32
7163,Студент 7163,ББМО-01-23,4,4.4,4.36
7164,Студент 7164,ББМО-01-23,1,3.8,3.88
7165,Студент 7165,ББМО-01-23,2,4.8,4.68
7166,Студент 7166,ББМО-01-23,3,3.6,3.72
7167,Студент 7167,ББМО-01-23,4,4.2,4.2
7169,Студент 7169,ББМО-01-23,2,4.3,4.28
7170,Студент 7170,ББМО-01-23,3,4.2,4.2
7171,Студент 7171,ББМО-01-23,4,5,4.84
7172,Студент 7172,ББМО-01-23,1,4.5,4.44
7173,Студент 7173,ББМО-01-23,2,4.1,4.12
7175,Студент 7175,ББМО-01-23,4,3.4,3.56
7176,Студент 7176,ББМО-01-23,1,3.4,3.56
7178,Студент 7178,ББМО-01-23,3,4.8,4.68
7179,Студент 7179,ББМО-01-23,4,4.1,4.12
7181,Студент 7181,ББМО-01-23,2,4,4.04
7182,Студент 7182,ББМО-01-23,3,3.3,3.48
7183,Студент 7183,ББМО-01-23,4,4.4,4.36
7184,Студент 7184,ББМО-01-23,1,3.8,3.88
7185,Студент 7185,ББМО-01-23,2,4.8,4.68
7186,Студент 7186,ББМО-01-23,3,4,4.04
7187,Студент 7187,ББМО-01-23,4,3.8,3.88
7188,Студент 7188,ББМО-01-23,1,3.5,3.64
7189,Студент 7189,ББМО-01-23,2,3.6,3.72
7191,Студент 7191,ББМО-01-23,4,3.8,3.88
7194,Студент 7194,ББМО-01-23,3,3.9,3.96
7195,Студент 7195,ББМО-01-23,4,4.3,4.28
7196,Студент 7196,ББМО-01-23,1,3.8,3.88
7197,Студент 7197,ББМО-01-23,2,3.2,3.4
7199,Студент 7199,ББМО-01-23,4,3.6,3.72
7200,Студент 7200,ББМО-01-23,1,4.5,4.44
7201,Студент 7201,ББМО-01-23,2,3.5,3.64
7202,Студент 7202,ББМО-01-23,3,4.7,4.6
7204,Студент 7204,ББМО-01-23,1,4.5,4.44
7206,Студент 7206,ББМО-01-23,3,4.8,4.68
7207,Студент 7207,ББМО-01-23,4,3.7,3.8
7208,Студент 7208,ББМО-01-23,1,3.2,3.4
7209,Студент 7209,ББМО-01-23,2,3.2,3.4
7210,Студент 7210,ББМО-01-23,3,3.6,3.72
7211,Студент 7211,ББМО-01-23,4,4.2,4.2
7212,Студент 7212,ББМО-01-23,1,3.6,3.72
7214,Студент 7214,ББМО-01-23,3,3.8,3.88
7215,Студент 7215,ББМО-01-23,4,3.7,3.8
7216,Студент 7216,ББМО-01-23,1,4.6,4.52
7218,Студент 7218,ББМО-01-23,3,5,4.84
7219,Студент 7219,ББМО-01-23,4,4.5,4.44
7220,Студент 7220,ББМО-01-23,1,3.5,3.64
7221,Студент 7221,ББМО-01-23,2,4.1,4.12
7222,Студент 7222,ББМО-01-23,3,3.6,3.72
7223,Студент 7223,ББМО-01-23,4,3.4,3.56
7224,Студент 7224,ББМО-01-23,1,3.7,3.8
7225,Студент 7225,ББМО-01-23,2,4.1,4.12
7227,Студент 7227,ББМО-01-23,4,3.7,3.8
7228,Студент 7228,ББМО-01-23,1,4.3,4.28
7229,Студент 7229,ББМО-01-23,2,4.2,4.2
7230,Студент 7230,ББМО-01-23,3,3.5,3.64
7232,Студент 7232,ББМО-01-23,1,4.8,4.68
7233,Студент 7233,ББМО-01-23,2,3.3,3.48
7234,Студент 7234,ББМО-01-23,3,5,4.84
7237,Студент 7237,ББМО-01-23,2,3.8,3.88
7238,Студент 7238,ББМО-01-23,3,3.2,3.4
7239,Студент 7239,ББМО-01-23,4,4.2,4.2
7241,Студент 7241,ББМО-01-23,2,4.7,4.6
7242,Студент 7242,ББМО-01-23,3,3.7,3.8
7243,Студент 7243,ББМО-01-23,4,4.7,4.6
7244,Студент 7244,ББМО-01-23,1,3.2,3.4
7245,Студент 7245,ББМО-01-23,2,3.8,3.88
7247,Студент 7247,ББМО-01-23,4,3.1,3.32
7249,Студент 7249,ББМО-01-23,2,3.9,3.96
7251,Студент 7251,ББМО-01-23,4,4.5,4.44
7252,Студент 7252,ББМО-01-23,1,4.2,4.2
7253,Студент 7253,ББМО-01-23,2,4.2,4.2
7254,Студент 7254,ББМО-01-23,3,4.2,4.2
7255,Студент 7255,ББМО-01-23,4,4.4,4.36
7261,Студент 7261,ББМО-01-23,2,4.1,4.12
7262,Студент 7262,ББМО-01-23,3,3.8,3.88
7264,Студент 7264,ББМО-01-23,1,4.9,4.76
7265,Студент 7265,ББМО-01-23,2,3.6,3.72
7266,Студент 7266,ББМО-01-23,3,3.6,3.72
7267,Студент 7267,ББМО-01-23,4,4.8,4.68
7270,Студент 7270,ББМО-01-23,3,4.5,4.44
7271,Студент 7271,ББМО-01-23,4,4.6,4.52
7272,Студент 7272,ББМО-01-23,1,3.7,3.8
7273,Студент 7273,ББМО-01-23,2,4.8,4.68
7274,Студент 7274,ББМО-01-23,3,4,4.04
7277,Студент 7277,ББМО-01-23,2,4.8,4.68
7278,Студент 7278,ББМО-01-23,3,4.5,4.44
7282,Студент 7282,ББМО-01-23,3,3.3,3.48
7283,Студент 7283,ББМО-01-23,4,4.2,4.2
7284,Студент 7284,ББМО-01-23,1,3.9,3.96
7287,Студент 7287,ББМО-01-23,4,4.3,4.28
7288,Студент 7288,ББМО-01-23,1,4.4,4.36
7290,Студент 7290,ББМО-01-23,3,3.1,3.32
7291,Студент 7291,ББМО-01-23,4,4.5,4.44
7296,Студент 7296,ББМО-01-23,1,4.2,4.2
7297,Студент 7297,ББМО-01-23,2,4.5,4.44
7298,Студент 7298,ББМО-01-23,3,3.7,3.8
7299,Студент 7299,ББМО-01-23,4,3.1,3.32
7300,Студент 7300,ББМО-01-23,1,3.6,3.72
7301,Студент 7301,ББМО-01-23,2,4.7,4.6
7302,Студент 7302,ББМО-01-23,3,4.3,4.28
7303,Студент 7303,ББМО-01-23,4,3.6,3.72
7305,Студент 7305,ББМО-01-23,2,4.9,4.76
7307,Студент 7307,ББМО-01-23,4,3.6,3.72
7308,Студент 7308,ББМО-01-23,1,4.9,4.76
7309,Студент 7309,ББМО-01-23,2,4.6,4.52
7310,Студент 7310,ББМО-01-23,3,3.2,3.4
7311,Студент 7311,ББМО-01-23,4,4.4,4.36
7314,Студент 7314,ББМО-01-23,3,4.5,4.44
7315,Студент 7315,ББМО-01-23,4,4,4.04
7317,Студент 7317,ББМО-01-23,2,4.8,4.68
7319,Студент 7319,ББМО-01-23,4,3.6,3.72
7320,Студент 7320,ББМО-01-23,1,3.7,3.8
7321,Студент 7321,ББМО-01-23,2,4.2,4.2
7323,Студент 7323,ББМО-01-23,4,3.7,3.8
7324,Студент 7324,ББМО-01-23,1,4.1,4.12
7325,Студент 7325,ББМО-01-23,2,4.3,4.28
7326,Студент 7326,ББМО-01-23,3,4.2,4.2
7327,Студент 7327,ББМО-01-23,4,3.6,3.72
7328,Студент 7328,ББМО-01-23,1,3.9,3.96
7331,Студент 7331,ББМО-01-23,4,4.4,4.36
7332,Студент 7332,ББМО-01-23,1,3.7,3.8
7337,Студент 7337,ББМО-01-23,2,3.8,3.88
7339,Студент 7339,ББМО-01-23,4,4,4.04
7340,Студент 7340,ББМО-01-23,1,3.6,3.72
7341,Студент 7341,ББМО-01-23,2,3.4,3.56
7342,Студент 7342,ББМО-01-23,3,4.6,4.52
7343,Студент 7343,ББМО-01-23,4,4.5,4.44
7344,Студент 7344,ББМО-01-23,1,4,4.04
7345,Студент 7345,ББМО-01-23,2,3.1,3.32
7347,Студент 7347,ББМО-01-23,4,3.5,3.64
7348,Студент 7348,ББМО-01-23,1,3.8,3.88
7350,Студент 7350,ББМО-01-23,3,4.6,4.52
7351,Студент 7351,ББМО-01-23,4,3.2,3.4
7353,Студент 7353,ББМО-01-23,2,3.5,3.64
7354,Студент 7354,ББМО-01-23,3,4.3,4.28
7355,Студент 7355,ББМО-01-23,4,4.3,4.28
7356,Студент 7356,ББМО-01-23,1,3.4,3.56
7358,Студент 7358,ББМО-01-23,3,4,4.04
7359,Студент 7359,ББМО-01-23,4,3.8,3.88
7360,Студент 7360,ББМО-01-23,1,3.9,3.96
7361,Студент 7361,ББМО-01-23,2,4.7,4.6
7362,Студент 7362,ББМО-01-23,3,4.8,4.68
7363,Студент 7363,ББМО-01-23,4,4.6,4.52
7364,Студент 7364,ББМО-01-23,1,4.4,4.36
7365,Студент 7365,ББМО-01-23,2,4.5,4.44
7366,Студент 7366,ББМО-01-23,3,3.2,3.4
7367,Студент 7367,ББМО-01-23,4,3.1,3.32
7369,Студент 7369,ББМО-01-23,2,4.9,4.76
7370,Студент 7370,ББМО-01-23,3,4.5,4.44
7371,Студент 7371,ББМО-01-23,4,3.3,3.48
7372,Студент 7372,ББМО-01-23,1,3.2,3.4
7373,Студент 7373,ББМО-01-23,2,4.3,4.28
7374,Студент 7374,ББМО-01-23,3,3.6,3.72
7376,Студент 7376,ББМО-01-23,1,3.2,3.4
7377,Студент 7377,ББМО-01-23,2,4,4.04
7378,Студент 7378,ББМО-01-23,3,4.5,4.44
7379,Студент 7379,ББМО-01-23,4,4.4,4.36
7380,Студент 7380,ББМО-01-23,1,4.5,4.44
7381,Студент 7381,ББМО-01-23,2,3.5,3.64
7382,Студент 7382,ББМО-01-23,3,4.7,4.6
7383,Студент 7383,ББМО-01-23,4,3.1,3.32
7384,Студент 7384,ББМО-01-23,1,3.5,3.64
7385,Студент 7385,ББМО-01-23,2,3.6,3.72
7388,Студент 7388,ББМО-01-23,1,3.6,3.72
7389,Студент 7389,ББМО-01-23,2,4.5,4.44
7390,Студент 7390,ББМО-01-23,3,4.8,4.68
7391,Студент 7391,ББМО-01-23,4,4.7,4.6
7392,Студент 7392,ББМО-01-23,1,3.4,3.56
7393,Студент 7393,ББМО-01-23,2,3.3,3.48
7396,Студент 7396,ББМО-01-23,1,3.6,3.72
7397,Студент 7397,ББМО-01-23,2,4,4.04
7398,Студент 7398,ББМО-01-23,3,3.4,3.56
7400,Студент 7400,ББМО-01-23,1,4.8,4.68
7401,Студент 7401,ББМО-01-23,2,4.2,4.2
7403,Студент 7403,ББМО-01-23,4,4.9,4.76
7405,Студент 7405,ББМО-01-23,2,4.2,4.2
7406,Студент 7406,ББМО-01-23,3,3.9,3.96
7408,Студент 7408,ББМО-01-23,1,4.2,4.2
7409,Студент 7409,ББМО-01-23,2,5,4.84
7410,Студент 7410,ББМО-01-23,3,3.8,3.88
7411,Студент 7411,ББМО-01-23,4,4.8,4.68
7412,Студент 7412,ББМО-01-23,1,3.7,3.8
7413,Студент 7413,ББМО-01-23,2,4.2,4.2
7416,Студент 7416,ББМО-01-23,1,4.2,4.2
7419,Студент 7419,ББМО-01-23,4,4.1,4.12
7420,Студент 7420,ББМО-01-23,1,4.8,4.68
7421,Студент 7421,ББМО-01-23,2,3.8,3.88
7422,Студент 7422,ББМО-01-23,3,4.9,4.76
7424,Студент 7424,ББМО-01-23,1,3.2,3.4
7425,Студент 7425,ББМО-01-23,2,4.8,4.68
7426,Студент 7426,ББМО-01-23,3,4.2,4.2
7427,Студент 7427,ББМО-01-23,4,4.1,4.12
7429,Студент 7429,ББМО-01-23,2,3.2,3.4
7432,Студент 7432,ББМО-01-23,1,3.8,3.88
7434,Студент 7434,ББМО-01-23,3,3.2,3.4
7436,Студент 7436,ББМО-01-23,1,3.4,3.56
7437,Студент 7437,ББМО-01-23,2,3.6,3.72
7439,Студент 7439,ББМО-01-23,4,3.6,3.72
7440,Студент 7440,ББМО-01-23,1,4.5,4.44
7441,Студент 7441,ББМО-01-23,2,4.5,4.44
7442,Студент 7442,ББМО-01-23,3,4.3,4.28
7443,Студент 7443,ББМО-01-23,4,4.3,4.28
7444,Студент 7444,ББМО-01-23,1,3.1,3.32
7446,Студент 7446,ББМО-01-23,3,3.6,3.72
7447,Студент 7447,ББМО-01-23,4,3.4,3.56
7449,Студент 7449,ББМО-01-23,2,4.3,4.28
7450,Студент 7450,ББМО-01-23,3,3.1,3.32
7451,Студент 7451,ББМО-01-23,4,3.9,3.96
7452,Студент 7452,ББМО-01-23,1,4.8,4.68
7453,Студент 7453,ББМО-01-23,2,3.6,3.72
7454,Студент 7454,ББМО-01-23,3,3.2,3.4
7456,Студент 7456,ББМО-01-23,1,4.3,4.28
7458,Студент 7458,ББМО-01-23,3,4.4,4.36
7461,Студент 7461,ББМО-01-23,2,3.4,3.56
7464,Студент 7464,ББМО-01-23,1,3.1,3.32
7465,Студент 7465,ББМО-01-23,2,3.5,3.64
7466,Студент 7466,ББМО-01-23,3,3.2,3.4
7468,Студент 7468,ББМО-01-23,1,3.5,3.64
7469,Студент 7469,ББМО-01-23,2,3.4,3.56
7475,Студент 7475,ББМО-01-23,4,3.4,3.56
7476,Студент 7476,ББМО-01-23,1,3.1,3.32
7478,Студент 7478,ББМО-01-23,3,3.1,3.32
7479,Студент 7479,ББМО-01-23,4,4.8,4.68
7480,Студент 7480,ББМО-01-23,1,4.2,4.2
7483,Студент 7483,ББМО-01-23,4,5,4.84
7485,Студент 7485,ББМО-01-23,2,3.6,3.72
7487,Студент 7487,ББМО-01-23,4,3.8,3.88
7488,Студент 7488,ББМО-01-23,1,4.3,4.28
7489,Студент 7489,ББМО-01-23,2,4.3,4.28
7490,Студент 7490,ББМО-01-23,3,4.4,4.36
7491,Студент 7491,ББМО-01-23,4,3.7,3.8
7492,Студент 7492,ББМО-01-23,1,5,4.84
7493,Студент 7493,ББМО-01-23,2,4.7,4.6
7494,Студент 7494,ББМО-01-23,3,4,4.04
7495,Студент 7495,ББМО-01-23,4,3.7,3.8
7496,Студент 7496,ББМО-01-23,1,3.3,3.48
7497,Студент 7497,ББМО-01-23,2,3.7,3.8
7498,Студент 7498,ББМО-01-23,3,4.6,4.52
7499,Студент 7499,ББМО-01-23,4,3.5,3.64
7501,Студент 7501,ББМО-01-23,2,3.6,3.72
7504,Студент 7504,ББМО-01-23,1,5,4.84
7507,Студент 7507,ББМО-01-23,4,4.9,4.76
7510,Студент 7510,ББМО-01-23,3,4,4.04
7512,Студент 7512,ББМО-01-23,1,3.3,3.48
7515,Студент 7515,ББМО-01-23,4,3.2,3.4
7518,Студент 7518,ББМО-01-23,3,3.5,3.64
7519,Студент 7519,ББМО-01-23,4,3.1,3.32
7521,Студент 7521,ББМО-01-23,2,3.3,3.48
7525,Студент 7525,ББМО-01-23,2,4,4.04
7526,Студент 7526,ББМО-01-23,3,4.8,4.68
7527,Студент 7527,ББМО-01-23,4,4.4,4.36
7528,Студент 7528,ББМО-01-23,1,3.6,3.72
7529,Студент 7529,ББМО-01-23,2,4.9,4.76
7530,Студент 7530,ББМО-01-23,3,3.4,3.56
7531,Студент 7531,ББМО-01-23,4,3.8,3.88
7532,Студент 7532,ББМО-01-23,1,4.5,4.44
7533,Студент 7533,ББМО-01-23,2,4.1,4.12
7534,Студент 7534,ББМО-01-23,3,4.9,4.76
7535,Студент 7535,ББМО-01-23,4,3.4,3.56
7536,Студент 7536,ББМО-01-23,1,4.2,4.2
7538,Студент 7538,ББМО-01-23,3,3.9,3.96
7539,Студент 7539,ББМО-01-23,4,4,4.04
7541,Студент 7541,ББМО-01-23,2,3.3,3.48
7542,Студент 7542,ББМО-01-23,3,3.6,3.72
7543,Студент 7543,ББМО-01-23,4,4.7,4.6
7544,Студент 7544,ББМО-01-23,1,4.8,4.68
7545,Студент 7545,ББМО-01-23,2,4.9,4.76
7546,Студент 7546,ББМО-01-23,3,3.9,3.96
7547,Студент 7547,ББМО-01-23,4,4.7,4.6
7548,Студент 7548,ББМО-01-23,1,5,4.84
7549,Студент 7549,ББМО-01-23,2,3.2,3.4
7550,Студент 7550,ББМО-01-23,3,3.6,3.72
7551,Студент 7551,ББМО-01-23,4,4.7,4.6
7552,Студент 7552,ББМО-01-23,1,3.8,3.88
7554,Студент 7554,ББМО-01-23,3,3.8,3.88
7555,Студент 7555,ББМО-01-23,4,4.7,4.6
7556,Студент 7556,ББМО-01-23,1,3.7,3.8
7557,Студент 7557,ББМО-01-23,2,4.5,4.44
7558,Студент 7558,ББМО-01-23,3,3.7,3.8
7559,Студент 7559,ББМО-01-23,4,4.6,4.52
7560,Студент 7560,ББМО-01-23,1,4.9,4.76
7562,Студент 7562,ББМО-01-23,3,4.9,4.76
7563,Студент 7563,ББМО-01-23,4,4.3,4.28
7564,Студент 7564,ББМО-01-23,1,4.6,4.52
7565,Студент 7565,ББМО-01-23,2,3.1,3.32
7566,Студент 7566,ББМО-01-23,3,4.1,4.12
7568,Студент 7568,ББМО-01-23,1,3.5,3.64
7570,Студент 7570,ББМО-01-23,3,4.2,4.2
7571,Студент 7571,ББМО-01-23,4,4.6,4.52
7573,Студент 7573,ББМО-01-23,2,3.8,3.88
7574,Студент 7574,ББМО-01-23,3,4.2,4.2
7577,Студент 7577,ББМО-01-23,2,4.5,4.44
7578,Студент 7578,ББМО-01-23,3,4.9,4.76
7579,Студент 7579,ББМО-01-23,4,3.7,3.8
7582,Студент 7582,ББМО-01-23,3,3.4,3.56
7583,Студент 7583,ББМО-01-23,4,3.8,3.88
7584,Студент 7584,ББМО-01-23,1,3.8,3.88
7585,Студент 7585,ББМО-01-23,2,4.6,4.52
7586,Студент 7586,ББМО-01-23,3,3.6,3.72
7588,Студент 7588,ББМО-01-23,1,4,4.04
7589,Студент 7589,ББМО-01-23,2,3.6,3.72
7592,Студент 7592,ББМО-01-23,1,4.2,4.2
7594,Студент 7594,ББМО-01-23,3,4,4.04
7595,Студент 7595,ББМО-01-23,4,3.9,3.96
7596,Студент 7596,ББМО-01-23,1,4,4.04
7597,Студент 7597,ББМО-01-23,2,5,4.84
7598,Студент 7598,ББМО-01-23,3,5,4.84
7600,Студент 7600,ББМО-01-23,1,4.8,4.68
7602,Студент 7602,ББМО-01-23,3,4.2,4.2
7603,Студент 7603,ББМО-01-23,4,4.6,4.52
7604,Студент 7604,ББМО-01-23,1,3.7,3.8
7605,Студент 7605,ББМО-01-23,2,4.1,4.12
7606,Студент 7606,ББМО-01-23,3,4.1,4.12
7608,Студент 7608,ББМО-01-23,1,3.5,3.64
7609,Студент 7609,ББМО-01-23,2,4.3,4.28
7610,Студент 7610,ББМО-01-23,3,4.3,4.28
7611,Студент 7611,ББМО-01-23,4,4.3,4.28
7612,Студент 7612,ББМО-01-23,1,4.7,4.6
7615,Студент 7615,ББМО-01-23,4,3.6,3.72
7616,Студент 7616,ББМО-01-23,1,4.7,4.6
7617,Студент 7617,ББМО-01-23,2,3.3,3.48
7618,Студент 7618,ББМО-01-23,3,3.1,3.32
7619,Студент 7619,ББМО-01-23,4,4.9,4.76
7621,Студент 7621,ББМО-01-23,2,3.2,3.4
7622,Студент 7622,ББМО-01-23,3,3.6,3.72
7623,Студент 7623,ББМО-01-23,4,4.9,4.76
7624,Студент 7624,ББМО-01-23,1,3.8,3.88
7625,Студент 7625,ББМО-01-23,2,4.1,4.12
7626,Студент 7626,ББМО-01-23,3,3.6,3.72
7627,Студент 7627,ББМО-01-23,4,3.8,3.88
7628,Студент 7628,ББМО-01-23,1,4.4,4.36
7630,Студент 7630,ББМО-01-23,3,3.4,3.56
7634,Студент 7634,ББМО-01-23,3,3.2,3.4
7637,Студент 7637,ББМО-01-23,2,4,4.04
7639,Студент 7639,ББМО-01-23,4,4.1,4.12
7640,Студент 7640,ББМО-01-23,1,4,4.04
7641,Студент 7641,ББМО-01-23,2,3.4,3.56
7643,Студент 7643,ББМО-01-23,4,3.7,3.8
7644,Студент 7644,ББМО-01-23,1,3.7,3.8
7648,Студент 7648,ББМО-01-23,1,3.9,3.96
7650,Студент 7650,ББМО-01-23,3,3.6,3.72
7652,Студент 7652,ББМО-01-23,1,4,4.04
7655,Студент 7655,ББМО-01-23,4,3.4,3.56
7656,Студент 7656,ББМО-01-23,1,3.5,3.64
7657,Студент 7657,ББМО-01-23,2,4.6,4.52
7659,Студент 7659,ББМО-01-23,4,3.2,3.4
7660,Студент 7660,ББМО-01-23,1,4,4.04
7662,Студент 7662,ББМО-01-23,3,3.2,3.4
7663,Студент 7663,ББМО-01-23,4,4.7,4.6
7664,Студент 7664,ББМО-01-23,1,3.8,3.88
7665,Студент 7665,ББМО-01-23,2,4.6,4.52
7667,Студент 7667,ББМО-01-23,4,4.2,4.2
7668,Студент 7668,ББМО-01-23,1,4.1,4.12
7669,Студент 7669,ББМО-01-23,2,4.2,4.2
7670,Студент 7670,ББМО-01-23,3,3.8,3.88
7671,Студент 7671,ББМО-01-23,4,3.2,3.4
7672,Студент 7672,ББМО-01-23,1,4.7,4.6
7673,Студент 7673,ББМО-01-23,2,3.1,3.32
7674,Студент 7674,ББМО-01-23,3,4.5,4.44
7676,Студент 7676,ББМО-01-23,1,3.4,3.56
7677,Студент 7677,ББМО-01-23,2,4.8,4.68
7679,Студент 7679,ББМО-01-23,4,4.2,4.2
7682,Студент 7682,ББМО-01-23,3,4.7,4.6
7684,Студент 7684,ББМО-01-23,1,4.9,4.76
7685,Студент 7685,ББМО-01-23,2,3.1,3.32
7686,Студент 7686,ББМО-01-23,3,3.7,3.8
7687,Студент 7687,ББМО-01-23,4,4.2,4.2
7689,Студент 7689,ББМО-01-23,2,3.7,3.8
7690,Студент 7690,ББМО-01-23,3,3.4,3.56
7692,Студент 7692,ББМО-01-23,1,4.7,4.6
7693,Студент 7693,ББМО-01-23,2,3.5,3.64
7695,Студент 7695,ББМО-01-23,4,4.1,4.12
7697,Студент 7697,ББМО-01-23,2,4.4,4.36
7698,Студент 7698,ББМО-01-23,3,4.6,4.52
7700,Студент 7700,ББМО-01-23,1,4.4,4.36
7701,Студент 7701,ББМО-01-23,2,4.1,4.12
7703,Студент 7703,ББМО-01-23,4,4.4,4.36
7707,Студент 7707,ББМО-01-23,4,4.4,4.36
7708,Студент 7708,ББМО-01-23,1,3.2,3.4
7709,Студент 7709,ББМО-01-23,2,3.6,3.72
7710,Студент 7710,ББМО-01-23,3,4.9,4.76
7711,Студент 7711,ББМО-01-23,4,4.5,4.44
7712,Студент 7712,ББМО-01-23,1,4.7,4.6
7713,Студент 7713,ББМО-01-23,2,3.8,3.88
7716,Студент 7716,ББМО-01-23,1,3.6,3.72
7717,Студент 7717,ББМО-01-23,2,4.2,4.2
7718,Студент 7718,ББМО-01-23,3,3.4,3.56
7724,Студент 7724,ББМО-01-23,1,4.6,4.52
7726,Студент 7726,ББМО-01-23,3,3.9,3.96
7727,Студент 7727,ББМО-01-23,4,3.5,3.64
7729,Студент 7729,ББМО-01-23,2,4.5,4.44
7732,Студент 7732,ББМО-01-23,1,4.4,4.36
7734,Студент 7734,ББМО-01-23,3,3.4,3.56
7736,Студент 7736,ББМО-01-23,1,3.3,3.48
7737,Студент 7737,ББМО-01-23,2,3.2,3.4
7739,Студент 7739,ББМО-01-23,4,4.5,4.44
7741,Студент 7741,ББМО-01-23,2,4.3,4.28
7742,Студент 7742,ББМО-01-23,3,3.7,3.8
7743,Студент 7743,ББМО-01-23,4,3.5,3.64
7744,Студент 7744,ББМО-01-23,1,4.6,4.52
7746,Студент 7746,ББМО-01-23,3,3.9,3.96
7747,Студент 7747,ББМО-01-23,4,4.3,4.28
7749,Студент 7749,ББМО-01-23,2,4,4.04
7750,Студент 7750,ББМО-01-23,3,3.2,3.4
7751,Студент 7751,ББМО-01-23,4,4.5,4.44
7752,Студент 7752,ББМО-01-23,1,4.3,4.28
7753,Студент 7753,ББМО-01-23,2,3.5,3.64
7755,Студент 7755,ББМО-01-23,4,4.7,4.6
7757,Студент 7757,ББМО-01-23,2,3.3,3.48
7758,Студент 7758,ББМО-01-23,3,3.4,3.56
7760,Студент 7760,ББМО-01-23,1,5,4.84
7762,Студент 7762,ББМО-01-23,3,4,4.04
7763,Студент 7763,ББМО-01-23,4,4,4.04
7765,Студент 7765,ББМО-01-23,2,5,4.84
7766,Студент 7766,ББМО-01-23,3,3.3,3.48
7767,Студент 7767,ББМО-01-23,4,4.3,4.28
7768,Студент 7768,ББМО-01-23,1,4.6,4.52
7769,Студент 7769,ББМО-01-23,2,4.2,4.2
7770,Студент 7770,ББМО-01-23,3,3.7,3.8
7771,Студент 7771,ББМО-01-23,4,4.2,4.2
7772,Студент 7772,ББМО-01-23,1,3.8,3.88
7773,Студент 7773,ББМО-01-23,2,4.2,4.2
7774,Студент 7774,ББМО-01-23,3,4,4.04
7775,Студент 7775,ББМО-01-23,4,3.9,3.96
7776,Студент 7776,ББМО-01-23,1,3.7,3.8
7780,Студент 7780,ББМО-01-23,1,3.8,3.88
7781,Студент 7781,ББМО-01-23,2,4.4,4.36
7782,Студент 7782,ББМО-01-23,3,4,4.04
7783,Студент 7783,ББМО-01-23,4,3.8,3.88
7784,Студент 7784,ББМО-01-23,1,4.6,4.52
7785,Студент 7785,ББМО-01-23,2,4.6,4.52
7786,Студент 7786,ББМО-01-23,3,3.2,3.4
7788,Студент 7788,ББМО-01-23,1,4.7,4.6
7789,Студент 7789,ББМО-01-23,2,4.3,4.28
7790,Студент 7790,ББМО-01-23,3,3.8,3.88
7791,Студент 7791,ББМО-01-23,4,4.8,4.68
7792,Студент 7792,ББМО-01-23,1,3.6,3.72
7793,Студент 7793,ББМО-01-23,2,4.8,4.68
7796,Студент 7796,ББМО-01-23,1,3.2,3.4
7797,Студент 7797,ББМО-01-23,2,3.8,3.88
7798,Студент 7798,ББМО-01-23,3,3.6,3.72
7799,Студент 7799,ББМО-01-23,4,4.1,4.12
7800,Студент 7800,ББМО-01-23,1,3.9,3.96
7801,Студент 7801,ББМО-01-23,2,5,4.84
7802,Студент 7802,ББМО-01-23,3,3.9,3.96
7803,Студент 7803,ББМО-01-23,4,3.4,3.56
7805,Студент 7805,ББМО-01-23,2,4.6,4.52
7806,Студент 7806,ББМО-01-23,3,3.7,3.8
7807,Студент 7807,ББМО-01-23,4,4.2,4.2
7808,Студент 7808,ББМО-01-23,1,4.9,4.76
7809,Студент 7809,ББМО-01-23,2,3.8,3.88
7810,Студент 7810,ББМО-01-23,3,3.8,3.88
7811,Студент 7811,ББМО-01-23,4,3.8,3.88
7813,Студент 7813,ББМО-01-23,2,4,4.04
7814,Студент 7814,ББМО-01-23,3,3.6,3.72
7815,Студент 7815,ББМО-01-23,4,4.8,4.68
7817,Студент 7817,ББМО-01-23,2,3.4,3.56
7818,Студент 7818,ББМО-01-23,3,4.2,4.2
7819,Студент 7819,ББМО-01-23,4,3.5,3.64
7821,Студент 7821,ББМО-01-23,2,3.5,3.64
7822,Студент 7822,ББМО-01-23,3,3.4,3.56
7823,Студент 7823,ББМО-01-23,4,4.1,4.12
7826,Студент 7826,ББМО-01-23,3,5,4.84
7829,Студент 7829,ББМО-01-23,2,3.1,3.32
7830,Студент 7830,ББМО-01-23,3,5,4.84
7831,Студент 7831,ББМО-01-23,4,4.5,4.44
7833,Студент 7833,ББМО-01-23,2,3.4,3.56
7834,Студент 7834,ББМО-01-23,3,5,4.84
7835,Студент 7835,ББМО-01-23,4,3.1,3.32
7836,Студент 7836,ББМО-01-23,1,3.5,3.64
7837,Студент 7837,ББМО-01-23,2,3.3,3.48
7838,Студент 7838,ББМО-01-23,3,4.8,4.68
7840,Студент 7840,ББМО-01-23,1,3.1,3.32
7841,Студент 7841,ББМО-01-23,2,3.9,3.96
7844,Студент 7844,ББМО-01-23,1,4.5,4.44
7845,Студент 7845,ББМО-01-23,2,4.5,4.44
7846,Студент 7846,ББМО-01-23,3,3.8,3.88
7850,Студент 7850,ББМО-01-23,3,4.5,4.44
7851,Студент 7851,ББМО-01-23,4,4.7,4.6
7853,Студент 7853,ББМО-01-23,2,3.8,3.88
7854,Студент 7854,ББМО-01-23,3,3.7,3.8
7855,Студент 7855,ББМО-01-23,4,3.7,3.8
7857,Студент 7857,ББМО-01-23,2,4.6,4.52
7860,Студент 7860,ББМО-01-23,1,3.8,3.88
7862,Студент 7862,ББМО-01-23,3,3.7,3.8
7863,Студент 7863,ББМО-01-23,4,3.5,3.64
7864,Студент 7864,ББМО-01-23,1,4.7,4.6
7865,Студент 7865,ББМО-01-23,2,3.1,3.32
7866,Студент 7866,ББМО-01-23,3,3.6,3.72
7869,Студент 7869,ББМО-01-23,2,4,4.04
7870,Студент 7870,ББМО-01-23,3,3.6,3.72
7873,Студент 7873,ББМО-01-23,2,3.6,3.72
7874,Студент 7874,ББМО-01-23,3,3.3,3.48
7875,Студент 7875,ББМО-01-23,4,3.4,3.56
7876,Студент 7876,ББМО-01-23,1,4.7,4.6
7877,Студент 7877,ББМО-01-23,2,4.6,4.52
7880,Студент 7880,ББМО-01-23,1,3.3,3.48
7881,Студент 7881,ББМО-01-23,2,3.4,3.56
7883,Студент 7883,ББМО-01-23,4,5,4.84
7884,Студент 7884,ББМО-01-23,1,4.9,4.76
7885,Студент 7885,ББМО-01-23,2,5,4.84
7886,Студент 7886,ББМО-01-23,3,3.3,3.48
7889,Студент 7889,ББМО-01-23,2,3.6,3.72
7891,Студент 7891,ББМО-01-23,4,3.6,3.72
7892,Студент 7892,ББМО-01-23,1,3.6,3.72
7894,Студент 7894,ББМО-01-23,3,4.1,4.12
7895,Студент 7895,ББМО-01-23,4,3.8,3.88
7900,Студент 7900,ББМО-01-23,1,4.8,4.68
7901,Студент 7901,ББМО-01-23,2,3.9,3.96
7903,Студент 7903,ББМО-01-23,4,4.7,4.6
7904,Студент 7904,ББМО-01-23,1,4.1,4.12
7905,Студент 7905,ББМО-01-23,2,3.7,3.8
7906,Студент 7906,ББМО-01-23,3,4.9,4.76
7909,Студент 7909,ББМО-01-23,2,4.5,4.44
7910,Студент 7910,ББМО-01-23,3,3.9,3.96
7912,Студент 7912,ББМО-01-23,1,4,4.04
7913,Студент 7913,ББМО-01-23,2,4.1,4.12
7914,Студент 7914,ББМО-01-23,3,3.3,3.48
7916,Студент 7916,ББМО-01-23,1,3.5,3.64
7917,Студент 7917,ББМО-01-23,2,3.6,3.72
7918,Студент 7918,ББМО-01-23,3,4.3,4.28
7920,Студент 7920,ББМО-01-23,1,4.6,4.52
7922,Студент 7922,ББМО-01-23,3,3.8,3.88
7923,Студент 7923,ББМО-01-23,4,4.5,4.44
7924,Студент 7924,ББМО-01-23,1,4.2,4.2
7925,Студент 7925,ББМО-01-23,2,3.9,3.96
7927,Студент 7927,ББМО-01-23,4,4.1,4.12
7930,Студент 7930,ББМО-01-23,3,3.7,3.8
7931,Студент 7931,ББМО-01-23,4,4.2,4.2
7933,Студент 7933,ББМО-01-23,2,3.9,3.96
7934,Студент 7934,ББМО-01-23,3,3.4,3.56
7936,Студент 7936,ББМО-01-23,1,4.2,4.2
7937,Студент 7937,ББМО-01-23,2,5,4.84
7938,Студент 7938,ББМО-01-23,3,4.6,4.52
7940,Студент 7940,ББМО-01-23,1,4,4.04
7943,Студент 7943,ББМО-01-23,4,4.2,4.2
7944,Студент 7944,ББМО-01-23,1,3.8,3.88
7945,Студент 7945,ББМО-01-23,2,4.5,4.44
7946,Студент 7946,ББМО-01-23,3,3.4,3.56
7947,Студент 7947,ББМО-01-23,4,4.3,4.28
7948,Студент 7948,ББМО-01-23,1,3.5,3.64
7949,Студент 7949,ББМО-01-23,2,3.7,3.8
7950,Студент 7950,ББМО-01-23,3,3.7,3.8
7951,Студент 7951,ББМО-01-23,4,3.7,3.8
7953,Студент 7953,ББМО-01-23,2,4.6,4.52
7957,Студент 7957,ББМО-01-23,2,3.7,3.8
7958,Студент 7958,ББМО-01-23,3,4,4.04
7961,Студент 7961,ББМО-01-23,2,3.6,3.72
7963,Студент 7963,ББМО-01-23,4,4,4.04
7966,Студент 7966,ББМО-01-23,3,3.3,3.48
7967,Студент 7967,ББМО-01-23,4,4.9,4.76
7968,Студент 7968,ББМО-01-23,1,3.1,3.32
7971,Студент 7971,ББМО-01-23,4,4.3,4.28
7972,Студент 7972,ББМО-01-23,1,4.4,4.36
7973,Студент 7973,ББМО-01-23,2,4.2,4.2
7974,Студент 7974,ББМО-01-23,3,5,4.84
7975,Студент 7975,ББМО-01-23,4,3.6,3.72
7976,Студент 7976,ББМО-01-23,1,3.4,3.56
7977,Студент 7977,ББМО-01-23,2,3.8,3.88
7978,Студент 7978,ББМО-01-23,3,4.7,4.6
7979,Студент 7979,ББМО-01-23,4,5,4.84
7980,Студент 7980,ББМО-01-23,1,3.2,3.4
7981,Студент 7981,ББМО-01-23,2,3.1,3.32
7982,Студент 7982,ББМО-01-23,3,3.4,3.56
7983,Студент 7983,ББМО-01-23,4,3.7,3.8
7988,Студент 7988,ББМО-01-23,1,4,4.04
7989,Студент 7989,ББМО-01-23,2,4.5,4.44
7990,Студент 7990,ББМО-01-23,3,4.2,4.2
7991,Студент 7991,ББМО-01-23,4,3.9,3.96
7992,Студент 7992,ББМО-01-23,1,3.5,3.64
7993,Студент 7993,ББМО-01-23,2,4.9,4.76
7996,Студент 7996,ББМО-01-23,1,4.2,4.2
7997,Студент 7997,ББМО-01-23,2,3.6,3.72
7998,Студент 7998,ББМО-01-23,3,4,4.04
7999,Студент 7999,ББМО-01-23,4,4.9,4.76
8000,Студент 8000,ББМО-01-23,1,4.9,4.76
8001,Студент 8001,ББМО-01-23,2,3.5,3.64
8002,Студент 8002,ББМО-01-23,3,4.5,4.44
8003,Студент 8003,ББМО-01-23,4,4.5,4.44
8004,Студент 8004,ББМО-01-23,1,5,4.84
8005,Студент 8005,ББМО-01-23,2,4.5,4.44
8006,Студент 8006,ББМО-01-23,3,3.8,3.88
8007,Студент 8007,ББМО-01-23,4,4,4.04
8008,Студент 8008,ББМО-01-23,1,3.4,3.56
8011,Студент 8011,ББМО-01-23,4,4,4.04
8012,Студент 8012,ББМО-01-23,1,4.6,4.52
8013,Студент 8013,ББМО-01-23,2,4.4,4.36
8014,Студент 8014,ББМО-01-23,3,3.3,3.48
8015,Студент 8015,ББМО-01-23,4,3.5,3.64
8016,Студент 8016,ББМО-01-23,1,4.6,4.52
8017,Студент 8017,ББМО-01-23,2,3.2,3.4
8018,Студент 8018,ББМО-01-23,3,4.2,4.2
8020,Студент 8020,ББМО-01-23,1,4.2,4.2
8021,Студент 8021,ББМО-01-23,2,4.2,4.2
8024,Студент 8024,ББМО-01-23,1,3.8,3.88
8025,Студент 8025,ББМО-01-23,2,3.4,3.56
8026,Студент 8026,ББМО-01-23,3,4,4.04
8027,Студент 8027,ББМО-01-23,4,4.4,4.36
8028,Студент 8028,ББМО-01-23,1,3.9,3.96
8029,Студент 8029,ББМО-01-23,2,4.1,4.12
8030,Студент 8030,ББМО-01-23,3,4.9,4.76
8032,Студент 8032,ББМО-01-23,1,3.6,3.72
8033,Студент 8033,ББМО-01-23,2,3.3,3.48
8035,Студент 8035,ББМО-01-23,4,3.8,3.88
8036,Студент 8036,ББМО-01-23,1,3.4,3.56
8037,Студент 8037,ББМО-01-23,2,3.1,3.32
8038,Студент 8038,ББМО-01-23,3,3.3,3.48
8041,Студент 8041,ББМО-01-23,2,4.2,4.2
8042,Студент 8042,ББМО-01-23,3,3.8,3.88
8044,Студент 8044,ББМО-01-23,1,4.3,4.28
8045,Студент 8045,ББМО-01-23,2,3.1,3.32
8049,Студент 8049,ББМО-01-23,2,4.9,4.76
8050,Студент 8050,ББМО-01-23,3,3.4,3.56
8052,Студент 8052,ББМО-01-23,1,4.7,4.6
8053,Студент 8053,ББМО-01-23,2,3.1,3.32
8054,Студент 8054,ББМО-01-23,3,4.6,4.52
8055,Студент 8055,ББМО-01-23,4,3.5,3.64
8057,Студент 8057,ББМО-01-23,2,3.9,3.96
8059,Студент 8059,ББМО-01-23,4,3.5,3.64
8060,Студент 8060,ББМО-01-23,1,3.1,3.32
8061,Студент 8061,ББМО-01-23,2,4.9,4.76
8063,Студент 8063,ББМО-01-23,4,3.9,3.96
8064,Студент 8064,ББМО-01-23,1,3.9,3.96
8065,Студент 8065,ББМО-01-23,2,3.8,3.88
8066,Студент 8066,ББМО-01-23,3,4.8,4.68
8067,Студент 8067,ББМО-01-23,4,3.2,3.4
8070,Студент 8070,ББМО-01-23,3,4.3,4.28
8071,Студент 8071,ББМО-01-23,4,3.1,3.32
8074,Студент 8074,ББМО-01-23,3,3.8,3.88
8077,Студент 8077,ББМО-01-23,2,3.8,3.88
8079,Студент 8079,ББМО-01-23,4,3.9,3.96
8080,Студент 8080,ББМО-01-23,1,3.5,3.64
8081,Студент 8081,ББМО-01-23,2,3.2,3.4
8082,Студент 8082,ББМО-01-23,3,4.4,4.36
8085,Студент 8085,ББМО-01-23,2,3.3,3.48
8086,Студент 8086,ББМО-01-23,3,4.7,4.6
8087,Студент 8087,ББМО-01-23,4,3.3,3.48
8088,Студент 8088,ББМО-01-23,1,4.2,4.2
8090,Студент 8090,ББМО-01-23,3,4.1,4.12
8093,Студент 8093,ББМО-01-23,2,4.1,4.12
8095,Студент 8095,ББМО-01-23,4,3.6,3.72
8096,Студент 8096,ББМО-01-23,1,4.8,4.68
8097,Студент 8097,ББМО-01-23,2,3.8,3.88
8099,Студент 8099,ББМО-01-23,4,3.5,3.64
8100,Студент 8100,ББМО-01-23,1,4.8,4.68
8101,Студент 8101,ББМО-01-23,2,4.1,4.12
8102,Студент 8102,ББМО-01-23,3,3.6,3.72
8103,Студент 8103,ББМО-01-23,4,4.7,4.6
8108,Студент 8108,ББМО-01-23,1,4.5,4.44
8110,Студент 8110,ББМО-01-23,3,3.1,3.32
8111,Студент 8111,ББМО-01-23,4,4.5,4.44
8113,Студент 8113,ББМО-01-23,2,4.1,4.12
8114,Студент 8114,ББМО-01-23,3,4.1,4.12
8116,Студент 8116,ББМО-01-23,1,4.9,4.76
8118,Студент 8118,ББМО-01-23,3,3.8,3.88
8119,Студент 8119,ББМО-01-23,4,4.9,4.76
8120,Студент 8120,ББМО-01-23,1,3.4,3.56
8121,Студент 8121,ББМО-01-23,2,3.3,3.48
8122,Студент 8122,ББМО-01-23,3,3.3,3.48
8123,Студент 8123,ББМО-01-23,4,3.5,3.64
8125,Студент 8125,ББМО-01-23,2,3.9,3.96
8126,Студент 8126,ББМО-01-23,3,4,4.04
8127,Студент 8127,ББМО-01-23,4,4.4,4.36
8128,Студент 8128,ББМО-01-23,1,4.8,4.68
8130,Студент 8130,ББМО-01-23,3,3.8,3.88
8131,Студент 8131,ББМО-01-23,4,3.7,3.8
8132,Студент 8132,ББМО-01-23,1,4.1,4.12
8135,Студент 8135,ББМО-01-23,4,3.6,3.72
8136,Студент 8136,ББМО-01-23,1,3.7,3.8
8138,Студент 8138,ББМО-01-23,3,3.2,3.4
8140,Студент 8140,ББМО-01-23,1,3.4,3.56
8141,Студент 8141,ББМО-01-23,2,3.4,3.56
8142,Студент 8142,ББМО-01-23,3,5,4.84
8144,Студент 8144,ББМО-01-23,1,4.7,4.6
8145,Студент 8145,ББМО-01-23,2,4,4.04
8147,Студент 8147,ББМО-01-23,4,4.7,4.6
8148,Студент 8148,ББМО-01-23,1,4.7,4.6
8149,Студент 8149,ББМО-01-23,2,3.9,3.96
8150,Студент 8150,ББМО-01-23,3,3.3,3.48
8151,Студент 8151,ББМО-01-23,4,3.7,3.8
8153,Студент 8153,ББМО-01-23,2,4.4,4.36
8155,Студент 8155,ББМО-01-23,4,3.3,3.48
8156,Студент 8156,ББМО-01-23,1,3.9,3.96
8158,Студент 8158,ББМО-01-23,3,4.7,4.6
8160,Студент 8160,ББМО-01-23,1,3.3,3.48
8161,Студент 8161,ББМО-01-23,2,3.1,3.32
8162,Студент 8162,ББМО-01-23,3,4.6,4.52
8163,Студент 8163,ББМО-01-23,4,4.6,4.52
8164,Студент 8164,ББМО-01-23,1,3.4,3.56
8166,Студент 8166,ББМО-01-23,3,4.8,4.68
8167,Студент 8167,ББМО-01-23,4,3.2,3.4
8169,Студент 8169,ББМО-01-23,2,3.3,3.48
8172,Студент 8172,ББМО-01-23,1,3.2,3.4
8173,Студент 8173,ББМО-01-23,2,4.5,4.44
8174,Студент 8174,ББМО-01-23,3,4.8,4.68
8177,Студент 8177,ББМО-01-23,2,4.4,4.36
8179,Студент 8179,ББМО-01-23,4,3.9,3.96
8180,Студент 8180,ББМО-01-23,1,4.6,4.52
8181,Студент 8181,ББМО-01-23,2,3.9,3.96
8182,Студент 8182,ББМО-01-23,3,4,4.04
8184,Студент 8184,ББМО-01-23,1,3.8,3.88
8185,Студент 8185,ББМО-01-23,2,4.9,4.76
8186,Студент 8186,ББМО-01-23,3,3.8,3.88
8187,Студент 8187,ББМО-01-23,4,4.4,4.36
8188,Студент 8188,ББМО-01-23,1,4,4.04
8189,Студент 8189,ББМО-01-23,2,4.6,4.52
8190,Студент 8190,ББМО-01-23,3,3.3,3.48
8191,Студент 8191,ББМО-01-23,4,4.5,4.44
8192,Студент 8192,ББМО-01-23,1,4.7,4.6
8195,Студент 8195,ББМО-01-23,4,4.9,4.76
8197,Студент 8197,ББМО-01-23,2,4.8,4.68
8198,Студент 8198,ББМО-01-23,3,4.6,4.52
8200,Студент 8200,ББМО-01-23,1,4.1,4.12
8201,Студент 8201,ББМО-01-23,2,4.4,4.36
8202,Студент 8202,ББМО-01-23,3,4.9,4.76
8203,Студент 8203,ББМО-01-23,4,3.6,3.72
8204,Студент 8204,ББМО-01-23,1,4.9,4.76
8205,Студент 8205,ББМО-01-23,2,3.7,3.8
8206,Студент 8206,ББМО-01-23,3,4.5,4.44
8210,Студент 8210,ББМО-01-23,3,4.1,4.12
8211,Студент 8211,ББМО-01-23,4,4.5,4.44
8213,Студент 8213,ББМО-01-23,2,4.1,4.12
8216,Студент 8216,ББМО-01-23,1,4.6,4.52
8218,Студент 8218,ББМО-01-23,3,3.8,3.88
8219,Студент 8219,ББМО-01-23,4,3.3,3.48
8220,Студент 8220,ББМО-01-23,1,4.1,4.12
8223,Студент 8223,ББМО-01-23,4,3.6,3.72
8224,Студент 8224,ББМО-01-23,1,4,4.04
8225,Студент 8225,ББМО-01-23,2,3.3,3.48
8227,Студент 8227,ББМО-01-23,4,3.4,3.56
8229,Студент 8229,ББМО-01-23,2,3.4,3.56
8231,Студент 8231,ББМО-01-23,4,4.4,4.36
8233,Студент 8233,ББМО-01-23,2,3.5,3.64
8234,Студент 8234,ББМО-01-23,3,4.2,4.2
8235,Студент 8235,ББМО-01-23,4,4.1,4.12
8236,Студент 8236,ББМО-01-23,1,3.2,3.4
8239,Студент 8239,ББМО-01-23,4,4.4,4.36
8241,Студент 8241,ББМО-01-23,2,4.4,4.36
8242,Студент 8242,ББМО-01-23,3,4.1,4.12
8243,Студент 8243,ББМО-01-23,4,3.9,3.96
8245,Студент 8245,ББМО-01-23,2,3.2,3.4
8249,Студент 8249,ББМО-01-23,2,4.4,4.36
8250,Студент 8250,ББМО-01-23,3,3.1,3.32
8252,Студент 8252,ББМО-01-23,1,5,4.84
8253,Студент 8253,ББМО-01-23,2,4.2,4.2
8254,Студент 8254,ББМО-01-23,3,3.5,3.64
8258,Студент 8258,ББМО-01-23,3,4.8,4.68
8259,Студент 8259,ББМО-01-23,4,3.2,3.4
8260,Студент 8260,ББМО-01-23,1,3.4,3.56
8261,Студент 8261,ББМО-01-23,2,4,4.04
8262,Студент 8262,ББМО-01-23,3,3.7,3.8
8264,Студент 8264,ББМО-01-23,1,4.4,4.36
8265,Студент 8265,ББМО-01-23,2,4.7,4.6
8266,Студент 8266,ББМО-01-23,3,3.4,3.56
8267,Студент 8267,ББМО-01-23,4,3.7,3.8
8269,Студент 8269,ББМО-01-23,2,3.2,3.4
8270,Студент 8270,ББМО-01-23,3,4.4,4.36
8271,Студент 8271,ББМО-01-23,4,3.6,3.72
8272,Студент 8272,ББМО-01-23,1,4.8,4.68
8273,Студент 8273,ББМО-01-23,2,3.8,3.88
8274,Студент 8274,ББМО-01-23,3,3.4,3.56
8275,Студент 8275,ББМО-01-23,4,3.6,3.72
8276,Студент 8276,ББМО-01-23,1,3.9,3.96
8278,Студент 8278,ББМО-01-23,3,5,4.84
8281,Студент 8281,ББМО-01-23,2,4.7,4.6
8283,Студент 8283,ББМО-01-23,4,3.8,3.88
8286,Студент 8286,ББМО-01-23,3,4.3,4.28
8288,Студент 8288,ББМО-01-23,1,3.4,3.56
8289,Студент 8289,ББМО-01-23,2,3.7,3.8
8290,Студент 8290,ББМО-01-23,3,4.5,4.44
8291,Студент 8291,ББМО-01-23,4,4.3,4.28
8292,Студент 8292,ББМО-01-23,1,4.7,4.6
8293,Студент 8293,ББМО-01-23,2,3.1,3.32
8294,Студент 8294,ББМО-01-23,3,4,4.04
8295,Студент 8295,ББМО-01-23,4,3.5,3.64
8298,Студент 8298,ББМО-01-23,3,3.6,3.72
8301,Студент 8301,ББМО-01-23,2,4.2,4.2
8302,Студент 8302,ББМО-01-23,3,4,4.04
8303,Студент 8303,ББМО-01-23,4,3.1,3.32
8305,Студент 8305,ББМО-01-23,2,3.8,3.88
8307,Студент 8307,ББМО-01-23,4,4.7,4.6
8308,Студент 8308,ББМО-01-23,1,4.1,4.12
8310,Студент 8310,ББМО-01-23,3,4.2,4.2
8311,Студент 8311,ББМО-01-23,4,4.8,4.68
8313,Студент 8313,ББМО-01-23,2,5,4.84
8316,Студент 8316,ББМО-01-23,1,3.7,3.8
8318,Студент 8318,ББМО-01-23,3,4.2,4.2
8319,Студент 8319,ББМО-01-23,4,4.4,4.36
8320,Студент 8320,ББМО-01-23,1,3.6,3.72
8321,Студент 8321,ББМО-01-23,2,4.6,4.52
8322,Студент 8322,ББМО-01-23,3,3.6,3.72
8324,Студент 8324,ББМО-01-23,1,4.2,4.2
8326,Студент 8326,ББМО-01-23,3,4.4,4.36
8329,Студент 8329,ББМО-01-23,2,4,4.04
8330,Студент 8330,ББМО-01-23,3,3.1,3.32
8331,Студент 8331,ББМО-01-23,4,4.3,4.28
8332,Студент 8332,ББМО-01-23,1,4.4,4.36
8334,Студент 8334,ББМО-01-23,3,3.6,3.72
8335,Студент 8335,ББМО-01-23,4,3.7,3.8
8337,Студент 8337,ББМО-01-23,2,3.4,3.56
8340,Студент 8340,ББМО-01-23,1,3.5,3.64
8342,Студент 8342,ББМО-01-23,3,3.7,3.8
8348,Студент 8348,ББМО-01-23,1,3.8,3.88
8349,Студент 8349,ББМО-01-23,2,4.8,4.68
8352,Студент 8352,ББМО-01-23,1,3.8,3.88
8353,Студент 8353,ББМО-01-23,2,3.6,3.72
8354,Студент 8354,ББМО-01-23,3,4.7,4.6
8355,Студент 8355,ББМО-01-23,4,4.2,4.2
8356,Студент 8356,ББМО-01-23,1,4.5,4.44
8357,Студент 8357,ББМО-01-23,2,3.2,3.4
8359,Студент 8359,ББМО-01-23,4,4,4.04
8363,Студент 8363,ББМО-01-23,4,4.2,4.2
8364,Студент 8364,ББМО-01-23,1,3.4,3.56
8365,Студент 8365,ББМО-01-23,2,3.9,3.96
8366,Студент 8366,ББМО-01-23,3,4.3,4.28
8368,Студент 8368,ББМО-01-23,1,4.5,4.44
8370,Студент 8370,ББМО-01-23,3,3.7,3.8
8371,Студент 8371,ББМО-01-23,4,3.9,3.96
8373,Студент 8373,ББМО-01-23,2,3.4,3.56
8375,Студент 8375,ББМО-01-23,4,3.7,3.8
8376,Студент 8376,ББМО-01-23,1,3.4,3.56
8378,Студент 8378,ББМО-01-23,3,3.1,3.32
8380,Студент 8380,ББМО-01-23,1,4.4,4.36
8381,Студент 8381,ББМО-01-23,2,3.2,3.4
8383,Студент 8383,ББМО-01-23,4,3.3,3.48
8385,Студент 8385,ББМО-01-23,2,4,4.04
8386,Студент 8386,ББМО-01-23,3,4.1,4.12
8387,Студент 8387,ББМО-01-23,4,4,4.04
8389,Студент 8389,ББМО-01-23,2,4.9,4.76
8390,Студент 8390,ББМО-01-23,3,3.3,3.48
8391,Студент 8391,ББМО-01-23,4,4.6,4.52
8392,Студент 8392,ББМО-01-23,1,4.7,4.6
8393,Студент 8393,ББМО-01-23,2,4.6,4.52
8394,Студент 8394,ББМО-01-23,3,3.3,3.48
8396,Студент 8396,ББМО-01-23,1,4.1,4.12
8399,Студент 8399,ББМО-01-23,4,4.8,4.68
8400,Студент 8400,ББМО-01-23,1,3.7,3.8
8402,Студент 8402,ББМО-01-23,3,4.1,4.12
8403,Студент 8403,ББМО-01-23,4,4.6,4.52
8404,Студент 8404,ББМО-01-23,1,4.5,4.44
8405,Студент 8405,ББМО-01-23,2,4.9,4.76
8406,Студент 8406,ББМО-01-23,3,4.5,4.44
8407,Студент 8407,ББМО-01-23,4,4.7,4.6
8408,Студент 8408,ББМО-01-23,1,4.3,4.28
8409,Студент 8409,ББМО-01-23,2,3.6,3.72
8413,Студент 8413,ББМО-01-23,2,4.7,4.6
8414,Студент 8414,ББМО-01-23,3,4.4,4.36
8415,Студент 8415,ББМО-01-23,4,4,4.04
8416,Студент 8416,ББМО-01-23,1,3.1,3.32
8417,Студент 8417,ББМО-01-23,2,4.4,4.36
8419,Студент 8419,ББМО-01-23,4,4.8,4.68
8420,Студент 8420,ББМО-01-23,1,3.8,3.88
8423,Студент 8423,ББМО-01-23,4,4.6,4.52
8428,Студент 8428,ББМО-01-23,1,4.7,4.6
8430,Студент 8430,ББМО-01-23,3,4.9,4.76
8431,Студент 8431,ББМО-01-23,4,3.1,3.32
8434,Студент 8434,ББМО-01-23,3,4.6,4.52
8436,Студент 8436,ББМО-01-23,1,4.7,4.6
8440,Студент 8440,ББМО-01-23,1,3.8,3.88
8444,Студент 8444,ББМО-01-23,1,4.5,4.44
8446,Студент 8446,ББМО-01-23,3,4.4,4.36
8448,Студент 8448,ББМО-01-23,1,3.2,3.4
8449,Студент 8449,ББМО-01-23,2,3.7,3.8
8450,Студент 8450,ББМО-01-23,3,4.8,4.68
8451,Студент 8451,ББМО-01-23,4,3.2,3.4
8452,Студент 8452,ББМО-01-23,1,3.5,3.64
8454,Студент 8454,ББМО-01-23,3,4.8,4.68
8457,Студент 8457,ББМО-01-23,2,3.3,3.48
8458,Студент 8458,ББМО-01-23,3,3.1,3.32
8459,Студент 8459,ББМО-01-23,4,4.4,4.36
8460,Студент 8460,ББМО-01-23,1,4.2,4.2
8461,Студент 8461,ББМО-01-23,2,4.2,4.2
8462,Студент 8462,ББМО-01-23,3,4.9,4.76
8463,Студент 8463,ББМО-01-23,4,3.3,3.48
8465,Студент 8465,ББМО-01-23,2,4.6,4.52
8466,Студент 8466,ББМО-01-23,3,4.9,4.76
8469,Студент 8469,ББМО-01-23,2,3.3,3.48
8471,Студент 8471,ББМО-01-23,4,4.7,4.6
8473,Студент 8473,ББМО-01-23,2,4.2,4.2
8474,Студент 8474,ББМО-01-23,3,4.8,4.68
8476,Студент 8476,ББМО-01-23,1,4.9,4.76
8478,Студент 8478,ББМО-01-23,3,4.9,4.76
8479,Студент 8479,ББМО-01-23,4,4.9,4.76
8481,Студент 8481,ББМО-01-23,2,3.2,3.4
8482,Студент 8482,ББМО-01-23,3,4.5,4.44
8484,Студент 8484,ББМО-01-23,1,3.7,3.8
8486,Студент 8486,ББМО-01-23,3,4.1,4.12
8487,Студент 8487,ББМО-01-23,4,4.5,4.44
8490,Студент 8490,ББМО-01-23,3,3.9,3.96
8491,Студент 8491,ББМО-01-23,4,3.8,3.88
8493,Студент 8493,ББМО-01-23,2,3.5,3.64
8495,Студент 8495,ББМО-01-23,4,3.5,3.64
8496,Студент 8496,ББМО-01-23,1,4.2,4.2
8497,Студент 8497,ББМО-01-23,2,3.4,3.56
8498,Студент 8498,ББМО-01-23,3,4.7,4.6
8500,Студент 8500,ББМО-01-23,1,4.7,4.6
8501,Студент 8501,ББМО-01-23,2,3.5,3.64
8502,Студент 8502,ББМО-01-23,3,3.1,3.32
8504,Студент 8504,ББМО-01-23,1,3.6,3.72
8506,Студент 8506,ББМО-01-23,3,3.5,3.64
8508,Студент 8508,ББМО-01-23,1,3.2,3.4
8511,Студент 8511,ББМО-01-23,4,4.1,4.12
8513,Студент 8513,ББМО-01-23,2,3.9,3.96
8516,Студент 8516,ББМО-01-23,1,3.3,3.48
8517,Студент 8517,ББМО-01-23,2,3.6,3.72
8519,Студент 8519,ББМО-01-23,4,3.6,3.72
8521,Студент 8521,ББМО-01-23,2,4.3,4.28
8524,Студент 8524,ББМО-01-23,1,3.4,3.56
8525,Студент 8525,ББМО-01-23,2,4.9,4.76
8528,Студент 8528,ББМО-01-23,1,4,4.04
8529,Студент 8529,ББМО-01-23,2,4.4,4.36
8531,Студент 8531,ББМО-01-23,4,3.4,3.56
8533,Студент 8533,ББМО-01-23,2,3.2,3.4
8535,Студент 8535,ББМО-01-23,4,3.8,3.88
8537,Студент 8537,ББМО-01-23,2,3.7,3.8
8538,Студент 8538,ББМО-01-23,3,4.3,4.28
8539,Студент 8539,ББМО-01-23,4,3.1,3.32
8544,Студент 8544,ББМО-01-23,1,4.8,4.68
8546,Студент 8546,ББМО-01-23,3,4.8,4.68
8549,Студент 8549,ББМО-01-23,2,3.2,3.4
8550,Студент 8550,ББМО-01-23,3,3.9,3.96
8553,Студент 8553,ББМО-01-23,2,3.3,3.48
8554,Студент 8554,ББМО-01-23,3,4.2,4.2
8555,Студент 8555,ББМО-01-23,4,3.3,3.48
8557,Студент 8557,ББМО-01-23,2,4.8,4.68
8558,Студент 8558,ББМО-01-23,3,3.9,3.96
8560,Студент 8560,ББМО-01-23,1,4.2,4.2
8561,Студент 8561,ББМО-01-23,2,4.2,4.2
8562,Студент 8562,ББМО-01-23,3,3.4,3.56
8563,Студент 8563,ББМО-01-23,4,3.9,3.96
8564,Студент 8564,ББМО-01-23,1,4.7,4.6
8565,Студент 8565,ББМО-01-23,2,3.3,3.48
8566,Студент 8566,ББМО-01-23,3,3.7,3.8
8567,Студент 8567,ББМО-01-23,4,4,4.04
8568,Студент 8568,ББМО-01-23,1,3.1,3.32
8569,Студент 8569,ББМО-01-23,2,4,4.04
8572,Студент 8572,ББМО-01-23,1,4.8,4.68
8577,Студент 8577,ББМО-01-23,2,4.1,4.12
8578,Студент 8578,ББМО-01-23,3,4.3,4.28
8579,Студент 8579,ББМО-01-23,4,4.5,4.44
8580,Студент 8580,ББМО-01-23,1,4.8,4.68
8581,Студент 8581,ББМО-01-23,2,3.7,3.8
8582,Студент 8582,ББМО-01-23,3,3.7,3.8
8583,Студент 8583,ББМО-01-23,4,4.7,4.6
8584,Студент 8584,ББМО-01-23,1,4.4,4.36
8585,Студент 8585,ББМО-01-23,2,3.4,3.56
8591,Студент 8591,ББМО-01-23,4,4.7,4.6
8592,Студент 8592,ББМО-01-23,1,3.5,3.64
8595,Студент 8595,ББМО-01-23,4,3.7,3.8
8596,Студент 8596,ББМО-01-23,1,4,4.04
8598,Студент 8598,ББМО-01-23,3,4.9,4.76
8599,Студент 8599,ББМО-01-23,4,4.7,4.6
8600,Студент 8600,ББМО-01-23,1,4.6,4.52
8601,Студент 8601,ББМО-01-23,2,4.4,4.36
8602,Студент 8602,ББМО-01-23,3,3.3,3.48
8603,Студент 8603,ББМО-01-23,4,3.4,3.56
8605,Студент 8605,ББМО-01-23,2,4.7,4.6
8606,Студент 8606,ББМО-01-23,3,4.1,4.12
8607,Студент 8607,ББМО-01-23,4,3.6,3.72
8609,Студент 8609,ББМО-01-23,2,4.4,4.36
8610,Студент 8610,ББМО-01-23,3,3.3,3.48
8611,Студент 8611,ББМО-01-23,4,5,4.84
8612,Студент 8612,ББМО-01-23,1,4.3,4.28
8613,Студент 8613,ББМО-01-23,2,4.7,4.6
8614,Студент 8614,ББМО-01-23,3,4.3,4.28
8615,Студент 8615,ББМО-01-23,4,4,4.04
8616,Студент 8616,ББМО-01-23,1,3.9,3.96
8618,Студент 8618,ББМО-01-23,3,4.1,4.12
8620,Студент 8620,ББМО-01-23,1,4.4,4.36
8621,Студент 8621,ББМО-01-23,2,4.2,4.2
8622,Студент 8622,ББМО-01-23,3,4.4,4.36
8624,Студент 8624,ББМО-01-23,1,4.1,4.12
8625,Студент 8625,ББМО-01-23,2,5,4.84
8627,Студент 8627,ББМО-01-23,4,5,4.84
8628,Студент 8628,ББМО-01-23,1,4.9,4.76
8632,Студент 8632,ББМО-01-23,1,4.4,4.36
8633,Студент 8633,ББМО-01-23,2,3.8,3.88
8634,Студент 8634,ББМО-01-23,3,3.9,3.96
8635,Студент 8635,ББМО-01-23,4,3.7,3.8
8636,Студент 8636,ББМО-01-23,1,3.4,3.56
8638,Студент 8638,ББМО-01-23,3,4.8,4.68
8639,Студент 8639,ББМО-01-23,4,3.1,3.32
8641,Студент 8641,ББМО-01-23,2,3.6,3.72
8645,Студент 8645,ББМО-01-23,2,3.8,3.88
8648,Студент 8648,ББМО-01-23,1,4.6,4.52
8649,Студент 8649,ББМО-01-23,2,3.9,3.96
8650,Студент 8650,ББМО-01-23,3,3.8,3.88
8651,Студент 8651,ББМО-01-23,4,3.6,3.72
8652,Студент 8652,ББМО-01-23,1,5,4.84
8653,Студент 8653,ББМО-01-23,2,3.2,3.4
8654,Студент 8654,ББМО-01-23,3,4.8,4.68
8655,Студент 8655,ББМО-01-23,4,4.9,4.76
8656,Студент 8656,ББМО-01-23,1,4,4.04
8657,Студент 8657,ББМО-01-23,2,3.6,3.72
8658,Студент 8658,ББМО-01-23,3,4.7,4.6
8659,Студент 8659,ББМО-01-23,4,4.3,4.28
8660,Студент 8660,ББМО-01-23,1,3.9,3.96
8662,Студент 8662,ББМО-01-23,3,3.4,3.56
8663,Студент 8663,ББМО-01-23,4,3.3,3.48
8665,Студент 8665,ББМО-01-23,2,4.3,4.28
8666,Студент 8666,ББМО-01-23,3,3.3,3.48
8667,Студент 8667,ББМО-01-23,4,4,4.04
8669,Студент 8669,ББМО-01-23,2,4.1,4.12
8670,Студент 8670,ББМО-01-23,3,4.5,4.44
8672,Студент 8672,ББМО-01-23,1,3.2,3.4
8676,Студент 8676,ББМО-01-23,1,3.5,3.64
8677,Студент 8677,ББМО-01-23,2,3.2,3.4
8680,Студент 8680,ББМО-01-23,1,3.4,3.56
8681,Студент 8681,ББМО-01-23,2,3.2,3.4
8682,Студент 8682,ББМО-01-23,3,4.4,4.36
8683,Студент 8683,ББМО-01-23,4,3.3,3.48
8684,Студент 8684,ББМО-01-23,1,4,4.04
8685,Студент 8685,ББМО-01-23,2,3.7,3.8
8686,Студент 8686,ББМО-01-23,3,3.7,3.8
8687,Студент 8687,ББМО-01-23,4,4.4,4.36
8688,Студент 8688,ББМО-01-23,1,3.2,3.4
8689,Студент 8689,ББМО-01-23,2,4.4,4.36
8690,Студент 8690,ББМО-01-23,3,3.8,3.88
8691,Студент 8691,ББМО-01-23,4,3.2,3.4
8692,Студент 8692,ББМО-01-23,1,4.4,4.36
8693,Студент 8693,ББМО-01-23,2,3.4,3.56
8694,Студент 8694,ББМО-01-23,3,3.9,3.96
8695,Студент 8695,ББМО-01-23,4,4.6,4.52
8696,Студент 8696,ББМО-01-23,1,4.2,4.2
8697,Студент 8697,ББМО-01-23,2,3.8,3.88
8698,Студент 8698,ББМО-01-23,3,4.9,4.76
8699,Студент 8699,ББМО-01-23,4,3.9,3.96
8700,Студент 8700,ББМО-01-23,1,3.3,3.48
8704,Студент 8704,ББМО-01-23,1,4.7,4.6
8705,Студент 8705,ББМО-01-23,2,3.9,3.96
8706,Студент 8706,ББМО-01-23,3,3.3,3.48
8707,Студент 8707,ББМО-01-23,4,3.5,3.64
8709,Студент 8709,ББМО-01-23,2,4.8,4.68
8710,Студент 8710,ББМО-01-23,3,3.7,3.8
8713,Студент 8713,ББМО-01-23,2,3.7,3.8
8715,Студент 8715,ББМО-01-23,4,3.6,3.72
8718,Студент 8718,ББМО-01-23,3,3.9,3.96
8719,Студент 8719,ББМО-01-23,4,3.1,3.32
8720,Студент 8720,ББМО-01-23,1,4.1,4.12
8723,Студент 8723,ББМО-01-23,4,4.7,4.6
8724,Студент 8724,ББМО-01-23,1,3.8,3.88
8728,Студент 8728,ББМО-01-23,1,4.5,4.44
8729,Студент 8729,ББМО-01-23,2,4.2,4.2
8730,Студент 8730,ББМО-01-23,3,3.9,3.96
8732,Студент 8732,ББМО-01-23,1,3.2,3.4
8733,Студент 8733,ББМО-01-23,2,3.4,3.56
8736,Студент 8736,ББМО-01-23,1,4.5,4.44
8738,Студент 8738,ББМО-01-23,3,3.3,3.48
8739,Студент 8739,ББМО-01-23,4,4,4.04
8741,Студент 8741,ББМО-01-23,2,3.8,3.88
8743,Студент 8743,ББМО-01-23,4,4.6,4.52
8744,Студент 8744,ББМО-01-23,1,4.3,4.28
8748,Студент 8748,ББМО-01-23,1,4.9,4.76
8752,Студент 8752,ББМО-01-23,1,4.1,4.12
8753,Студент 8753,ББМО-01-23,2,4.5,4.44
8754,Студент 8754,ББМО-01-23,3,3.1,3.32
8756,Студент 8756,ББМО-01-23,1,4.5,4.44
8757,Студент 8757,ББМО-01-23,2,5,4.84
8758,Студент 8758,ББМО-01-23,3,4.7,4.6
8762,Студент 8762,ББМО-01-23,3,3.3,3.48
8764,Студент 8764,ББМО-01-23,1,3.3,3.48
8765,Студент 8765,ББМО-01-23,2,4.4,4.36
8766,Студент 8766,ББМО-01-23,3,4.7,4.6
8767,Студент 8767,ББМО-01-23,4,3.7,3.8
8768,Студент 8768,ББМО-01-23,1,3.1,3.32
8770,Студент 8770,ББМО-01-23,3,3.8,3.88
8771,Студент 8771,ББМО-01-23,4,4.4,4.36
8772,Студент 8772,ББМО-01-23,1,4,4.04
8775,Студент 8775,ББМО-01-23,4,4.5,4.44
8776,Студент 8776,ББМО-01-23,1,4.8,4.68
8779,Студент 8779,ББМО-01-23,4,4.7,4.6
8780,Студент 8780,ББМО-01-23,1,3.4,3.56
8781,Студент 8781,ББМО-01-23,2,4.9,4.76
8783,Студент 8783,ББМО-01-23,4,4.5,4.44
8784,Студент 8784,ББМО-01-23,1,4.1,4.12
8786,Студент 8786,ББМО-01-23,3,4.2,4.2
8787,Студент 8787,ББМО-01-23,4,4.4,4.36
8788,Студент 8788,ББМО-01-23,1,4.9,4.76
8789,Студент 8789,ББМО-01-23,2,3.9,3.96
8790,Студент 8790,ББМО-01-23,3,4.5,4.44
8791,Студент 8791,ББМО-01-23,4,4.8,4.68
8792,Студент 8792,ББМО-01-23,1,4.4,4.36
8793,Студент 8793,ББМО-01-23,2,3.3,3.48
8794,Студент 8794,ББМО-01-23,3,5,4.84
8795,Студент 8795,ББМО-01-23,4,4.6,4.52
8797,Студент 8797,ББМО-01-23,2,3.5,3.64
8799,Студент 8799,ББМО-01-23,4,4.4,4.36
8801,Студент 8801,ББМО-01-23,2,4.7,4.6
8803,Студент 8803,ББМО-01-23,4,3.3,3.48
8804,Студент 8804,ББМО-01-23,1,3.3,3.48
8808,Студент 8808,ББМО-01-23,1,4.2,4.2
8810,Студент 8810,ББМО-01-23,3,4.1,4.12
8811,Студент 8811,ББМО-01-23,4,4,4.04
8812,Студент 8812,ББМО-01-23,1,4.4,4.36
8813,Студент 8813,ББМО-01-23,2,3.7,3.8
8814,Студент 8814,ББМО-01-23,3,4.5,4.44
8818,Студент 8818,ББМО-01-23,3,4.3,4.28
8820,Студент 8820,ББМО-01-23,1,4.2,4.2
8822,Студент 8822,ББМО-01-23,3,4.3,4.28
8823,Студент 8823,ББМО-01-23,4,3.5,3.64
8824,Студент 8824,ББМО-01-23,1,3.6,3.72
8827,Студент 8827,ББМО-01-23,4,3.3,3.48
8829,Студент 8829,ББМО-01-23,2,4.1,4.12
8831,Студент 8831,ББМО-01-23,4,4.4,4.36
8834,Студент 8834,ББМО-01-23,3,3.2,3.4
8837,Студент 8837,ББМО-01-23,2,3.7,3.8
8838,Студент 8838,ББМО-01-23,3,4.4,4.36
8839,Студент 8839,ББМО-01-23,4,3.5,3.64
8840,Студент 8840,ББМО-01-23,1,4.5,4.44
8843,Студент 8843,ББМО-01-23,4,4.8,4.68
8844,Студент 8844,ББМО-01-23,1,3.4,3.56
8846,Студент 8846,ББМО-01-23,3,4.2,4.2
8849,Студент 8849,ББМО-01-23,2,3.6,3.72
8850,Студент 8850,ББМО-01-23,3,4.6,4.52
8851,Студент 8851,ББМО-01-23,4,4.1,4.12
8853,Студент 8853,ББМО-01-23,2,3.6,3.72
8857,Студент 8857,ББМО-01-23,2,4.6,4.52
8858,Студент 8858,ББМО-01-23,3,4.1,4.12
8859,Студент 8859,ББМО-01-23,4,4,4.04
8860,Студент 8860,ББМО-01-23,1,4.4,4.36
8862,Студент 8862,ББМО-01-23,3,5,4.84
8863,Студент 8863,ББМО-01-23,4,3.6,3.72
8864,Студент 8864,ББМО-01-23,1,3.6,3.72
8865,Студент 8865,ББМО-01-23,2,4.3,4.28
8866,Студент 8866,ББМО-01-23,3,4,4.04
8869,Студент 8869,ББМО-01-23,2,4.2,4.2
8871,Студент 8871,ББМО-01-23,4,3.8,3.88
8874,Студент 8874,ББМО-01-23,3,3.3,3.48
8875,Студент 8875,ББМО-01-23,4,4.1,4.12
8876,Студент 8876,ББМО-01-23,1,4,4.04
8877,Студент 8877,ББМО-01-23,2,4.1,4.12
8878,Студент 8878,ББМО-01-23,3,3.3,3.48
8879,Студент 8879,ББМО-01-23,4,4,4.04
8880,Студент 8880,ББМО-01-23,1,3.6,3.72
8883,Студент 8883,ББМО-01-23,4,4.8,4.68
8884,Студент 8884,ББМО-01-23,1,3.7,3.8
8885,Студент 8885,ББМО-01-23,2,3.4,3.56
8886,Студент 8886,ББМО-01-23,3,3.4,3.56
8887,Студент 8887,ББМО-01-23,4,4.4,4.36
8888,Студент 8888,ББМО-01-23,1,3.3,3.48
8889,Студент 8889,ББМО-01-23,2,3.1,3.32
8890,Студент 8890,ББМО-01-23,3,3.5,3.64
8894,Студент 8894,ББМО-01-23,3,3.5,3.64
8895,Студент 8895,ББМО-01-23,4,4.5,4.44
8896,Студент 8896,ББМО-01-23,1,4.2,4.2
8897,Студент 8897,ББМО-01-23,2,3.5,3.64
8898,Студент 8898,ББМО-01-23,3,4,4.04
8899,Студент 8899,ББМО-01-23,4,3.1,3.32
8900,Студент 8900,ББМО-01-23,1,3.1,3.32
8901,Студент 8901,ББМО-01-23,2,4.8,4.68
8902,Студент 8902,ББМО-01-23,3,4.5,4.44
8903,Студент 8903,ББМО-01-23,4,3.9,3.96
8904,Студент 8904,ББМО-01-23,1,4.7,4.6
8905,Студент 8905,ББМО-01-23,2,4.8,4.68
8907,Студент 8907,ББМО-01-23,4,4.5,4.44
8909,Студент 8909,ББМО-01-23,2,4.1,4.12
8911,Студент 8911,ББМО-01-23,4,3.5,3.64
8912,Студент 8912,ББМО-01-23,1,4.3,4.28
8914,Студент 8914,ББМО-01-23,3,4.8,4.68
8915,Студент 8915,ББМО-01-23,4,3.4,3.56
8917,Студент 8917,ББМО-01-23,2,4.3,4.28
8920,Студент 8920,ББМО-01-23,1,3.3,3.48
8922,Студент 8922,ББМО-01-23,3,5,4.84
8923,Студент 8923,ББМО-01-23,4,3.8,3.88
8928,Студент 8928,ББМО-01-23,1,4.7,4.6
8929,Студент 8929,ББМО-01-23,2,3.8,3.88
8931,Студент 8931,ББМО-01-23,4,4.7,4.6
8934,Студент 8934,ББМО-01-23,3,3.4,3.56
8936,Студент 8936,ББМО-01-23,1,4.7,4.6
8937,Студент 8937,ББМО-01-23,2,3.2,3.4
8943,Студент 8943,ББМО-01-23,4,4.9,4.76
8945,Студент 8945,ББМО-01-23,2,3.2,3.4
8947,Студент 8947,ББМО-01-23,4,4.6,4.52
8948,Студент 8948,ББМО-01-23,1,3.6,3.72
8949,Студент 8949,ББМО-01-23,2,3.1,3.32
8953,Студент 8953,ББМО-01-23,2,3.7,3.8
8954,Студент 8954,ББМО-01-23,3,4.7,4.6
8955,Студент 8955,ББМО-01-23,4,4.8,4.68
8957,Студент 8957,ББМО-01-23,2,4.4,4.36
8958,Студент 8958,ББМО-01-23,3,4.2,4.2
8959,Студент 8959,ББМО-01-23,4,3.8,3.88
8961,Студент 8961,ББМО-01-23,2,3.5,3.64
8962,Студент 8962,ББМО-01-23,3,4.7,4.6
8963,Студент 8963,ББМО-01-23,4,4.7,4.6
8964,Студент 8964,ББМО-01-23,1,4.9,4.76
8965,Студент 8965,ББМО-01-23,2,3.3,3.48
8967,Студент 8967,ББМО-01-23,4,3.4,3.56
8976,Студент 8976,ББМО-01-23,1,4.5,4.44
8977,Студент 8977,ББМО-01-23,2,4.8,4.68
8978,Студент 8978,ББМО-01-23,3,4.9,4.76
8980,Студент 8980,ББМО-01-23,1,3.5,3.64
8982,Студент 8982,ББМО-01-23,3,3.1,3.32
8983,Студент 8983,ББМО-01-23,4,5,4.84
8984,Студент 8984,ББМО-01-23,1,3.4,3.56
8986,Студент 8986,ББМО-01-23,3,4.5,4.44
8987,Студент 8987,ББМО-01-23,4,4.4,4.36
8988,Студент 8988,ББМО-01-23,1,4.9,4.76
8990,Студент 8990,ББМО-01-23,3,4.7,4.6
8992,Студент 8992,ББМО-01-23,1,4.7,4.6
8993,Студент 8993,ББМО-01-23,2,4.4,4.36
8994,Студент 8994,ББМО-01-23,3,3.7,3.8
8995,Студент 8995,ББМО-01-23,4,4.5,4.44
8997,Студент 8997,ББМО-01-23,2,3.2,3.4
8999,Студент 8999,ББМО-01-23,4,4.2,4.2
9000,Студент 9000,ББМО-01-23,1,3.8,3.88
9001,Студент 9001,ББМО-01-23,2,3.6,3.72
9002,Студент 9002,ББМО-01-23,3,4.4,4.36
9004,Студент 9004,ББМО-01-23,1,4.5,4.44
9006,Студент 9006,ББМО-01-23,3,5,4.84
9007,Студент 9007,ББМО-01-23,4,4.7,4.6
9009,Студент 9009,ББМО-01-23,2,4.7,4.6
9010,Студент 9010,ББМО-01-23,3,4.3,4.28
9011,Студент 9011,ББМО-01-23,4,4.5,4.44
9012,Студент 9012,ББМО-01-23,1,4.4,4.36
9013,Студент 9013,ББМО-01-23,2,3.5,3.64
9014,Студент 9014,ББМО-01-23,3,3.4,3.56
9015,Студент 9015,ББМО-01-23,4,4.9,4.76
9017,Студент 9017,ББМО-01-23,2,3.5,3.64
9018,Студент 9018,ББМО-01-23,3,4.8,4.68
9019,Студент 9019,ББМО-01-23,4,4.4,4.36
9020,Студент 9020,ББМО-01-23,1,3.2,3.4
9021,Студент 9021,ББМО-01-23,2,4.1,4.12
9022,Студент 9022,ББМО-01-23,3,5,4.84
9023,Студент 9023,ББМО-01-23,4,4.9,4.76
9024,Студент 9024,ББМО-01-23,1,3.5,3.64
9025,Студент 9025,ББМО-01-23,2,3.4,3.56
9026,Студент 9026,ББМО-01-23,3,3.8,3.88
9027,Студент 9027,ББМО-01-23,4,4.5,4.44
9028,Студент 9028,ББМО-01-23,1,4,4.04
9029,Студент 9029,ББМО-01-23,2,4,4.04
9031,Студент 9031,ББМО-01-23,4,4.9,4.76
9032,Студент 9032,ББМО-01-23,1,4.5,4.44
9033,Студент 9033,ББМО-01-23,2,3.9,3.96
9034,Студент 9034,ББМО-01-23,3,3.2,3.4
9036,Студент 9036,ББМО-01-23,1,4.5,4.44
9037,Студент 9037,ББМО-01-23,2,4.1,4.12
9038,Студент 9038,ББМО-01-23,3,4.3,4.28
9039,Студент 9039,ББМО-01-23,4,4.6,4.52
9040,Студент 9040,ББМО-01-23,1,3.8,3.88
9041,Студент 9041,ББМО-01-23,2,3.8,3.88
9042,Студент 9042,ББМО-01-23,3,4.6,4.52
9043,Студент 9043,ББМО-01-23,4,4.4,4.36
9046,Студент 9046,ББМО-01-23,3,4.6,4.52
9047,Студент 9047,ББМО-01-23,4,4.3,4.28
9048,Студент 9048,ББМО-01-23,1,4.2,4.2
9051,Студент 9051,ББМО-01-23,4,4.4,4.36
9052,Студент 9052,ББМО-01-23,1,4.3,4.28
9053,Студент 9053,ББМО-01-23,2,3.6,3.72
9054,Студент 9054,ББМО-01-23,3,4.3,4.28
9055,Студент 9055,ББМО-01-23,4,3.6,3.72
9057,Студент 9057,ББМО-01-23,2,4.4,4.36
9059,Студент 9059,ББМО-01-23,4,3.9,3.96
9060,Студент 9060,ББМО-01-23,1,3.5,3.64
9062,Студент 9062,ББМО-01-23,3,3.3,3.48
9065,Студент 9065,ББМО-01-23,2,4.2,4.2
9066,Студент 9066,ББМО-01-23,3,4.4,4.36
9067,Студент 9067,ББМО-01-23,4,4.4,4.36
9068,Студент 9068,ББМО-01-23,1,3.2,3.4
9070,Студент 9070,ББМО-01-23,3,4.7,4.6
9071,Студент 9071,ББМО-01-23,4,4.1,4.12
9072,Студент 9072,ББМО-01-23,1,3.3,3.48
9073,Студент 9073,ББМО-01-23,2,3.3,3.48
9076,Студент 9076,ББМО-01-23,1,5,4.84
9078,Студент 9078,ББМО-01-23,3,3.5,3.64
9079,Студент 9079,ББМО-01-23,4,3.9,3.96
9080,Студент 9080,ББМО-01-23,1,4.3,4.28
9082,Студент 9082,ББМО-01-23,3,3.9,3.96
9083,Студент 9083,ББМО-01-23,4,3.9,3.96
9085,Студент 9085,ББМО-01-23,2,3.2,3.4
9086,Студент 9086,ББМО-01-23,3,3.5,3.64
9090,Студент 9090,ББМО-01-23,3,4,4.04
9092,Студент 9092,ББМО-01-23,1,4.8,4.68
9093,Студент 9093,ББМО-01-23,2,4.4,4.36
9095,Студент 9095,ББМО-01-23,4,3.4,3.56
9098,Студент 9098,ББМО-01-23,3,3.5,3.64
9099,Студент 9099,ББМО-01-23,4,3.8,3.88
9102,Студент 9102,ББМО-01-23,3,3.5,3.64
9104,Студент 9104,ББМО-01-23,1,3.6,3.72
9105,Студент 9105,ББМО-01-23,2,4.8,4.68
9106,Студент 9106,ББМО-01-23,3,3.4,3.56
9107,Студент 9107,ББМО-01-23,4,4,4.04
9108,Студент 9108,ББМО-01-23,1,4.9,4.76
9109,Студент 9109,ББМО-01-23,2,4.9,4.76
9110,Студент 9110,ББМО-01-23,3,4.9,4.76
9111,Студент 9111,ББМО-01-23,4,4.7,4.6
9112,Студент 9112,ББМО-01-23,1,4.8,4.68
9113,Студент 9113,ББМО-01-23,2,3.4,3.56
9115,Студент 9115,ББМО-01-23,4,3.7,3.8
9116,Студент 9116,ББМО-01-23,1,4.1,4.12
9117,Студент 9117,ББМО-01-23,2,3.7,3.8
9118,Студент 9118,ББМО-01-23,3,3.5,3.64
9119,Студент 9119,ББМО-01-23,4,4.2,4.2
9120,Студент 9120,ББМО-01-23,1,3.1,3.32
9121,Студент 9121,ББМО-01-23,2,3.5,3.64
9123,Студент 9123,ББМО-01-23,4,3.7,3.8
9126,Студент 9126,ББМО-01-23,3,3.4,3.56
9127,Студент 9127,ББМО-01-23,4,3.6,3.72
9128,Студент 9128,ББМО-01-23,1,4,4.04
9129,Студент 9129,ББМО-01-23,2,4.1,4.12
9130,Студент 9130,ББМО-01-23,3,4.1,4.12
9131,Студент 9131,ББМО-01-23,4,3.8,3.88
9132,Студент 9132,ББМО-01-23,1,3.9,3.96
9134,Студент 9134,ББМО-01-23,3,3.3,3.48
9137,Студент 9137,ББМО-01-23,2,4.6,4.52
9138,Студент 9138,ББМО-01-23,3,4.2,4.2
9139,Студент 9139,ББМО-01-23,4,3.1,3.32
9141,Студент 9141,ББМО-01-23,2,4.5,4.44
9142,Студент 9142,ББМО-01-23,3,3.5,3.64
9144,Студент 9144,ББМО-01-23,1,4.6,4.52
9146,Студент 9146,ББМО-01-23,3,4.7,4.6
9147,Студент 9147,ББМО-01-23,4,5,4.84
9148,Студент 9148,ББМО-01-23,1,3.8,3.88
9149,Студент 9149,ББМО-01-23,2,4.7,4.6
9150,Студент 9150,ББМО-01-23,3,4.3,4.28
9152,Студент 9152,ББМО-01-23,1,4.5,4.44
9153,Студент 9153,ББМО-01-23,2,3.4,3.56
9154,Студент 9154,ББМО-01-23,3,3.2,3.4
9155,Студент 9155,ББМО-01-23,4,5,4.84
9156,Студент 9156,ББМО-01-23,1,3.4,3.56
9157,Студент 9157,ББМО-01-23,2,3.1,3.32
9158,Студент 9158,ББМО-01-23,3,4.2,4.2
9159,Студент 9159,ББМО-01-23,4,3.4,3.56
9160,Студент 9160,ББМО-01-23,1,4.5,4.44
9161,Студент 9161,ББМО-01-23,2,4.6,4.52
9162,Студент 9162,ББМО-01-23,3,4.8,4.68
9164,Студент 9164,ББМО-01-23,1,3.4,3.56
9166,Студент 9166,ББМО-01-23,3,3.9,3.96
9167,Студент 9167,ББМО-01-23,4,3.1,3.32
9168,Студент 9168,ББМО-01-23,1,3.2,3.4
9169,Студент 9169,ББМО-01-23,2,4.2,4.2
9170,Студент 9170,ББМО-01-23,3,3.8,3.88
9172,Студент 9172,ББМО-01-23,1,3.6,3.72
9173,Студент 9173,ББМО-01-23,2,4,4.04
9174,Студент 9174,ББМО-01-23,3,4.4,4.36
9175,Студент 9175,ББМО-01-23,4,5,4.84
9176,Студент 9176,ББМО-01-23,1,3.8,3.88
9178,Студент 9178,ББМО-01-23,3,4.4,4.36
9181,Студент 9181,ББМО-01-23,2,3.6,3.72
9182,Студент 9182,ББМО-01-23,3,4.5,4.44
9183,Студент 9183,ББМО-01-23,4,4.3,4.28
9186,Студент 9186,ББМО-01-23,3,3.2,3.4
9187,Студент 9187,ББМО-01-23,4,4.2,4.2
9188,Студент 9188,ББМО-01-23,1,3.3,3.48
9189,Студент 9189,ББМО-01-23,2,3.3,3.48
9190,Студент 9190,ББМО-01-23,3,4.9,4.76
9192,Студент 9192,ББМО-01-23,1,3.4,3.56
9193,Студент 9193,ББМО-01-23,2,3.3,3.48
9195,Студент 9195,ББМО-01-23,4,4.1,4.12
9196,Студент 9196,ББМО-01-23,1,4.9,4.76
9197,Студент 9197,ББМО-01-23,2,3.6,3.72
9198,Студент 9198,ББМО-01-23,3,4.1,4.12
9201,Студент 9201,ББМО-01-23,2,5,4.84
9202,Студент 9202,ББМО-01-23,3,3.8,3.88
9205,Студент 9205,ББМО-01-23,2,4.5,4.44
9206,Студент 9206,ББМО-01-23,3,3.8,3.88
9208,Студент 9208,ББМО-01-23,1,3.1,3.32
9210,Студент 9210,ББМО-01-23,3,4.8,4.68
9213,Студент 9213,ББМО-01-23,2,3.4,3.56
9214,Студент 9214,ББМО-01-23,3,3.2,3.4
9216,Студент 9216,ББМО-01-23,1,4.8,4.68
9221,Студент 9221,ББМО-01-23,2,3.5,3.64
9222,Студент 9222,ББМО-01-23,3,4.6,4.52
9223,Студент 9223,ББМО-01-23,4,4,4.04
9225,Студент 9225,ББМО-01-23,2,3.7,3.8
9226,Студент 9226,ББМО-01-23,3,4,4.04
9227,Студент 9227,ББМО-01-23,4,3.1,3.32
9228,Студент 9228,ББМО-01-23,1,3.3,3.48
9230,Студент 9230,ББМО-01-23,3,3.8,3.88
9231,Студент 9231,ББМО-01-23,4,4,4.04
9232,Студент 9232,ББМО-01-23,1,4.4,4.36
9235,Студент 9235,ББМО-01-23,4,3.1,3.32
9236,Студент 9236,ББМО-01-23,1,4.3,4.28
9238,Студент 9238,ББМО-01-23,3,4,4.04
9239,Студент 9239,ББМО-01-23,4,3.6,3.72
9241,Студент 9241,ББМО-01-23,2,4.3,4.28
9242,Студент 9242,ББМО-01-23,3,3.2,3.4
9243,Студент 9243,ББМО-01-23,4,3.7,3.8
9244,Студент 9244,ББМО-01-23,1,4.3,4.28
9245,Студент 9245,ББМО-01-23,2,3.8,3.88
9246,Студент 9246,ББМО-01-23,3,3.5,3.64
9249,Студент 9249,ББМО-01-23,2,5,4.84
9250,Студент 9250,ББМО-01-23,3,3.8,3.88
9252,Студент 9252,ББМО-01-23,1,4.5,4.44
9253,Студент 9253,ББМО-01-23,2,4.5,4.44
9254,Студент 9254,ББМО-01-23,3,3.4,3.56
9258,Студент 9258,ББМО-01-23,3,4.1,4.12
9260,Студент 9260,ББМО-01-23,1,3.7,3.8
9261,Студент 9261,ББМО-01-23,2,4.7,4.6
9262,Студент 9262,ББМО-01-23,3,4.4,4.36
9263,Студент 9263,ББМО-01-23,4,3.6,3.72
9264,Студент 9264,ББМО-01-23,1,3.6,3.72
9265,Студент 9265,ББМО-01-23,2,3.5,3.64
9267,Студент 9267,ББМО-01-23,4,4,4.04
9268,Студент 9268,ББМО-01-23,1,4.4,4.36
9269,Студент 9269,ББМО-01-23,2,3.5,3.64
9270,Студент 9270,ББМО-01-23,3,3.9,3.96
9271,Студент 9271,ББМО-01-23,4,3.2,3.4
9272,Студент 9272,ББМО-01-23,1,4.6,4.52
9273,Студент 9273,ББМО-01-23,2,3.8,3.88
9274,Студент 9274,ББМО-01-23,3,4.8,4.68
9275,Студент 9275,ББМО-01-23,4,3.2,3.4
9276,Студент 9276,ББМО-01-23,1,4.2,4.2
9277,Студент 9277,ББМО-01-23,2,4.8,4.68
9279,Студент 9279,ББМО-01-23,4,3.3,3.48
9281,Студент 9281,ББМО-01-23,2,3.4,3.56
9282,Студент 9282,ББМО-01-23,3,4.9,4.76
9283,Студент 9283,ББМО-01-23,4,3.9,3.96
9284,Студент 9284,ББМО-01-23,1,3.5,3.64
9285,Студент 9285,ББМО-01-23,2,3.3,3.48
9286,Студент 9286,ББМО-01-23,3,4.4,4.36
9287,Студент 9287,ББМО-01-23,4,4.8,4.68
9293,Студент 9293,ББМО-01-23,2,3.5,3.64
9294,Студент 9294,ББМО-01-23,3,3.9,3.96
9295,Студент 9295,ББМО-01-23,4,4.6,4.52
9297,Студент 9297,ББМО-01-23,2,4.3,4.28
9299,Студент 9299,ББМО-01-23,4,3.6,3.72
9300,Студент 9300,ББМО-01-23,1,3.9,3.96
9301,Студент 9301,ББМО-01-23,2,3.3,3.48
9302,Студент 9302,ББМО-01-23,3,4.9,4.76
9304,Студент 9304,ББМО-01-23,1,3.5,3.64
9305,Студент 9305,ББМО-01-23,2,3.9,3.96
9307,Студент 9307,ББМО-01-23,4,3.6,3.72
9308,Студент 9308,ББМО-01-23,1,3.1,3.32
9309,Студент 9309,ББМО-01-23,2,4,4.04
9310,Студент 9310,ББМО-01-23,3,4.5,4.44
9311,Студент 9311,ББМО-01-23,4,3.1,3.32
9313,Студент 9313,ББМО-01-23,2,3.9,3.96
9314,Студент 9314,ББМО-01-23,3,4.5,4.44
9316,Студент 9316,ББМО-01-23,1,3.9,3.96
9317,Студент 9317,ББМО-01-23,2,3.4,3.56
9319,Студент 9319,ББМО-01-23,4,4.9,4.76
9320,Студент 9320,ББМО-01-23,1,3.4,3.56
9321,Студент 9321,ББМО-01-23,2,3.4,3.56
9322,Студент 9322,ББМО-01-23,3,4,4.04
9323,Студент 9323,ББМО-01-23,4,3.1,3.32
9324,Студент 9324,ББМО-01-23,1,4.5,4.44
9325,Студент 9325,ББМО-01-23,2,4.4,4.36
9326,Студент 9326,ББМО-01-23,3,3.1,3.32
9327,Студент 9327,ББМО-01-23,4,4.9,4.76
9329,Студент 9329,ББМО-01-23,2,4.1,4.12
9330,Студент 9330,ББМО-01-23,3,4.1,4.12
9331,Студент 9331,ББМО-01-23,4,4.7,4.6
9332,Студент 9332,ББМО-01-23,1,4.5,4.44
9333,Студент 9333,ББМО-01-23,2,3.9,3.96
9334,Студент 9334,ББМО-01-23,3,4.2,4.2
9335,Студент 9335,ББМО-01-23,4,4.5,4.44
9336,Студент 9336,ББМО-01-23,1,4.6,4.52
9338,Студент 9338,ББМО-01-23,3,4.1,4.12
9342,Студент 9342,ББМО-01-23,3,4.7,4.6
9343,Студент 9343,ББМО-01-23,4,3.3,3.48
9344,Студент 9344,ББМО-01-23,1,3.7,3.8
9345,Студент 9345,ББМО-01-23,2,4.6,4.52
9346,Студент 9346,ББМО-01-23,3,3.2,3.4
9349,Студент 9349,ББМО-01-23,2,3.1,3.32
9352,Студент 9352,ББМО-01-23,1,3.3,3.48
9353,Студент 9353,ББМО-01-23,2,4,4.04
9354,Студент 9354,ББМО-01-23,3,3.8,3.88
9355,Студент 9355,ББМО-01-23,4,3.8,3.88
9356,Студент 9356,ББМО-01-23,1,3.3,3.48
9358,Студент 9358,ББМО-01-23,3,4.7,4.6
9360,Студент 9360,ББМО-01-23,1,3.8,3.88
9363,Студент 9363,ББМО-01-23,4,3.5,3.64
9367,Студент 9367,ББМО-01-23,4,4.7,4.6
9369,Студент 9369,ББМО-01-23,2,3.7,3.8
9371,Студент 9371,ББМО-01-23,4,4.3,4.28
9374,Студент 9374,ББМО-01-23,3,4.8,4.68
9375,Студент 9375,ББМО-01-23,4,3.7,3.8
9377,Студент 9377,ББМО-01-23,2,3.1,3.32
9378,Студент 9378,ББМО-01-23,3,4,4.04
9379,Студент 9379,ББМО-01-23,4,3.3,3.48
9380,Студент 9380,ББМО-01-23,1,4,4.04
9381,Студент 9381,ББМО-01-23,2,3.3,3.48
9382,Студент 9382,ББМО-01-23,3,4.4,4.36
9386,Студент 9386,ББМО-01-23,3,3.4,3.56
9389,Студент 9389,ББМО-01-23,2,4.2,4.2
9390,Студент 9390,ББМО-01-23,3,3.1,3.32
9393,Студент 9393,ББМО-01-23,2,3.6,3.72
9395,Студент 9395,ББМО-01-23,4,3.9,3.96
9396,Студент 9396,ББМО-01-23,1,4.3,4.28
9398,Студент 9398,ББМО-01-23,3,4.3,4.28
9399,Студент 9399,ББМО-01-23,4,4.3,4.28
9400,Студент 9400,ББМО-01-23,1,4.5,4.44
9401,Студент 9401,ББМО-01-23,2,3.4,3.56
9404,Студент 9404,ББМО-01-23,1,4.2,4.2
9405,Студент 9405,ББМО-01-23,2,4.3,4.28
9406,Студент 9406,ББМО-01-23,3,3.2,3.4
9407,Студент 9407,ББМО-01-23,4,3.9,3.96
9408,Студент 9408,ББМО-01-23,1,3.2,3.4
9409,Студент 9409,ББМО-01-23,2,4.9,4.76
9410,Студент 9410,ББМО-01-23,3,4.3,4.28
9411,Студент 9411,ББМО-01-23,4,3.3,3.48
9412,Студент 9412,ББМО-01-23,1,4.2,4.2
9414,Студент 9414,ББМО-01-23,3,4.1,4.12
9415,Студент 9415,ББМО-01-23,4,4.5,4.44
9416,Студент 9416,ББМО-01-23,1,4,4.04
9417,Студент 9417,ББМО-01-23,2,3.1,3.32
9418,Студент 9418,ББМО-01-23,3,4.5,4.44
9419,Студент 9419,ББМО-01-23,4,3.2,3.4
9420,Студент 9420,ББМО-01-23,1,4.3,4.28
9422,Студент 9422,ББМО-01-23,3,4.9,4.76
9423,Студент 9423,ББМО-01-23,4,4.9,4.76
9424,Студент 9424,ББМО-01-23,1,4.5,4.44
9425,Студент 9425,ББМО-01-23,2,3.8,3.88
9426,Студент 9426,ББМО-01-23,3,4.8,4.68
9427,Студент 9427,ББМО-01-23,4,5,4.84
9432,Студент 9432,ББМО-01-23,1,3.8,3.88
9434,Студент 9434,ББМО-01-23,3,4.8,4.68
9435,Студент 9435,ББМО-01-23,4,4.7,4.6
9437,Студент 9437,ББМО-01-23,2,5,4.84
9438,Студент 9438,ББМО-01-23,3,4.5,4.44
9439,Студент 9439,ББМО-01-23,4,3.1,3.32
9442,Студент 9442,ББМО-01-23,3,4.9,4.76
9443,Студент 9443,ББМО-01-23,4,4.2,4.2
9444,Студент 9444,ББМО-01-23,1,4.5,4.44
9445,Студент 9445,ББМО-01-23,2,4.7,4.6
9447,Студент 9447,ББМО-01-23,4,3.2,3.4
9449,Студент 9449,ББМО-01-23,2,5,4.84
9450,Студент 9450,ББМО-01-23,3,4.7,4.6
9451,Студент 9451,ББМО-01-23,4,4.1,4.12
9453,Студент 9453,ББМО-01-23,2,4,4.04
9459,Студент 9459,ББМО-01-23,4,4.2,4.2
9460,Студент 9460,ББМО-01-23,1,4.8,4.68
9461,Студент 9461,ББМО-01-23,2,4.5,4.44
9463,Студент 9463,ББМО-01-23,4,4.9,4.76
9464,Студент 9464,ББМО-01-23,1,4.3,4.28
9467,Студент 9467,ББМО-01-23,4,3.9,3.96
9468,Студент 9468,ББМО-01-23,1,3.9,3.96
9469,Студент 9469,ББМО-01-23,2,5,4.84
9471,Студент 9471,ББМО-01-23,4,5,4.84
9473,Студент 9473,ББМО-01-23,2,4.2,4.2
9475,Студент 9475,ББМО-01-23,4,4.6,4.52
9476,Студент 9476,ББМО-01-23,1,4.4,4.36
9477,Студент 9477,ББМО-01-23,2,4.8,4.68
9478,Студент 9478,ББМО-01-23,3,4.7,4.6
9480,Студент 9480,ББМО-01-23,1,4.4,4.36
9481,Студент 9481,ББМО-01-23,2,4.5,4.44
9482,Студент 9482,ББМО-01-23,3,3.5,3.64
9483,Студент 9483,ББМО-01-23,4,3.3,3.48
9484,Студент 9484,ББМО-01-23,1,3.6,3.72
9485,Студент 9485,ББМО-01-23,2,3.7,3.8
9487,Студент 9487,ББМО-01-23,4,4.4,4.36
9488,Студент 9488,ББМО-01-23,1,3.3,3.48
9489,Студент 9489,ББМО-01-23,2,4.6,4.52
9491,Студент 9491,ББМО-01-23,4,4.7,4.6
9494,Студент 9494,ББМО-01-23,3,4.3,4.28
9496,Студент 9496,ББМО-01-23,1,4.6,4.52
9497,Студент 9497,ББМО-01-23,2,3.1,3.32
9499,Студент 9499,ББМО-01-23,4,3.3,3.48
9500,Студент 9500,ББМО-01-23,1,4.4,4.36
9502,Студент 9502,ББМО-01-23,3,4.3,4.28
9503,Студент 9503,ББМО-01-23,4,3.5,3.64
9504,Студент 9504,ББМО-01-23,1,4.5,4.44
9505,Студент 9505,ББМО-01-23,2,3.2,3.4
9506,Студент 9506,ББМО-01-23,3,4.3,4.28
9508,Студент 9508,ББМО-01-23,1,4.7,4.6
9510,Студент 9510,ББМО-01-23,3,4.6,4.52
9511,Студент 9511,ББМО-01-23,4,3.9,3.96
9514,Студент 9514,ББМО-01-23,3,3.3,3.48
9516,Студент 9516,ББМО-01-23,1,3.5,3.64
9517,Студент 9517,ББМО-01-23,2,3.2,3.4
9519,Студент 9519,ББМО-01-23,4,3.8,3.88
9521,Студент 9521,ББМО-01-23,2,4.7,4.6
9522,Студент 9522,ББМО-01-23,3,3.1,3.32
9523,Студент 9523,ББМО-01-23,4,4.6,4.52
9524,Студент 9524,ББМО-01-23,1,4,4.04
9525,Студент 9525,ББМО-01-23,2,4.3,4.28
9526,Студент 9526,ББМО-01-23,3,4.4,4.36
9527,Студент 9527,ББМО-01-23,4,3.2,3.4
9528,Студент 9528,ББМО-01-23,1,3.1,3.32
9530,Студент 9530,ББМО-01-23,3,3.1,3.32
9532,Студент 9532,ББМО-01-23,1,3.1,3.32
9533,Студент 9533,ББМО-01-23,2,3.8,3.88
9534,Студент 9534,ББМО-01-23,3,4.2,4.2
9535,Студент 9535,ББМО-01-23,4,4.6,4.52
9536,Студент 9536,ББМО-01-23,1,4.3,4.28
9537,Студент 9537,ББМО-01-23,2,4.1,4.12
9538,Студент 9538,ББМО-01-23,3,3.8,3.88
9539,Студент 9539,ББМО-01-23,4,4.4,4.36
9540,Студент 9540,ББМО-01-23,1,3.6,3.72
9542,Студент 9542,ББМО-01-23,3,4.5,4.44
9543,Студент 9543,ББМО-01-23,4,3.7,3.8
9544,Студент 9544,ББМО-01-23,1,3.9,3.96
9545,Студент 9545,ББМО-01-23,2,3.7,3.8
9546,Студент 9546,ББМО-01-23,3,4,4.04
9547,Студент 9547,ББМО-01-23,4,4.2,4.2
9548,Студент 9548,ББМО-01-23,1,4.5,4.44
9549,Студент 9549,ББМО-01-23,2,4.8,4.68
9550,Студент 9550,ББМО-01-23,3,4.8,4.68
9551,Студент 9551,ББМО-01-23,4,4.6,4.52
9552,Студент 9552,ББМО-01-23,1,4,4.04
9553,Студент 9553,ББМО-01-23,2,3.3,3.48
9556,Студент 9556,ББМО-01-23,1,5,4.84
9558,Студент 9558,ББМО-01-23,3,3.3,3.48
9559,Студент 9559,ББМО-01-23,4,4.5,4.44
9561,Студент 9561,ББМО-01-23,2,3.5,3.64
9562,Студент 9562,ББМО-01-23,3,3.9,3.96
9564,Студент 9564,ББМО-01-23,1,3.8,3.88
9565,Студент 9565,ББМО-01-23,2,4.1,4.12
9569,Студент 9569,ББМО-01-23,2,4.1,4.12
9573,Студент 9573,ББМО-01-23,2,3.7,3.8
9576,Студент 9576,ББМО-01-23,1,3.4,3.56
9579,Студент 9579,ББМО-01-23,4,3.1,3.32
9581,Студент 9581,ББМО-01-23,2,3.7,3.8
9582,Студент 9582,ББМО-01-23,3,3.3,3.48
9583,Студент 9583,ББМО-01-23,4,3.5,3.64
9584,Студент 9584,ББМО-01-23,1,3.4,3.56
9585,Студент 9585,ББМО-01-23,2,3.3,3.48
9586,Студент 9586,ББМО-01-23,3,4.3,4.28
9588,Студент 9588,ББМО-01-23,1,4,4.04
9589,Студент 9589,ББМО-01-23,2,3.8,3.88
9590,Студент 9590,ББМО-01-23,3,3.2,3.4
9593,Студент 9593,ББМО-01-23,2,4.8,4.68
9594,Студент 9594,ББМО-01-23,3,3.4,3.56
9596,Студент 9596,ББМО-01-23,1,3.6,3.72
9597,Студент 9597,ББМО-01-23,2,4.9,4.76
9599,Студент 9599,ББМО-01-23,4,3.5,3.64
9601,Студент 9601,ББМО-01-23,2,4.7,4.6
9602,Студент 9602,ББМО-01-23,3,3.5,3.64
9606,Студент 9606,ББМО-01-23,3,3.3,3.48
9607,Студент 9607,ББМО-01-23,4,4.7,4.6
9609,Студент 9609,ББМО-01-23,2,4.2,4.2
9610,Студент 9610,ББМО-01-23,3,4.6,4.52
9614,Студент 9614,ББМО-01-23,3,4.6,4.52
9615,Студент 9615,ББМО-01-23,4,4,4.04
9616,Студент 9616,ББМО-01-23,1,3.3,3.48
9617,Студент 9617,ББМО-01-23,2,3.2,3.4
9618,Студент 9618,ББМО-01-23,3,3.4,3.56
9621,Студент 9621,ББМО-01-23,2,4.4,4.36
9623,Студент 9623,ББМО-01-23,4,4.9,4.76
9624,Студент 9624,ББМО-01-23,1,5,4.84
9625,Студент 9625,ББМО-01-23,2,4.4,4.36
9629,Студент 9629,ББМО-01-23,2,3.1,3.32
9630,Студент 9630,ББМО-01-23,3,3.7,3.8
9632,Студент 9632,ББМО-01-23,1,4.9,4.76
9634,Студент 9634,ББМО-01-23,3,4.9,4.76
9635,Студент 9635,ББМО-01-23,4,4.6,4.52
9638,Студент 9638,ББМО-01-23,3,3.3,3.48
9643,Студент 9643,ББМО-01-23,4,3.5,3.64
9647,Студент 9647,ББМО-01-23,4,4,4.04
9650,Студент 9650,ББМО-01-23,3,5,4.84
9655,Студент 9655,ББМО-01-23,4,3.9,3.96
9659,Студент 9659,ББМО-01-23,4,3.4,3.56
9660,Студент 9660,ББМО-01-23,1,4.8,4.68
9662,Студент 9662,ББМО-01-23,3,3.1,3.32
9663,Студент 9663,ББМО-01-23,4,4.6,4.52
9665,Студент 9665,ББМО-01-23,2,3.2,3.4
9668,Студент 9668,ББМО-01-23,1,3.2,3.4
9673,Студент 9673,ББМО-01-23,2,3.1,3.32
9675,Студент 9675,ББМО-01-23,4,4,4.04
9677,Студент 9677,ББМО-01-23,2,5,4.84
9679,Студент 9679,ББМО-01-23,4,3.8,3.88
9680,Студент 9680,ББМО-01-23,1,3.6,3.72
9682,Студент 9682,ББМО-01-23,3,3.4,3.56
9685,Студент 9685,ББМО-01-23,2,3.9,3.96
9686,Студент 9686,ББМО-01-23,3,4.6,4.52
9687,Студент 9687,ББМО-01-23,4,3.3,3.48
9688,Студент 9688,ББМО-01-23,1,4.8,4.68
9691,Студент 9691,ББМО-01-23,4,4,4.04
9692,Студент 9692,ББМО-01-23,1,3.8,3.88
9693,Студент 9693,ББМО-01-23,2,3.3,3.48
9694,Студент 9694,ББМО-01-23,3,4.3,4.28
9695,Студент 9695,ББМО-01-23,4,4.3,4.28
9697,Студент 9697,ББМО-01-23,2,3.4,3.56
9701,Студент 9701,ББМО-01-23,2,4.3,4.28
9702,Студент 9702,ББМО-01-23,3,3.1,3.32
9703,Студент 9703,ББМО-01-23,4,4.7,4.6
9705,Студент 9705,ББМО-01-23,2,4.4,4.36
9707,Студент 9707,ББМО-01-23,4,4.2,4.2
9708,Студент 9708,ББМО-01-23,1,4.9,4.76
9710,Студент 9710,ББМО-01-23,3,4.7,4.6
9711,Студент 9711,ББМО-01-23,4,4,4.04
9712,Студент 9712,ББМО-01-23,1,4,4.04
9713,Студент 9713,ББМО-01-23,2,3.7,3.8
9714,Студент 9714,ББМО-01-23,3,3.2,3.4
9715,Студент 9715,ББМО-01-23,4,4.8,4.68
9716,Студент 9716,ББМО-01-23,1,4.4,4.36
9717,Студент 9717,ББМО-01-23,2,3.9,3.96
9719,Студент 9719,ББМО-01-23,4,4.4,4.36
9723,Студент 9723,ББМО-01-23,4,4.9,4.76
9724,Студент 9724,ББМО-01-23,1,3.6,3.72
9725,Студент 9725,ББМО-01-23,2,4.1,4.12
9726,Студент 9726,ББМО-01-23,3,3.6,3.72
9728,Студент 9728,ББМО-01-23,1,4.9,4.76
9731,Студент 9731,ББМО-01-23,4,4.8,4.68
9732,Студент 9732,ББМО-01-23,1,3.7,3.8
9733,Студент 9733,ББМО-01-23,2,4.7,4.6
9734,Студент 9734,ББМО-01-23,3,4.7,4.6
9735,Студент 9735,ББМО-01-23,4,4.2,4.2
9736,Студент 9736,ББМО-01-23,1,4.6,4.52
9737,Студент 9737,ББМО-01-23,2,4.9,4.76
9738,Студент 9738,ББМО-01-23,3,3.3,3.48
9741,Студент 9741,ББМО-01-23,2,3.4,3.56
9744,Студент 9744,ББМО-01-23,1,4.4,4.36
9746,Студент 9746,ББМО-01-23,3,4.1,4.12
9748,Студент 9748,ББМО-01-23,1,4.5,4.44
9749,Студент 9749,ББМО-01-23,2,3.5,3.64
9750,Студент 9750,ББМО-01-23,3,4.9,4.76
9751,Студент 9751,ББМО-01-23,4,5,4.84
9752,Студент 9752,ББМО-01-23,1,4.7,4.6
9754,Студент 9754,ББМО-01-23,3,5,4.84
9756,Студент 9756,ББМО-01-23,1,3.1,3.32
9757,Студент 9757,ББМО-01-23,2,4.9,4.76
9758,Студент 9758,ББМО-01-23,3,3.2,3.4
9759,Студент 9759,ББМО-01-23,4,3.7,3.8
9760,Студент 9760,ББМО-01-23,1,3.8,3.88
9761,Студент 9761,ББМО-01-23,2,4.7,4.6
9762,Студент 9762,ББМО-01-23,3,3.1,3.32
9763,Студент 9763,ББМО-01-23,4,3.1,3.32
9764,Студент 9764,ББМО-01-23,1,3.7,3.8
9765,Студент 9765,ББМО-01-23,2,4.6,4.52
9766,Студент 9766,ББМО-01-23,3,4.6,4.52
9767,Студент 9767,ББМО-01-23,4,4.5,4.44
9769,Студент 9769,ББМО-01-23,2,3.4,3.56
9770,Студент 9770,ББМО-01-23,3,3.5,3.64
9773,Студент 9773,ББМО-01-23,2,3.1,3.32
9774,Студент 9774,ББМО-01-23,3,3.6,3.72
9777,Студент 9777,ББМО-01-23,2,3.5,3.64
9778,Студент 9778,ББМО-01-23,3,3.1,3.32
9779,Студент 9779,ББМО-01-23,4,4.9,4.76
9780,Студент 9780,ББМО-01-23,1,4.1,4.12
9781,Студент 9781,ББМО-01-23,2,3.3,3.48
9783,Студент 9783,ББМО-01-23,4,4.7,4.6
9784,Студент 9784,ББМО-01-23,1,4.5,4.44
9785,Студент 9785,ББМО-01-23,2,4.3,4.28
9788,Студент 9788,ББМО-01-23,1,4.9,4.76
9789,Студент 9789,ББМО-01-23,2,4.3,4.28
9790,Студент 9790,ББМО-01-23,3,3.4,3.56
9792,Студент 9792,ББМО-01-23,1,4.6,4.52
9796,Студент 9796,ББМО-01-23,1,3.4,3.56
9797,Студент 9797,ББМО-01-23,2,4,4.04
9798,Студент 9798,ББМО-01-23,3,4.7,4.6
9800,Студент 9800,ББМО-01-23,1,3.3,3.48
9802,Студент 9802,ББМО-01-23,3,5,4.84
9804,Студент 9804,ББМО-01-23,1,4.8,4.68
9805,Студент 9805,ББМО-01-23,2,3.4,3.56
9806,Студент 9806,ББМО-01-23,3,3.6,3.72
9807,Студент 9807,ББМО-01-23,4,4.2,4.2
9811,Студент 9811,ББМО-01-23,4,3.6,3.72
9812,Студент 9812,ББМО-01-23,1,4.4,4.36
9813,Студент 9813,ББМО-01-23,2,4.4,4.36
9818,Студент 9818,ББМО-01-23,3,3.3,3.48
9819,Студент 9819,ББМО-01-23,4,3.8,3.88
9820,Студент 9820,ББМО-01-23,1,3.3,3.48
9822,Студент 9822,ББМО-01-23,3,4.5,4.44
9823,Студент 9823,ББМО-01-23,4,3.2,3.4
9824,Студент 9824,ББМО-01-23,1,4.7,4.6
9825,Студент 9825,ББМО-01-23,2,4.8,4.68
9826,Студент 9826,ББМО-01-23,3,4.2,4.2
9828,Студент 9828,ББМО-01-23,1,3.7,3.8
9829,Студент 9829,ББМО-01-23,2,4,4.04
9830,Студент 9830,ББМО-01-23,3,4.3,4.28
9831,Студент 9831,ББМО-01-23,4,4,4.04
9834,Студент 9834,ББМО-01-23,3,4.4,4.36
9838,Студент 9838,ББМО-01-23,3,4,4.04
9839,Студент 9839,ББМО-01-23,4,4.9,4.76
9840,Студент 9840,ББМО-01-23,1,4.8,4.68
9841,Студент 9841,ББМО-01-23,2,3.8,3.88
9842,Студент 9842,ББМО-01-23,3,3.7,3.8
9843,Студент 9843,ББМО-01-23,4,4.1,4.12
9846,Студент 9846,ББМО-01-23,3,3.3,3.48
9849,Студент 9849,ББМО-01-23,2,4.1,4.12
9850,Студент 9850,ББМО-01-23,3,4.2,4.2
9851,Студент 9851,ББМО-01-23,4,3.3,3.48
9852,Студент 9852,ББМО-01-23,1,4.3,4.28
9853,Студент 9853,ББМО-01-23,2,3.4,3.56
9857,Студент 9857,ББМО-01-23,2,5,4.84
9858,Студент 9858,ББМО-01-23,3,4.6,4.52
9860,Студент 9860,ББМО-01-23,1,4.1,4.12
9861,Студент 9861,ББМО-01-23,2,4.6,4.52
9866,Студент 9866,ББМО-01-23,3,3.2,3.4
9867,Студент 9867,ББМО-01-23,4,4.7,4.6
9868,Студент 9868,ББМО-01-23,1,4.1,4.12
9869,Студент 9869,ББМО-01-23,2,4.7,4.6
9871,Студент 9871,ББМО-01-23,4,4.5,4.44
9873,Студент 9873,ББМО-01-23,2,3.6,3.72
9874,Студент 9874,ББМО-01-23,3,4.7,4.6
9877,Студент 9877,ББМО-01-23,2,3.9,3.96
9879,Студент 9879,ББМО-01-23,4,4.6,4.52
9881,Студент 9881,ББМО-01-23,2,4.6,4.52
9882,Студент 9882,ББМО-01-23,3,3.5,3.64
9883,Студент 9883,ББМО-01-23,4,3.1,3.32
9887,Студент 9887,ББМО-01-23,4,3.4,3.56
9888,Студент 9888,ББМО-01-23,1,3.9,3.96
9889,Студент 9889,ББМО-01-23,2,3.3,3.48
9890,Студент 9890,ББМО-01-23,3,4.1,4.12
9892,Студент 9892,ББМО-01-23,1,3.1,3.32
9893,Студент 9893,ББМО-01-23,2,4.2,4.2
9894,Студент 9894,ББМО-01-23,3,4.1,4.12
9895,Студент 9895,ББМО-01-23,4,3.3,3.48
9897,Студент 9897,ББМО-01-23,2,4.4,4.36
9899,Студент 9899,ББМО-01-23,4,4.2,4.2
9900,Студент 9900,ББМО-01-23,1,3.3,3.48
9901,Студент 9901,ББМО-01-23,2,3.9,3.96
9903,Студент 9903,ББМО-01-23,4,4.4,4.36
9904,Студент 9904,ББМО-01-23,1,3.6,3.72
9907,Студент 9907,ББМО-01-23,4,4,4.04
9910,Студент 9910,ББМО-01-23,3,4.4,4.36
9911,Студент 9911,ББМО-01-23,4,4.7,4.6
9912,Студент 9912,ББМО-01-23,1,4.2,4.2
9914,Студент 9914,ББМО-01-23,3,4.6,4.52
9915,Студент 9915,ББМО-01-23,4,4.8,4.68
9916,Студент 9916,ББМО-01-23,1,4.7,4.6
9918,Студент 9918,ББМО-01-23,3,4.7,4.6
9919,Студент 9919,ББМО-01-23,4,4,4.04
9920,Студент 9920,ББМО-01-23,1,3.9,3.96
9921,Студент 9921,ББМО-01-23,2,3.6,3.72
9922,Студент 9922,ББМО-01-23,3,4.4,4.36
9923,Студент 9923,ББМО-01-23,4,3.2,3.4
9925,Студент 9925,ББМО-01-23,2,4.5,4.44
9926,Студент 9926,ББМО-01-23,3,3.3,3.48
9928,Студент 9928,ББМО-01-23,1,4.7,4.6
9930,Студент 9930,ББМО-01-23,3,3.6,3.72
9932,Студент 9932,ББМО-01-23,1,4.7,4.6
9934,Студент 9934,ББМО-01-23,3,4.4,4.36
9939,Студент 9939,ББМО-01-23,4,4.7,4.6
9941,Студент 9941,ББМО-01-23,2,4.1,4.12
9943,Студент 9943,ББМО-01-23,4,4.6,4.52
9947,Студент 9947,ББМО-01-23,4,3.1,3.32
9948,Студент 9948,ББМО-01-23,1,4.9,4.76
9949,Студент 9949,ББМО-01-23,2,4.7,4.6
9950,Студент 9950,ББМО-01-23,3,4.1,4.12
9952,Студент 9952,ББМО-01-23,1,3.9,3.96
9953,Студент 9953,ББМО-01-23,2,3.9,3.96
9954,Студент 9954,ББМО-01-23,3,3.4,3.56
9956,Студент 9956,ББМО-01-23,1,4.1,4.12
9957,Студент 9957,ББМО-01-23,2,4.8,4.68
9958,Студент 9958,ББМО-01-23,3,3.3,3.48
9960,Студент 9960,ББМО-01-23,1,3.9,3.96
9963,Студент 9963,ББМО-01-23,4,4.3,4.28
9964,Студент 9964,ББМО-01-23,1,3.4,3.56
9965,Студент 9965,ББМО-01-23,2,3.9,3.96
9966,Студент 9966,ББМО-01-23,3,3.4,3.56
9969,Студент 9969,ББМО-01-23,2,4.5,4.44
9970,Студент 9970,ББМО-01-23,3,3.2,3.4
9971,Студент 9971,ББМО-01-23,4,3.8,3.88
9972,Студент 9972,ББМО-01-23,1,4.8,4.68
9973,Студент 9973,ББМО-01-23,2,3.2,3.4
9974,Студент 9974,ББМО-01-23,3,4.9,4.76
9976,Студент 9976,ББМО-01-23,1,3.9,3.96
9981,Студент 9981,ББМО-01-23,2,4.3,4.28
9982,Студент 9982,ББМО-01-23,3,4.7,4.6
9983,Студент 9983,ББМО-01-23,4,3.1,3.32
9984,Студент 9984,ББМО-01-23,1,4.3,4.28
9985,Студент 9985,ББМО-01-23,2,4.6,4.52
9986,Студент 9986,ББМО-01-23,3,3.5,3.64
9987,Студент 9987,ББМО-01-23,4,4.7,4.6
9988,Студент 9988,ББМО-01-23,1,3.3,3.48
9989,Студент 9989,ББМО-01-23,2,4.9,4.76
9990,Студент 9990,ББМО-01-23,3,3.3,3.48
9992,Студент 9992,ББМО-01-23,1,4.6,4.52
9994,Студент 9994,ББМО-01-23,3,4.9,4.76
9995,Студент 9995,ББМО-01-23,4,4.2,4.2
9997,Студент 9997,ББМО-01-23,2,3.3,3.48
9998,Студент 9998,ББМО-01-23,3,3.1,3.32
9999,Студент 9999,ББМО-01-23,4,3.3,3.48
10000,Студент 10000,ББМО-01-23,1,3.3,3.48
